0,s0,43,c0,1,s0,47,c0,18,c1,33,c2,45,c3,112,.,0,.,0,.,0,.,0,.,0,.,0,.,0,.,0,.,0,.,0,.,0,.,0,.,0,.,0,.,0,.,0,.,0,.,0,.,0,.,0,.,0,.,0,.,0
0,s0,39,c0,1,s0,113,c0,1,s0,50,c0,79,c1,16,.,0,.,0,.,0,.,0,.,0,.,0,.,0,.,0,.,0,.,0,.,0,.,0,.,0,.,0,.,0,.,0,.,0,.,0,.,0,.,0,.,0,.,0,.,0
0,s0,18,c0,36,c1,37,c2,208,.,0,.,0,.,0,.,0,.,0,.,0,.,0,.,0,.,0,.,0,.,0,.,0,.,0,.,0,.,0,.,0,.,0,.,0,.,0,.,0,.,0,.,0,.,0,.,0,.,0,.,0
0,s0,299,.,0,.,0,.,0,.,0,.,0,.,0,.,0,.,0,.,0,.,0,.,0,.,0,.,0,.,0,.,0,.,0,.,0,.,0,.,0,.,0,.,0,.,0,.,0,.,0,.,0,.,0,.,0,.,0,.,0
0,s0,88,c0,211,.,0,.,0,.,0,.,0,.,0,.,0,.,0,.,0,.,0,.,0,.,0,.,0,.,0,.,0,.,0,.,0,.,0,.,0,.,0,.,0,.,0,.,0,.,0,.,0,.,0,.,0,.,0,.,0
0,s0,125,c0,1,s0,47,c0,1,s0,28,c0,51,c1,31,c3,15,.,0,.,0,.,0,.,0,.,0,.,0,.,0,.,0,.,0,.,0,.,0,.,0,.,0,.,0,.,0,.,0,.,0,.,0,.,0,.,0,.,0,.,0
0,s0,66,c0,1,s0,153,c0,1,c1,23,c2,55,.,0,.,0,.,0,.,0,.,0,.,0,.,0,.,0,.,0,.,0,.,0,.,0,.,0,.,0,.,0,.,0,.,0,.,0,.,0,.,0,.,0,.,0,.,0,.,0
0,s0,91,c0,72,c1,136,.,0,.,0,.,0,.,0,.,0,.,0,.,0,.,0,.,0,.,0,.,0,.,0,.,0,.,0,.,0,.,0,.,0,.,0,.,0,.,0,.,0,.,0,.,0,.,0,.,0,.,0,.,0
0,s0,42,c0,1,s0,22,c0,234,.,0,.,0,.,0,.,0,.,0,.,0,.,0,.,0,.,0,.,0,.,0,.,0,.,0,.,0,.,0,.,0,.,0,.,0,.,0,.,0,.,0,.,0,.,0,.,0,.,0,.,0
0,s0,97,m0,10,m1,22,m2,46,m3,39,m4,85,.,0,.,0,.,0,.,0,.,0,.,0,.,0,.,0,.,0,.,0,.,0,.,0,.,0,.,0,.,0,.,0,.,0,.,0,.,0,.,0,.,0,.,0,.,0,.,0
0,s0,141,c0,36,c1,122,.,0,.,0,.,0,.,0,.,0,.,0,.,0,.,0,.,0,.,0,.,0,.,0,.,0,.,0,.,0,.,0,.,0,.,0,.,0,.,0,.,0,.,0,.,0,.,0,.,0,.,0,.,0
0,s0,144,c0,53,c1,77,c2,25,.,0,.,0,.,0,.,0,.,0,.,0,.,0,.,0,.,0,.,0,.,0,.,0,.,0,.,0,.,0,.,0,.,0,.,0,.,0,.,0,.,0,.,0,.,0,.,0,.,0,.,0
0,s0,108,c0,39,c1,22,c2,130,.,0,.,0,.,0,.,0,.,0,.,0,.,0,.,0,.,0,.,0,.,0,.,0,.,0,.,0,.,0,.,0,.,0,.,0,.,0,.,0,.,0,.,0,.,0,.,0,.,0,.,0
0,s0,55,c0,1,s0,70,c0,31,c1,26,c2,58,c3,58,.,0,.,0,.,0,.,0,.,0,.,0,.,0,.,0,.,0,.,0,.,0,.,0,.,0,.,0,.,0,.,0,.,0,.,0,.,0,.,0,.,0,.,0,.,0
0,s0,299,.,0,.,0,.,0,.,0,.,0,.,0,.,0,.,0,.,0,.,0,.,0,.,0,.,0,.,0,.,0,.,0,.,0,.,0,.,0,.,0,.,0,.,0,.,0,.,0,.,0,.,0,.,0,.,0,.,0
0,s0,186,c0,113,.,0,.,0,.,0,.,0,.,0,.,0,.,0,.,0,.,0,.,0,.,0,.,0,.,0,.,0,.,0,.,0,.,0,.,0,.,0,.,0,.,0,.,0,.,0,.,0,.,0,.,0,.,0,.,0
0,s0,45,c0,1,s0,66,c0,1,s0,78,c0,1,s0,78,c0,29,.,0,.,0,.,0,.,0,.,0,.,0,.,0,.,0,.,0,.,0,.,0,.,0,.,0,.,0,.,0,.,0,.,0,.,0,.,0,.,0,.,0,.,0
0,s0,299,.,0,.,0,.,0,.,0,.,0,.,0,.,0,.,0,.,0,.,0,.,0,.,0,.,0,.,0,.,0,.,0,.,0,.,0,.,0,.,0,.,0,.,0,.,0,.,0,.,0,.,0,.,0,.,0,.,0
0,s0,103,c0,196,.,0,.,0,.,0,.,0,.,0,.,0,.,0,.,0,.,0,.,0,.,0,.,0,.,0,.,0,.,0,.,0,.,0,.,0,.,0,.,0,.,0,.,0,.,0,.,0,.,0,.,0,.,0,.,0
0,s0,112,c0,81,c1,106,.,0,.,0,.,0,.,0,.,0,.,0,.,0,.,0,.,0,.,0,.,0,.,0,.,0,.,0,.,0,.,0,.,0,.,0,.,0,.,0,.,0,.,0,.,0,.,0,.,0,.,0,.,0
0,s0,48,c0,1,s0,84,c0,54,c1,112,.,0,.,0,.,0,.,0,.,0,.,0,.,0,.,0,.,0,.,0,.,0,.,0,.,0,.,0,.,0,.,0,.,0,.,0,.,0,.,0,.,0,.,0,.,0,.,0,.,0
0,s0,299,.,0,.,0,.,0,.,0,.,0,.,0,.,0,.,0,.,0,.,0,.,0,.,0,.,0,.,0,.,0,.,0,.,0,.,0,.,0,.,0,.,0,.,0,.,0,.,0,.,0,.,0,.,0,.,0,.,0
0,s0,43,s1,7,m1,11,m2,89,m3,149,.,0,.,0,.,0,.,0,.,0,.,0,.,0,.,0,.,0,.,0,.,0,.,0,.,0,.,0,.,0,.,0,.,0,.,0,.,0,.,0,.,0,.,0,.,0,.,0,.,0
0,s0,195,c0,33,c1,71,.,0,.,0,.,0,.,0,.,0,.,0,.,0,.,0,.,0,.,0,.,0,.,0,.,0,.,0,.,0,.,0,.,0,.,0,.,0,.,0,.,0,.,0,.,0,.,0,.,0,.,0,.,0
0,s0,299,.,0,.,0,.,0,.,0,.,0,.,0,.,0,.,0,.,0,.,0,.,0,.,0,.,0,.,0,.,0,.,0,.,0,.,0,.,0,.,0,.,0,.,0,.,0,.,0,.,0,.,0,.,0,.,0,.,0
0,s0,61,c0,114,c1,124,.,0,.,0,.,0,.,0,.,0,.,0,.,0,.,0,.,0,.,0,.,0,.,0,.,0,.,0,.,0,.,0,.,0,.,0,.,0,.,0,.,0,.,0,.,0,.,0,.,0,.,0,.,0
0,s0,143,c0,34,c1,31,c2,91,.,0,.,0,.,0,.,0,.,0,.,0,.,0,.,0,.,0,.,0,.,0,.,0,.,0,.,0,.,0,.,0,.,0,.,0,.,0,.,0,.,0,.,0,.,0,.,0,.,0,.,0
0,s0,84,c0,36,c1,179,.,0,.,0,.,0,.,0,.,0,.,0,.,0,.,0,.,0,.,0,.,0,.,0,.,0,.,0,.,0,.,0,.,0,.,0,.,0,.,0,.,0,.,0,.,0,.,0,.,0,.,0,.,0
0,s0,59,s1,91,s2,64,s3,85,.,0,.,0,.,0,.,0,.,0,.,0,.,0,.,0,.,0,.,0,.,0,.,0,.,0,.,0,.,0,.,0,.,0,.,0,.,0,.,0,.,0,.,0,.,0,.,0,.,0,.,0
0,s0,299,.,0,.,0,.,0,.,0,.,0,.,0,.,0,.,0,.,0,.,0,.,0,.,0,.,0,.,0,.,0,.,0,.,0,.,0,.,0,.,0,.,0,.,0,.,0,.,0,.,0,.,0,.,0,.,0,.,0
0,s0,206,c0,15,c1,31,c2,47,.,0,.,0,.,0,.,0,.,0,.,0,.,0,.,0,.,0,.,0,.,0,.,0,.,0,.,0,.,0,.,0,.,0,.,0,.,0,.,0,.,0,.,0,.,0,.,0,.,0,.,0
0,s0,73,c0,1,s0,36,c0,1,s0,21,s1,85,c1,1,s1,21,s2,60,.,0,.,0,.,0,.,0,.,0,.,0,.,0,.,0,.,0,.,0,.,0,.,0,.,0,.,0,.,0,.,0,.,0,.,0,.,0,.,0,.,0
0,s0,146,s1,3,c1,1,s1,39,s2,90,m2,20,.,0,.,0,.,0,.,0,.,0,.,0,.,0,.,0,.,0,.,0,.,0,.,0,.,0,.,0,.,0,.,0,.,0,.,0,.,0,.,0,.,0,.,0,.,0,.,0
0,s0,8,c0,291,.,0,.,0,.,0,.,0,.,0,.,0,.,0,.,0,.,0,.,0,.,0,.,0,.,0,.,0,.,0,.,0,.,0,.,0,.,0,.,0,.,0,.,0,.,0,.,0,.,0,.,0,.,0,.,0
0,s0,93,c0,206,.,0,.,0,.,0,.,0,.,0,.,0,.,0,.,0,.,0,.,0,.,0,.,0,.,0,.,0,.,0,.,0,.,0,.,0,.,0,.,0,.,0,.,0,.,0,.,0,.,0,.,0,.,0,.,0
0,s0,8,c0,1,s0,47,c0,1,s0,13,c0,17,c1,27,c2,32,c3,19,c4,134,.,0,.,0,.,0,.,0,.,0,.,0,.,0,.,0,.,0,.,0,.,0,.,0,.,0,.,0,.,0,.,0,.,0,.,0,.,0,.,0
0,s0,87,c0,12,c1,20,c2,113,c3,44,c4,23,.,0,.,0,.,0,.,0,.,0,.,0,.,0,.,0,.,0,.,0,.,0,.,0,.,0,.,0,.,0,.,0,.,0,.,0,.,0,.,0,.,0,.,0,.,0,.,0
0,s0,116,c0,84,c1,44,c2,55,.,0,.,0,.,0,.,0,.,0,.,0,.,0,.,0,.,0,.,0,.,0,.,0,.,0,.,0,.,0,.,0,.,0,.,0,.,0,.,0,.,0,.,0,.,0,.,0,.,0,.,0
0,s0,71,c0,1,s0,75,c0,1,s0,36,s1,39,s2,76,.,0,.,0,.,0,.,0,.,0,.,0,.,0,.,0,.,0,.,0,.,0,.,0,.,0,.,0,.,0,.,0,.,0,.,0,.,0,.,0,.,0,.,0,.,0
0,s0,2,c0,21,c1,74,c2,31,c3,171,.,0,.,0,.,0,.,0,.,0,.,0,.,0,.,0,.,0,.,0,.,0,.,0,.,0,.,0,.,0,.,0,.,0,.,0,.,0,.,0,.,0,.,0,.,0,.,0,.,0
0,s0,299,.,0,.,0,.,0,.,0,.,0,.,0,.,0,.,0,.,0,.,0,.,0,.,0,.,0,.,0,.,0,.,0,.,0,.,0,.,0,.,0,.,0,.,0,.,0,.,0,.,0,.,0,.,0,.,0,.,0
0,s0,218,c0,40,c1,41,.,0,.,0,.,0,.,0,.,0,.,0,.,0,.,0,.,0,.,0,.,0,.,0,.,0,.,0,.,0,.,0,.,0,.,0,.,0,.,0,.,0,.,0,.,0,.,0,.,0,.,0,.,0
0,s0,299,.,0,.,0,.,0,.,0,.,0,.,0,.,0,.,0,.,0,.,0,.,0,.,0,.,0,.,0,.,0,.,0,.,0,.,0,.,0,.,0,.,0,.,0,.,0,.,0,.,0,.,0,.,0,.,0,.,0
0,s0,31,c0,83,c1,55,c2,130,.,0,.,0,.,0,.,0,.,0,.,0,.,0,.,0,.,0,.,0,.,0,.,0,.,0,.,0,.,0,.,0,.,0,.,0,.,0,.,0,.,0,.,0,.,0,.,0,.,0,.,0
0,s0,163,c0,136,.,0,.,0,.,0,.,0,.,0,.,0,.,0,.,0,.,0,.,0,.,0,.,0,.,0,.,0,.,0,.,0,.,0,.,0,.,0,.,0,.,0,.,0,.,0,.,0,.,0,.,0,.,0,.,0
0,s0,76,m0,1,s0,44,m0,15,m1,18,m2,145,.,0,.,0,.,0,.,0,.,0,.,0,.,0,.,0,.,0,.,0,.,0,.,0,.,0,.,0,.,0,.,0,.,0,.,0,.,0,.,0,.,0,.,0,.,0,.,0
0,s0,142,s1,42,m1,12,m2,55,m3,48,.,0,.,0,.,0,.,0,.,0,.,0,.,0,.,0,.,0,.,0,.,0,.,0,.,0,.,0,.,0,.,0,.,0,.,0,.,0,.,0,.,0,.,0,.,0,.,0,.,0
0,s0,35,c0,1,s0,24,c0,1,s0,16,s1,63,s2,159,.,0,.,0,.,0,.,0,.,0,.,0,.,0,.,0,.,0,.,0,.,0,.,0,.,0,.,0,.,0,.,0,.,0,.,0,.,0,.,0,.,0,.,0,.,0
0,s0,78,s1,45,s2,14,s3,162,.,0,.,0,.,0,.,0,.,0,.,0,.,0,.,0,.,0,.,0,.,0,.,0,.,0,.,0,.,0,.,0,.,0,.,0,.,0,.,0,.,0,.,0,.,0,.,0,.,0,.,0
0,s0,120,c0,148,c1,31,.,0,.,0,.,0,.,0,.,0,.,0,.,0,.,0,.,0,.,0,.,0,.,0,.,0,.,0,.,0,.,0,.,0,.,0,.,0,.,0,.,0,.,0,.,0,.,0,.,0,.,0,.,0
0,s0,84,c0,1,s0,53,c0,161,.,0,.,0,.,0,.,0,.,0,.,0,.,0,.,0,.,0,.,0,.,0,.,0,.,0,.,0,.,0,.,0,.,0,.,0,.,0,.,0,.,0,.,0,.,0,.,0,.,0,.,0
0,s0,81,c0,1,s0,30,s1,36,s2,129,c2,22,.,0,.,0,.,0,.,0,.,0,.,0,.,0,.,0,.,0,.,0,.,0,.,0,.,0,.,0,.,0,.,0,.,0,.,0,.,0,.,0,.,0,.,0,.,0,.,0
0,s0,151,s1,148,.,0,.,0,.,0,.,0,.,0,.,0,.,0,.,0,.,0,.,0,.,0,.,0,.,0,.,0,.,0,.,0,.,0,.,0,.,0,.,0,.,0,.,0,.,0,.,0,.,0,.,0,.,0,.,0
0,s0,85,c0,214,.,0,.,0,.,0,.,0,.,0,.,0,.,0,.,0,.,0,.,0,.,0,.,0,.,0,.,0,.,0,.,0,.,0,.,0,.,0,.,0,.,0,.,0,.,0,.,0,.,0,.,0,.,0,.,0
0,s0,82,c0,55,c1,46,c2,22,c3,94,.,0,.,0,.,0,.,0,.,0,.,0,.,0,.,0,.,0,.,0,.,0,.,0,.,0,.,0,.,0,.,0,.,0,.,0,.,0,.,0,.,0,.,0,.,0,.,0,.,0
0,s0,95,c0,58,c1,146,.,0,.,0,.,0,.,0,.,0,.,0,.,0,.,0,.,0,.,0,.,0,.,0,.,0,.,0,.,0,.,0,.,0,.,0,.,0,.,0,.,0,.,0,.,0,.,0,.,0,.,0,.,0
0,s0,299,.,0,.,0,.,0,.,0,.,0,.,0,.,0,.,0,.,0,.,0,.,0,.,0,.,0,.,0,.,0,.,0,.,0,.,0,.,0,.,0,.,0,.,0,.,0,.,0,.,0,.,0,.,0,.,0,.,0
0,s0,75,m0,25,m1,18,m2,120,m3,61,.,0,.,0,.,0,.,0,.,0,.,0,.,0,.,0,.,0,.,0,.,0,.,0,.,0,.,0,.,0,.,0,.,0,.,0,.,0,.,0,.,0,.,0,.,0,.,0,.,0
0,s0,38,s1,11,c1,9,c2,52,c3,189,.,0,.,0,.,0,.,0,.,0,.,0,.,0,.,0,.,0,.,0,.,0,.,0,.,0,.,0,.,0,.,0,.,0,.,0,.,0,.,0,.,0,.,0,.,0,.,0,.,0
0,s0,132,c0,37,c1,20,c2,46,c3,64,.,0,.,0,.,0,.,0,.,0,.,0,.,0,.,0,.,0,.,0,.,0,.,0,.,0,.,0,.,0,.,0,.,0,.,0,.,0,.,0,.,0,.,0,.,0,.,0,.,0
0,s0,60,m0,2,m1,29,m2,34,m3,56,m4,118,.,0,.,0,.,0,.,0,.,0,.,0,.,0,.,0,.,0,.,0,.,0,.,0,.,0,.,0,.,0,.,0,.,0,.,0,.,0,.,0,.,0,.,0,.,0,.,0
0,s0,78,m0,11,m1,48,m2,162,.,0,.,0,.,0,.,0,.,0,.,0,.,0,.,0,.,0,.,0,.,0,.,0,.,0,.,0,.,0,.,0,.,0,.,0,.,0,.,0,.,0,.,0,.,0,.,0,.,0,.,0
0,s0,68,s1,2,m1,14,m2,70,m3,38,m4,107,.,0,.,0,.,0,.,0,.,0,.,0,.,0,.,0,.,0,.,0,.,0,.,0,.,0,.,0,.,0,.,0,.,0,.,0,.,0,.,0,.,0,.,0,.,0,.,0
0,s0,46,c0,1,s0,25,c0,1,s0,40,c0,20,c1,41,c2,88,c3,37,.,0,.,0,.,0,.,0,.,0,.,0,.,0,.,0,.,0,.,0,.,0,.,0,.,0,.,0,.,0,.,0,.,0,.,0,.,0,.,0,.,0
0,s0,86,c0,1,s0,34,s1,69,c1,44,c2,39,c3,26,.,0,.,0,.,0,.,0,.,0,.,0,.,0,.,0,.,0,.,0,.,0,.,0,.,0,.,0,.,0,.,0,.,0,.,0,.,0,.,0,.,0,.,0,.,0
0,s0,74,c0,44,c1,28,c2,153,.,0,.,0,.,0,.,0,.,0,.,0,.,0,.,0,.,0,.,0,.,0,.,0,.,0,.,0,.,0,.,0,.,0,.,0,.,0,.,0,.,0,.,0,.,0,.,0,.,0,.,0
0,s0,56,c0,9,c1,25,c2,40,c3,169,.,0,.,0,.,0,.,0,.,0,.,0,.,0,.,0,.,0,.,0,.,0,.,0,.,0,.,0,.,0,.,0,.,0,.,0,.,0,.,0,.,0,.,0,.,0,.,0,.,0
0,s0,116,m0,11,m1,22,m2,71,m3,79,.,0,.,0,.,0,.,0,.,0,.,0,.,0,.,0,.,0,.,0,.,0,.,0,.,0,.,0,.,0,.,0,.,0,.,0,.,0,.,0,.,0,.,0,.,0,.,0,.,0
0,s0,27,c0,1,s0,49,c0,222,.,0,.,0,.,0,.,0,.,0,.,0,.,0,.,0,.,0,.,0,.,0,.,0,.,0,.,0,.,0,.,0,.,0,.,0,.,0,.,0,.,0,.,0,.,0,.,0,.,0,.,0
0,s0,164,c0,25,c1,16,c2,29,c3,65,.,0,.,0,.,0,.,0,.,0,.,0,.,0,.,0,.,0,.,0,.,0,.,0,.,0,.,0,.,0,.,0,.,0,.,0,.,0,.,0,.,0,.,0,.,0,.,0,.,0
0,s0,143,s1,156,.,0,.,0,.,0,.,0,.,0,.,0,.,0,.,0,.,0,.,0,.,0,.,0,.,0,.,0,.,0,.,0,.,0,.,0,.,0,.,0,.,0,.,0,.,0,.,0,.,0,.,0,.,0,.,0
0,s0,50,c0,43,c1,34,c2,172,.,0,.,0,.,0,.,0,.,0,.,0,.,0,.,0,.,0,.,0,.,0,.,0,.,0,.,0,.,0,.,0,.,0,.,0,.,0,.,0,.,0,.,0,.,0,.,0,.,0,.,0
0,s0,105,c0,15,c1,22,c2,157,.,0,.,0,.,0,.,0,.,0,.,0,.,0,.,0,.,0,.,0,.,0,.,0,.,0,.,0,.,0,.,0,.,0,.,0,.,0,.,0,.,0,.,0,.,0,.,0,.,0,.,0
0,s0,105,c0,20,c1,39,c2,135,.,0,.,0,.,0,.,0,.,0,.,0,.,0,.,0,.,0,.,0,.,0,.,0,.,0,.,0,.,0,.,0,.,0,.,0,.,0,.,0,.,0,.,0,.,0,.,0,.,0,.,0
0,s0,177,c0,43,c1,50,c2,29,.,0,.,0,.,0,.,0,.,0,.,0,.,0,.,0,.,0,.,0,.,0,.,0,.,0,.,0,.,0,.,0,.,0,.,0,.,0,.,0,.,0,.,0,.,0,.,0,.,0,.,0
0,s0,84,c0,1,s0,84,c0,58,c1,72,.,0,.,0,.,0,.,0,.,0,.,0,.,0,.,0,.,0,.,0,.,0,.,0,.,0,.,0,.,0,.,0,.,0,.,0,.,0,.,0,.,0,.,0,.,0,.,0,.,0
0,s0,80,c0,219,.,0,.,0,.,0,.,0,.,0,.,0,.,0,.,0,.,0,.,0,.,0,.,0,.,0,.,0,.,0,.,0,.,0,.,0,.,0,.,0,.,0,.,0,.,0,.,0,.,0,.,0,.,0,.,0
0,s0,65,c0,234,.,0,.,0,.,0,.,0,.,0,.,0,.,0,.,0,.,0,.,0,.,0,.,0,.,0,.,0,.,0,.,0,.,0,.,0,.,0,.,0,.,0,.,0,.,0,.,0,.,0,.,0,.,0,.,0
0,s0,299,.,0,.,0,.,0,.,0,.,0,.,0,.,0,.,0,.,0,.,0,.,0,.,0,.,0,.,0,.,0,.,0,.,0,.,0,.,0,.,0,.,0,.,0,.,0,.,0,.,0,.,0,.,0,.,0,.,0
0,s0,105,c0,38,c1,28,c2,46,c3,82,.,0,.,0,.,0,.,0,.,0,.,0,.,0,.,0,.,0,.,0,.,0,.,0,.,0,.,0,.,0,.,0,.,0,.,0,.,0,.,0,.,0,.,0,.,0,.,0,.,0
0,s0,68,c0,19,c1,17,c2,195,.,0,.,0,.,0,.,0,.,0,.,0,.,0,.,0,.,0,.,0,.,0,.,0,.,0,.,0,.,0,.,0,.,0,.,0,.,0,.,0,.,0,.,0,.,0,.,0,.,0,.,0
0,s0,71,c0,211,c1,17,.,0,.,0,.,0,.,0,.,0,.,0,.,0,.,0,.,0,.,0,.,0,.,0,.,0,.,0,.,0,.,0,.,0,.,0,.,0,.,0,.,0,.,0,.,0,.,0,.,0,.,0,.,0
0,s0,56,c0,243,.,0,.,0,.,0,.,0,.,0,.,0,.,0,.,0,.,0,.,0,.,0,.,0,.,0,.,0,.,0,.,0,.,0,.,0,.,0,.,0,.,0,.,0,.,0,.,0,.,0,.,0,.,0,.,0
0,s0,299,.,0,.,0,.,0,.,0,.,0,.,0,.,0,.,0,.,0,.,0,.,0,.,0,.,0,.,0,.,0,.,0,.,0,.,0,.,0,.,0,.,0,.,0,.,0,.,0,.,0,.,0,.,0,.,0,.,0
0,s0,29,c0,5,c1,81,c2,54,c3,44,c4,86,.,0,.,0,.,0,.,0,.,0,.,0,.,0,.,0,.,0,.,0,.,0,.,0,.,0,.,0,.,0,.,0,.,0,.,0,.,0,.,0,.,0,.,0,.,0,.,0
0,s0,153,c0,9,c1,56,c2,81,.,0,.,0,.,0,.,0,.,0,.,0,.,0,.,0,.,0,.,0,.,0,.,0,.,0,.,0,.,0,.,0,.,0,.,0,.,0,.,0,.,0,.,0,.,0,.,0,.,0,.,0
0,s0,19,c0,1,s0,6,s1,69,c1,204,.,0,.,0,.,0,.,0,.,0,.,0,.,0,.,0,.,0,.,0,.,0,.,0,.,0,.,0,.,0,.,0,.,0,.,0,.,0,.,0,.,0,.,0,.,0,.,0,.,0
0,s0,43,c0,1,s0,32,c0,1,s0,35,c0,3,c1,184,.,0,.,0,.,0,.,0,.,0,.,0,.,0,.,0,.,0,.,0,.,0,.,0,.,0,.,0,.,0,.,0,.,0,.,0,.,0,.,0,.,0,.,0,.,0
0,s0,225,s1,74,.,0,.,0,.,0,.,0,.,0,.,0,.,0,.,0,.,0,.,0,.,0,.,0,.,0,.,0,.,0,.,0,.,0,.,0,.,0,.,0,.,0,.,0,.,0,.,0,.,0,.,0,.,0,.,0
0,s0,299,.,0,.,0,.,0,.,0,.,0,.,0,.,0,.,0,.,0,.,0,.,0,.,0,.,0,.,0,.,0,.,0,.,0,.,0,.,0,.,0,.,0,.,0,.,0,.,0,.,0,.,0,.,0,.,0,.,0
0,s0,57,m0,34,m1,208,.,0,.,0,.,0,.,0,.,0,.,0,.,0,.,0,.,0,.,0,.,0,.,0,.,0,.,0,.,0,.,0,.,0,.,0,.,0,.,0,.,0,.,0,.,0,.,0,.,0,.,0,.,0
0,s0,235,s1,27,s2,35,s3,2,.,0,.,0,.,0,.,0,.,0,.,0,.,0,.,0,.,0,.,0,.,0,.,0,.,0,.,0,.,0,.,0,.,0,.,0,.,0,.,0,.,0,.,0,.,0,.,0,.,0,.,0
0,s0,46,c0,2,c1,47,c2,19,c3,80,c4,105,.,0,.,0,.,0,.,0,.,0,.,0,.,0,.,0,.,0,.,0,.,0,.,0,.,0,.,0,.,0,.,0,.,0,.,0,.,0,.,0,.,0,.,0,.,0,.,0
0,s0,151,c0,50,c1,25,c2,73,.,0,.,0,.,0,.,0,.,0,.,0,.,0,.,0,.,0,.,0,.,0,.,0,.,0,.,0,.,0,.,0,.,0,.,0,.,0,.,0,.,0,.,0,.,0,.,0,.,0,.,0
0,s0,105,c0,1,s0,26,s1,60,s2,107,.,0,.,0,.,0,.,0,.,0,.,0,.,0,.,0,.,0,.,0,.,0,.,0,.,0,.,0,.,0,.,0,.,0,.,0,.,0,.,0,.,0,.,0,.,0,.,0,.,0
0,s0,56,c0,243,.,0,.,0,.,0,.,0,.,0,.,0,.,0,.,0,.,0,.,0,.,0,.,0,.,0,.,0,.,0,.,0,.,0,.,0,.,0,.,0,.,0,.,0,.,0,.,0,.,0,.,0,.,0,.,0
0,s0,92,c0,51,c1,33,c2,54,c3,69,.,0,.,0,.,0,.,0,.,0,.,0,.,0,.,0,.,0,.,0,.,0,.,0,.,0,.,0,.,0,.,0,.,0,.,0,.,0,.,0,.,0,.,0,.,0,.,0,.,0
0,s0,131,m0,14,m1,38,m2,116,.,0,.,0,.,0,.,0,.,0,.,0,.,0,.,0,.,0,.,0,.,0,.,0,.,0,.,0,.,0,.,0,.,0,.,0,.,0,.,0,.,0,.,0,.,0,.,0,.,0,.,0
0,s0,57,c0,52,c1,31,c2,60,c3,99,.,0,.,0,.,0,.,0,.,0,.,0,.,0,.,0,.,0,.,0,.,0,.,0,.,0,.,0,.,0,.,0,.,0,.,0,.,0,.,0,.,0,.,0,.,0,.,0,.,0
0,s0,82,c0,1,s0,6,s1,25,s2,185,.,0,.,0,.,0,.,0,.,0,.,0,.,0,.,0,.,0,.,0,.,0,.,0,.,0,.,0,.,0,.,0,.,0,.,0,.,0,.,0,.,0,.,0,.,0,.,0,.,0
0,s0,56,s1,91,c1,23,c2,36,c3,93,.,0,.,0,.,0,.,0,.,0,.,0,.,0,.,0,.,0,.,0,.,0,.,0,.,0,.,0,.,0,.,0,.,0,.,0,.,0,.,0,.,0,.,0,.,0,.,0,.,0
0,s0,65,c0,1,s0,210,c0,23,.,0,.,0,.,0,.,0,.,0,.,0,.,0,.,0,.,0,.,0,.,0,.,0,.,0,.,0,.,0,.,0,.,0,.,0,.,0,.,0,.,0,.,0,.,0,.,0,.,0,.,0
0,s0,41,c0,1,s0,11,c0,246,.,0,.,0,.,0,.,0,.,0,.,0,.,0,.,0,.,0,.,0,.,0,.,0,.,0,.,0,.,0,.,0,.,0,.,0,.,0,.,0,.,0,.,0,.,0,.,0,.,0,.,0
0,s0,299,.,0,.,0,.,0,.,0,.,0,.,0,.,0,.,0,.,0,.,0,.,0,.,0,.,0,.,0,.,0,.,0,.,0,.,0,.,0,.,0,.,0,.,0,.,0,.,0,.,0,.,0,.,0,.,0,.,0
0,s0,125,s1,56,s2,22,c2,28,c3,68,.,0,.,0,.,0,.,0,.,0,.,0,.,0,.,0,.,0,.,0,.,0,.,0,.,0,.,0,.,0,.,0,.,0,.,0,.,0,.,0,.,0,.,0,.,0,.,0,.,0
0,s0,105,m0,1,s0,24,s1,60,s2,109,.,0,.,0,.,0,.,0,.,0,.,0,.,0,.,0,.,0,.,0,.,0,.,0,.,0,.,0,.,0,.,0,.,0,.,0,.,0,.,0,.,0,.,0,.,0,.,0,.,0
0,s0,43,m0,6,m1,23,m2,42,m3,70,m4,115,.,0,.,0,.,0,.,0,.,0,.,0,.,0,.,0,.,0,.,0,.,0,.,0,.,0,.,0,.,0,.,0,.,0,.,0,.,0,.,0,.,0,.,0,.,0,.,0
0,s0,66,c0,46,c1,34,c2,153,.,0,.,0,.,0,.,0,.,0,.,0,.,0,.,0,.,0,.,0,.,0,.,0,.,0,.,0,.,0,.,0,.,0,.,0,.,0,.,0,.,0,.,0,.,0,.,0,.,0,.,0
0,s0,75,c0,26,c1,44,c2,154,.,0,.,0,.,0,.,0,.,0,.,0,.,0,.,0,.,0,.,0,.,0,.,0,.,0,.,0,.,0,.,0,.,0,.,0,.,0,.,0,.,0,.,0,.,0,.,0,.,0,.,0
0,s0,136,c0,114,c1,49,.,0,.,0,.,0,.,0,.,0,.,0,.,0,.,0,.,0,.,0,.,0,.,0,.,0,.,0,.,0,.,0,.,0,.,0,.,0,.,0,.,0,.,0,.,0,.,0,.,0,.,0,.,0
0,s0,116,c0,102,c1,42,c2,34,c3,5,.,0,.,0,.,0,.,0,.,0,.,0,.,0,.,0,.,0,.,0,.,0,.,0,.,0,.,0,.,0,.,0,.,0,.,0,.,0,.,0,.,0,.,0,.,0,.,0,.,0
0,s0,231,s1,68,.,0,.,0,.,0,.,0,.,0,.,0,.,0,.,0,.,0,.,0,.,0,.,0,.,0,.,0,.,0,.,0,.,0,.,0,.,0,.,0,.,0,.,0,.,0,.,0,.,0,.,0,.,0,.,0
0,s0,98,c0,53,c1,34,c2,114,.,0,.,0,.,0,.,0,.,0,.,0,.,0,.,0,.,0,.,0,.,0,.,0,.,0,.,0,.,0,.,0,.,0,.,0,.,0,.,0,.,0,.,0,.,0,.,0,.,0,.,0
0,s0,299,.,0,.,0,.,0,.,0,.,0,.,0,.,0,.,0,.,0,.,0,.,0,.,0,.,0,.,0,.,0,.,0,.,0,.,0,.,0,.,0,.,0,.,0,.,0,.,0,.,0,.,0,.,0,.,0,.,0
0,s0,22,c0,1,s0,31,c0,245,.,0,.,0,.,0,.,0,.,0,.,0,.,0,.,0,.,0,.,0,.,0,.,0,.,0,.,0,.,0,.,0,.,0,.,0,.,0,.,0,.,0,.,0,.,0,.,0,.,0,.,0
0,s0,299,.,0,.,0,.,0,.,0,.,0,.,0,.,0,.,0,.,0,.,0,.,0,.,0,.,0,.,0,.,0,.,0,.,0,.,0,.,0,.,0,.,0,.,0,.,0,.,0,.,0,.,0,.,0,.,0,.,0
0,s0,89,c0,17,c1,48,c2,145,.,0,.,0,.,0,.,0,.,0,.,0,.,0,.,0,.,0,.,0,.,0,.,0,.,0,.,0,.,0,.,0,.,0,.,0,.,0,.,0,.,0,.,0,.,0,.,0,.,0,.,0
0,s0,263,c0,36,.,0,.,0,.,0,.,0,.,0,.,0,.,0,.,0,.,0,.,0,.,0,.,0,.,0,.,0,.,0,.,0,.,0,.,0,.,0,.,0,.,0,.,0,.,0,.,0,.,0,.,0,.,0,.,0
0,s0,19,c0,1,s0,69,s1,55,s2,155,.,0,.,0,.,0,.,0,.,0,.,0,.,0,.,0,.,0,.,0,.,0,.,0,.,0,.,0,.,0,.,0,.,0,.,0,.,0,.,0,.,0,.,0,.,0,.,0,.,0
0,s0,51,c0,19,c1,24,c2,205,.,0,.,0,.,0,.,0,.,0,.,0,.,0,.,0,.,0,.,0,.,0,.,0,.,0,.,0,.,0,.,0,.,0,.,0,.,0,.,0,.,0,.,0,.,0,.,0,.,0,.,0
0,s0,165,m0,10,m1,39,m2,85,.,0,.,0,.,0,.,0,.,0,.,0,.,0,.,0,.,0,.,0,.,0,.,0,.,0,.,0,.,0,.,0,.,0,.,0,.,0,.,0,.,0,.,0,.,0,.,0,.,0,.,0
0,s0,54,s1,49,s2,196,.,0,.,0,.,0,.,0,.,0,.,0,.,0,.,0,.,0,.,0,.,0,.,0,.,0,.,0,.,0,.,0,.,0,.,0,.,0,.,0,.,0,.,0,.,0,.,0,.,0,.,0,.,0
0,s0,42,c0,1,s0,39,c0,1,s0,43,s1,27,s2,20,s3,126,.,0,.,0,.,0,.,0,.,0,.,0,.,0,.,0,.,0,.,0,.,0,.,0,.,0,.,0,.,0,.,0,.,0,.,0,.,0,.,0,.,0,.,0
0,s0,299,.,0,.,0,.,0,.,0,.,0,.,0,.,0,.,0,.,0,.,0,.,0,.,0,.,0,.,0,.,0,.,0,.,0,.,0,.,0,.,0,.,0,.,0,.,0,.,0,.,0,.,0,.,0,.,0,.,0
0,s0,34,c0,1,s0,73,c0,1,s0,56,c0,3,c1,57,c2,74,.,0,.,0,.,0,.,0,.,0,.,0,.,0,.,0,.,0,.,0,.,0,.,0,.,0,.,0,.,0,.,0,.,0,.,0,.,0,.,0,.,0,.,0
0,s0,101,c0,1,s0,140,c0,57,.,0,.,0,.,0,.,0,.,0,.,0,.,0,.,0,.,0,.,0,.,0,.,0,.,0,.,0,.,0,.,0,.,0,.,0,.,0,.,0,.,0,.,0,.,0,.,0,.,0,.,0
0,s0,107,c0,32,c1,24,c2,136,.,0,.,0,.,0,.,0,.,0,.,0,.,0,.,0,.,0,.,0,.,0,.,0,.,0,.,0,.,0,.,0,.,0,.,0,.,0,.,0,.,0,.,0,.,0,.,0,.,0,.,0
0,s0,299,.,0,.,0,.,0,.,0,.,0,.,0,.,0,.,0,.,0,.,0,.,0,.,0,.,0,.,0,.,0,.,0,.,0,.,0,.,0,.,0,.,0,.,0,.,0,.,0,.,0,.,0,.,0,.,0,.,0
0,s0,187,s1,60,s2,52,.,0,.,0,.,0,.,0,.,0,.,0,.,0,.,0,.,0,.,0,.,0,.,0,.,0,.,0,.,0,.,0,.,0,.,0,.,0,.,0,.,0,.,0,.,0,.,0,.,0,.,0,.,0
0,s0,38,c0,1,s0,5,s1,21,c1,1,s1,8,s2,53,c2,172,.,0,.,0,.,0,.,0,.,0,.,0,.,0,.,0,.,0,.,0,.,0,.,0,.,0,.,0,.,0,.,0,.,0,.,0,.,0,.,0,.,0,.,0
0,s0,170,c0,129,.,0,.,0,.,0,.,0,.,0,.,0,.,0,.,0,.,0,.,0,.,0,.,0,.,0,.,0,.,0,.,0,.,0,.,0,.,0,.,0,.,0,.,0,.,0,.,0,.,0,.,0,.,0,.,0
0,s0,74,c0,225,.,0,.,0,.,0,.,0,.,0,.,0,.,0,.,0,.,0,.,0,.,0,.,0,.,0,.,0,.,0,.,0,.,0,.,0,.,0,.,0,.,0,.,0,.,0,.,0,.,0,.,0,.,0,.,0
0,s0,210,s1,15,s2,74,.,0,.,0,.,0,.,0,.,0,.,0,.,0,.,0,.,0,.,0,.,0,.,0,.,0,.,0,.,0,.,0,.,0,.,0,.,0,.,0,.,0,.,0,.,0,.,0,.,0,.,0,.,0
0,s0,299,.,0,.,0,.,0,.,0,.,0,.,0,.,0,.,0,.,0,.,0,.,0,.,0,.,0,.,0,.,0,.,0,.,0,.,0,.,0,.,0,.,0,.,0,.,0,.,0,.,0,.,0,.,0,.,0,.,0
0,s0,68,m0,93,m1,138,.,0,.,0,.,0,.,0,.,0,.,0,.,0,.,0,.,0,.,0,.,0,.,0,.,0,.,0,.,0,.,0,.,0,.,0,.,0,.,0,.,0,.,0,.,0,.,0,.,0,.,0,.,0
0,s0,299,.,0,.,0,.,0,.,0,.,0,.,0,.,0,.,0,.,0,.,0,.,0,.,0,.,0,.,0,.,0,.,0,.,0,.,0,.,0,.,0,.,0,.,0,.,0,.,0,.,0,.,0,.,0,.,0,.,0
0,s0,63,c0,49,c1,36,c2,151,.,0,.,0,.,0,.,0,.,0,.,0,.,0,.,0,.,0,.,0,.,0,.,0,.,0,.,0,.,0,.,0,.,0,.,0,.,0,.,0,.,0,.,0,.,0,.,0,.,0,.,0
0,s0,299,.,0,.,0,.,0,.,0,.,0,.,0,.,0,.,0,.,0,.,0,.,0,.,0,.,0,.,0,.,0,.,0,.,0,.,0,.,0,.,0,.,0,.,0,.,0,.,0,.,0,.,0,.,0,.,0,.,0
0,s0,125,c0,174,.,0,.,0,.,0,.,0,.,0,.,0,.,0,.,0,.,0,.,0,.,0,.,0,.,0,.,0,.,0,.,0,.,0,.,0,.,0,.,0,.,0,.,0,.,0,.,0,.,0,.,0,.,0,.,0
0,s0,299,.,0,.,0,.,0,.,0,.,0,.,0,.,0,.,0,.,0,.,0,.,0,.,0,.,0,.,0,.,0,.,0,.,0,.,0,.,0,.,0,.,0,.,0,.,0,.,0,.,0,.,0,.,0,.,0,.,0
0,s0,64,m0,1,s0,4,s1,23,s2,207,.,0,.,0,.,0,.,0,.,0,.,0,.,0,.,0,.,0,.,0,.,0,.,0,.,0,.,0,.,0,.,0,.,0,.,0,.,0,.,0,.,0,.,0,.,0,.,0,.,0
0,s0,108,c0,1,s0,25,s1,22,s2,109,c2,34,.,0,.,0,.,0,.,0,.,0,.,0,.,0,.,0,.,0,.,0,.,0,.,0,.,0,.,0,.,0,.,0,.,0,.,0,.,0,.,0,.,0,.,0,.,0,.,0
0,s0,148,c0,151,.,0,.,0,.,0,.,0,.,0,.,0,.,0,.,0,.,0,.,0,.,0,.,0,.,0,.,0,.,0,.,0,.,0,.,0,.,0,.,0,.,0,.,0,.,0,.,0,.,0,.,0,.,0,.,0
0,s0,26,c0,99,c1,64,c2,110,.,0,.,0,.,0,.,0,.,0,.,0,.,0,.,0,.,0,.,0,.,0,.,0,.,0,.,0,.,0,.,0,.,0,.,0,.,0,.,0,.,0,.,0,.,0,.,0,.,0,.,0
0,s0,141,c0,21,c1,22,c2,115,.,0,.,0,.,0,.,0,.,0,.,0,.,0,.,0,.,0,.,0,.,0,.,0,.,0,.,0,.,0,.,0,.,0,.,0,.,0,.,0,.,0,.,0,.,0,.,0,.,0,.,0
0,s0,98,c0,201,.,0,.,0,.,0,.,0,.,0,.,0,.,0,.,0,.,0,.,0,.,0,.,0,.,0,.,0,.,0,.,0,.,0,.,0,.,0,.,0,.,0,.,0,.,0,.,0,.,0,.,0,.,0,.,0
0,s0,81,c0,1,s0,43,s1,174,.,0,.,0,.,0,.,0,.,0,.,0,.,0,.,0,.,0,.,0,.,0,.,0,.,0,.,0,.,0,.,0,.,0,.,0,.,0,.,0,.,0,.,0,.,0,.,0,.,0,.,0
0,s0,84,c0,85,c1,21,c2,109,.,0,.,0,.,0,.,0,.,0,.,0,.,0,.,0,.,0,.,0,.,0,.,0,.,0,.,0,.,0,.,0,.,0,.,0,.,0,.,0,.,0,.,0,.,0,.,0,.,0,.,0
0,s0,90,c0,209,.,0,.,0,.,0,.,0,.,0,.,0,.,0,.,0,.,0,.,0,.,0,.,0,.,0,.,0,.,0,.,0,.,0,.,0,.,0,.,0,.,0,.,0,.,0,.,0,.,0,.,0,.,0,.,0
0,s0,127,c0,172,.,0,.,0,.,0,.,0,.,0,.,0,.,0,.,0,.,0,.,0,.,0,.,0,.,0,.,0,.,0,.,0,.,0,.,0,.,0,.,0,.,0,.,0,.,0,.,0,.,0,.,0,.,0,.,0
0,s0,68,c0,26,c1,71,c2,13,c3,121,.,0,.,0,.,0,.,0,.,0,.,0,.,0,.,0,.,0,.,0,.,0,.,0,.,0,.,0,.,0,.,0,.,0,.,0,.,0,.,0,.,0,.,0,.,0,.,0,.,0
0,s0,299,.,0,.,0,.,0,.,0,.,0,.,0,.,0,.,0,.,0,.,0,.,0,.,0,.,0,.,0,.,0,.,0,.,0,.,0,.,0,.,0,.,0,.,0,.,0,.,0,.,0,.,0,.,0,.,0,.,0
0,s0,37,c0,262,.,0,.,0,.,0,.,0,.,0,.,0,.,0,.,0,.,0,.,0,.,0,.,0,.,0,.,0,.,0,.,0,.,0,.,0,.,0,.,0,.,0,.,0,.,0,.,0,.,0,.,0,.,0,.,0
0,s0,53,c0,1,s0,122,c0,16,c1,38,c2,69,.,0,.,0,.,0,.,0,.,0,.,0,.,0,.,0,.,0,.,0,.,0,.,0,.,0,.,0,.,0,.,0,.,0,.,0,.,0,.,0,.,0,.,0,.,0,.,0
0,s0,56,c0,18,c1,104,c2,121,.,0,.,0,.,0,.,0,.,0,.,0,.,0,.,0,.,0,.,0,.,0,.,0,.,0,.,0,.,0,.,0,.,0,.,0,.,0,.,0,.,0,.,0,.,0,.,0,.,0,.,0
0,s0,30,c0,10,c1,27,c2,232,.,0,.,0,.,0,.,0,.,0,.,0,.,0,.,0,.,0,.,0,.,0,.,0,.,0,.,0,.,0,.,0,.,0,.,0,.,0,.,0,.,0,.,0,.,0,.,0,.,0,.,0
0,s0,56,c0,1,s0,50,s1,52,s2,116,c2,1,s2,23,.,0,.,0,.,0,.,0,.,0,.,0,.,0,.,0,.,0,.,0,.,0,.,0,.,0,.,0,.,0,.,0,.,0,.,0,.,0,.,0,.,0,.,0,.,0
0,s0,119,c0,28,c1,49,c2,103,.,0,.,0,.,0,.,0,.,0,.,0,.,0,.,0,.,0,.,0,.,0,.,0,.,0,.,0,.,0,.,0,.,0,.,0,.,0,.,0,.,0,.,0,.,0,.,0,.,0,.,0
0,s0,94,c0,43,c1,50,c2,27,c3,85,.,0,.,0,.,0,.,0,.,0,.,0,.,0,.,0,.,0,.,0,.,0,.,0,.,0,.,0,.,0,.,0,.,0,.,0,.,0,.,0,.,0,.,0,.,0,.,0,.,0
0,s0,87,m0,6,m1,16,m2,88,m3,102,.,0,.,0,.,0,.,0,.,0,.,0,.,0,.,0,.,0,.,0,.,0,.,0,.,0,.,0,.,0,.,0,.,0,.,0,.,0,.,0,.,0,.,0,.,0,.,0,.,0
0,s0,57,c0,242,.,0,.,0,.,0,.,0,.,0,.,0,.,0,.,0,.,0,.,0,.,0,.,0,.,0,.,0,.,0,.,0,.,0,.,0,.,0,.,0,.,0,.,0,.,0,.,0,.,0,.,0,.,0,.,0
0,s0,63,c0,236,.,0,.,0,.,0,.,0,.,0,.,0,.,0,.,0,.,0,.,0,.,0,.,0,.,0,.,0,.,0,.,0,.,0,.,0,.,0,.,0,.,0,.,0,.,0,.,0,.,0,.,0,.,0,.,0
0,s0,46,c0,71,c1,48,c2,134,.,0,.,0,.,0,.,0,.,0,.,0,.,0,.,0,.,0,.,0,.,0,.,0,.,0,.,0,.,0,.,0,.,0,.,0,.,0,.,0,.,0,.,0,.,0,.,0,.,0,.,0
0,s0,194,c0,78,c1,27,.,0,.,0,.,0,.,0,.,0,.,0,.,0,.,0,.,0,.,0,.,0,.,0,.,0,.,0,.,0,.,0,.,0,.,0,.,0,.,0,.,0,.,0,.,0,.,0,.,0,.,0,.,0
0,s0,50,c0,1,s0,43,s1,43,s2,148,c2,14,.,0,.,0,.,0,.,0,.,0,.,0,.,0,.,0,.,0,.,0,.,0,.,0,.,0,.,0,.,0,.,0,.,0,.,0,.,0,.,0,.,0,.,0,.,0,.,0
0,s0,299,.,0,.,0,.,0,.,0,.,0,.,0,.,0,.,0,.,0,.,0,.,0,.,0,.,0,.,0,.,0,.,0,.,0,.,0,.,0,.,0,.,0,.,0,.,0,.,0,.,0,.,0,.,0,.,0,.,0
0,s0,37,c0,1,s0,11,s1,18,s2,178,c2,54,.,0,.,0,.,0,.,0,.,0,.,0,.,0,.,0,.,0,.,0,.,0,.,0,.,0,.,0,.,0,.,0,.,0,.,0,.,0,.,0,.,0,.,0,.,0,.,0
0,s0,79,c0,7,c1,69,c2,144,.,0,.,0,.,0,.,0,.,0,.,0,.,0,.,0,.,0,.,0,.,0,.,0,.,0,.,0,.,0,.,0,.,0,.,0,.,0,.,0,.,0,.,0,.,0,.,0,.,0,.,0
0,s0,105,c0,42,c1,31,c2,121,.,0,.,0,.,0,.,0,.,0,.,0,.,0,.,0,.,0,.,0,.,0,.,0,.,0,.,0,.,0,.,0,.,0,.,0,.,0,.,0,.,0,.,0,.,0,.,0,.,0,.,0
0,s0,299,.,0,.,0,.,0,.,0,.,0,.,0,.,0,.,0,.,0,.,0,.,0,.,0,.,0,.,0,.,0,.,0,.,0,.,0,.,0,.,0,.,0,.,0,.,0,.,0,.,0,.,0,.,0,.,0,.,0
0,s0,299,.,0,.,0,.,0,.,0,.,0,.,0,.,0,.,0,.,0,.,0,.,0,.,0,.,0,.,0,.,0,.,0,.,0,.,0,.,0,.,0,.,0,.,0,.,0,.,0,.,0,.,0,.,0,.,0,.,0
0,s0,212,m0,87,.,0,.,0,.,0,.,0,.,0,.,0,.,0,.,0,.,0,.,0,.,0,.,0,.,0,.,0,.,0,.,0,.,0,.,0,.,0,.,0,.,0,.,0,.,0,.,0,.,0,.,0,.,0,.,0
0,s0,132,c0,1,s0,55,c0,111,.,0,.,0,.,0,.,0,.,0,.,0,.,0,.,0,.,0,.,0,.,0,.,0,.,0,.,0,.,0,.,0,.,0,.,0,.,0,.,0,.,0,.,0,.,0,.,0,.,0,.,0
0,s0,299,.,0,.,0,.,0,.,0,.,0,.,0,.,0,.,0,.,0,.,0,.,0,.,0,.,0,.,0,.,0,.,0,.,0,.,0,.,0,.,0,.,0,.,0,.,0,.,0,.,0,.,0,.,0,.,0,.,0
0,s0,299,.,0,.,0,.,0,.,0,.,0,.,0,.,0,.,0,.,0,.,0,.,0,.,0,.,0,.,0,.,0,.,0,.,0,.,0,.,0,.,0,.,0,.,0,.,0,.,0,.,0,.,0,.,0,.,0,.,0
0,s0,299,.,0,.,0,.,0,.,0,.,0,.,0,.,0,.,0,.,0,.,0,.,0,.,0,.,0,.,0,.,0,.,0,.,0,.,0,.,0,.,0,.,0,.,0,.,0,.,0,.,0,.,0,.,0,.,0,.,0
0,s0,40,c0,1,s0,52,c0,24,c1,79,c2,22,c3,81,.,0,.,0,.,0,.,0,.,0,.,0,.,0,.,0,.,0,.,0,.,0,.,0,.,0,.,0,.,0,.,0,.,0,.,0,.,0,.,0,.,0,.,0,.,0
0,s0,96,c0,1,s0,35,c0,1,s0,110,s1,40,s2,16,.,0,.,0,.,0,.,0,.,0,.,0,.,0,.,0,.,0,.,0,.,0,.,0,.,0,.,0,.,0,.,0,.,0,.,0,.,0,.,0,.,0,.,0,.,0
0,s0,82,c0,5,c1,170,c2,42,.,0,.,0,.,0,.,0,.,0,.,0,.,0,.,0,.,0,.,0,.,0,.,0,.,0,.,0,.,0,.,0,.,0,.,0,.,0,.,0,.,0,.,0,.,0,.,0,.,0,.,0
0,s0,81,c0,1,s0,185,c0,32,.,0,.,0,.,0,.,0,.,0,.,0,.,0,.,0,.,0,.,0,.,0,.,0,.,0,.,0,.,0,.,0,.,0,.,0,.,0,.,0,.,0,.,0,.,0,.,0,.,0,.,0
0,s0,90,c0,1,s0,37,c0,19,c1,28,c2,124,.,0,.,0,.,0,.,0,.,0,.,0,.,0,.,0,.,0,.,0,.,0,.,0,.,0,.,0,.,0,.,0,.,0,.,0,.,0,.,0,.,0,.,0,.,0,.,0
0,s0,102,c0,197,.,0,.,0,.,0,.,0,.,0,.,0,.,0,.,0,.,0,.,0,.,0,.,0,.,0,.,0,.,0,.,0,.,0,.,0,.,0,.,0,.,0,.,0,.,0,.,0,.,0,.,0,.,0,.,0
0,s0,47,m0,3,m1,38,m2,17,m3,194,.,0,.,0,.,0,.,0,.,0,.,0,.,0,.,0,.,0,.,0,.,0,.,0,.,0,.,0,.,0,.,0,.,0,.,0,.,0,.,0,.,0,.,0,.,0,.,0,.,0
0,s0,108,c0,57,c1,58,c2,76,.,0,.,0,.,0,.,0,.,0,.,0,.,0,.,0,.,0,.,0,.,0,.,0,.,0,.,0,.,0,.,0,.,0,.,0,.,0,.,0,.,0,.,0,.,0,.,0,.,0,.,0
0,s0,299,.,0,.,0,.,0,.,0,.,0,.,0,.,0,.,0,.,0,.,0,.,0,.,0,.,0,.,0,.,0,.,0,.,0,.,0,.,0,.,0,.,0,.,0,.,0,.,0,.,0,.,0,.,0,.,0,.,0
0,s0,100,c0,128,c1,71,.,0,.,0,.,0,.,0,.,0,.,0,.,0,.,0,.,0,.,0,.,0,.,0,.,0,.,0,.,0,.,0,.,0,.,0,.,0,.,0,.,0,.,0,.,0,.,0,.,0,.,0,.,0
0,s0,142,m1,50,m2,107,.,0,.,0,.,0,.,0,.,0,.,0,.,0,.,0,.,0,.,0,.,0,.,0,.,0,.,0,.,0,.,0,.,0,.,0,.,0,.,0,.,0,.,0,.,0,.,0,.,0,.,0,.,0
0,s0,96,c0,2,c1,23,c2,47,c3,131,.,0,.,0,.,0,.,0,.,0,.,0,.,0,.,0,.,0,.,0,.,0,.,0,.,0,.,0,.,0,.,0,.,0,.,0,.,0,.,0,.,0,.,0,.,0,.,0,.,0
0,s0,30,c0,101,c1,39,c2,129,.,0,.,0,.,0,.,0,.,0,.,0,.,0,.,0,.,0,.,0,.,0,.,0,.,0,.,0,.,0,.,0,.,0,.,0,.,0,.,0,.,0,.,0,.,0,.,0,.,0,.,0
0,s0,130,c0,169,.,0,.,0,.,0,.,0,.,0,.,0,.,0,.,0,.,0,.,0,.,0,.,0,.,0,.,0,.,0,.,0,.,0,.,0,.,0,.,0,.,0,.,0,.,0,.,0,.,0,.,0,.,0,.,0
0,s0,66,c0,1,s0,12,s1,62,s2,118,s3,7,c3,1,s3,20,s4,12,.,0,.,0,.,0,.,0,.,0,.,0,.,0,.,0,.,0,.,0,.,0,.,0,.,0,.,0,.,0,.,0,.,0,.,0,.,0,.,0,.,0
0,s0,55,c0,1,s0,50,c0,29,c1,42,c2,122,.,0,.,0,.,0,.,0,.,0,.,0,.,0,.,0,.,0,.,0,.,0,.,0,.,0,.,0,.,0,.,0,.,0,.,0,.,0,.,0,.,0,.,0,.,0,.,0
0,s0,102,c0,1,s0,15,c0,1,s0,23,c0,1,s0,29,c0,1,s0,13,c0,113,.,0,.,0,.,0,.,0,.,0,.,0,.,0,.,0,.,0,.,0,.,0,.,0,.,0,.,0,.,0,.,0,.,0,.,0,.,0,.,0
0,s0,85,c0,20,c1,31,c2,163,.,0,.,0,.,0,.,0,.,0,.,0,.,0,.,0,.,0,.,0,.,0,.,0,.,0,.,0,.,0,.,0,.,0,.,0,.,0,.,0,.,0,.,0,.,0,.,0,.,0,.,0
0,s0,130,c0,13,c1,23,c2,62,c3,71,.,0,.,0,.,0,.,0,.,0,.,0,.,0,.,0,.,0,.,0,.,0,.,0,.,0,.,0,.,0,.,0,.,0,.,0,.,0,.,0,.,0,.,0,.,0,.,0,.,0
0,s0,96,c0,15,c1,24,c2,56,c3,108,.,0,.,0,.,0,.,0,.,0,.,0,.,0,.,0,.,0,.,0,.,0,.,0,.,0,.,0,.,0,.,0,.,0,.,0,.,0,.,0,.,0,.,0,.,0,.,0,.,0
0,s0,116,c0,34,c1,52,c2,97,.,0,.,0,.,0,.,0,.,0,.,0,.,0,.,0,.,0,.,0,.,0,.,0,.,0,.,0,.,0,.,0,.,0,.,0,.,0,.,0,.,0,.,0,.,0,.,0,.,0,.,0
0,s0,53,m0,1,s0,2,s1,20,s2,18,s3,29,s4,164,c4,12,.,0,.,0,.,0,.,0,.,0,.,0,.,0,.,0,.,0,.,0,.,0,.,0,.,0,.,0,.,0,.,0,.,0,.,0,.,0,.,0,.,0,.,0
0,s0,299,.,0,.,0,.,0,.,0,.,0,.,0,.,0,.,0,.,0,.,0,.,0,.,0,.,0,.,0,.,0,.,0,.,0,.,0,.,0,.,0,.,0,.,0,.,0,.,0,.,0,.,0,.,0,.,0,.,0
0,s0,73,c0,1,s0,104,c0,1,s0,13,s1,80,c1,27,.,0,.,0,.,0,.,0,.,0,.,0,.,0,.,0,.,0,.,0,.,0,.,0,.,0,.,0,.,0,.,0,.,0,.,0,.,0,.,0,.,0,.,0,.,0
0,s0,111,m0,188,.,0,.,0,.,0,.,0,.,0,.,0,.,0,.,0,.,0,.,0,.,0,.,0,.,0,.,0,.,0,.,0,.,0,.,0,.,0,.,0,.,0,.,0,.,0,.,0,.,0,.,0,.,0,.,0
0,s0,97,c0,202,.,0,.,0,.,0,.,0,.,0,.,0,.,0,.,0,.,0,.,0,.,0,.,0,.,0,.,0,.,0,.,0,.,0,.,0,.,0,.,0,.,0,.,0,.,0,.,0,.,0,.,0,.,0,.,0
0,s0,299,.,0,.,0,.,0,.,0,.,0,.,0,.,0,.,0,.,0,.,0,.,0,.,0,.,0,.,0,.,0,.,0,.,0,.,0,.,0,.,0,.,0,.,0,.,0,.,0,.,0,.,0,.,0,.,0,.,0
0,s0,59,c0,240,.,0,.,0,.,0,.,0,.,0,.,0,.,0,.,0,.,0,.,0,.,0,.,0,.,0,.,0,.,0,.,0,.,0,.,0,.,0,.,0,.,0,.,0,.,0,.,0,.,0,.,0,.,0,.,0
0,s0,299,.,0,.,0,.,0,.,0,.,0,.,0,.,0,.,0,.,0,.,0,.,0,.,0,.,0,.,0,.,0,.,0,.,0,.,0,.,0,.,0,.,0,.,0,.,0,.,0,.,0,.,0,.,0,.,0,.,0
0,s0,299,.,0,.,0,.,0,.,0,.,0,.,0,.,0,.,0,.,0,.,0,.,0,.,0,.,0,.,0,.,0,.,0,.,0,.,0,.,0,.,0,.,0,.,0,.,0,.,0,.,0,.,0,.,0,.,0,.,0
0,s0,102,c0,94,c1,103,.,0,.,0,.,0,.,0,.,0,.,0,.,0,.,0,.,0,.,0,.,0,.,0,.,0,.,0,.,0,.,0,.,0,.,0,.,0,.,0,.,0,.,0,.,0,.,0,.,0,.,0,.,0
0,s0,103,c0,196,.,0,.,0,.,0,.,0,.,0,.,0,.,0,.,0,.,0,.,0,.,0,.,0,.,0,.,0,.,0,.,0,.,0,.,0,.,0,.,0,.,0,.,0,.,0,.,0,.,0,.,0,.,0,.,0
0,s0,299,.,0,.,0,.,0,.,0,.,0,.,0,.,0,.,0,.,0,.,0,.,0,.,0,.,0,.,0,.,0,.,0,.,0,.,0,.,0,.,0,.,0,.,0,.,0,.,0,.,0,.,0,.,0,.,0,.,0
0,s0,63,c0,86,c1,54,c2,96,.,0,.,0,.,0,.,0,.,0,.,0,.,0,.,0,.,0,.,0,.,0,.,0,.,0,.,0,.,0,.,0,.,0,.,0,.,0,.,0,.,0,.,0,.,0,.,0,.,0,.,0
0,s0,224,c0,75,.,0,.,0,.,0,.,0,.,0,.,0,.,0,.,0,.,0,.,0,.,0,.,0,.,0,.,0,.,0,.,0,.,0,.,0,.,0,.,0,.,0,.,0,.,0,.,0,.,0,.,0,.,0,.,0
0,s0,224,c0,75,.,0,.,0,.,0,.,0,.,0,.,0,.,0,.,0,.,0,.,0,.,0,.,0,.,0,.,0,.,0,.,0,.,0,.,0,.,0,.,0,.,0,.,0,.,0,.,0,.,0,.,0,.,0,.,0
0,s0,81,c0,218,.,0,.,0,.,0,.,0,.,0,.,0,.,0,.,0,.,0,.,0,.,0,.,0,.,0,.,0,.,0,.,0,.,0,.,0,.,0,.,0,.,0,.,0,.,0,.,0,.,0,.,0,.,0,.,0
0,s0,54,c0,1,s0,58,c0,122,c1,50,c2,14,.,0,.,0,.,0,.,0,.,0,.,0,.,0,.,0,.,0,.,0,.,0,.,0,.,0,.,0,.,0,.,0,.,0,.,0,.,0,.,0,.,0,.,0,.,0,.,0
0,s0,299,.,0,.,0,.,0,.,0,.,0,.,0,.,0,.,0,.,0,.,0,.,0,.,0,.,0,.,0,.,0,.,0,.,0,.,0,.,0,.,0,.,0,.,0,.,0,.,0,.,0,.,0,.,0,.,0,.,0
0,s0,64,m0,1,s0,20,s1,44,s2,42,c2,46,c3,82,.,0,.,0,.,0,.,0,.,0,.,0,.,0,.,0,.,0,.,0,.,0,.,0,.,0,.,0,.,0,.,0,.,0,.,0,.,0,.,0,.,0,.,0,.,0
0,s0,67,c0,1,s0,117,m0,2,m1,29,m2,83,.,0,.,0,.,0,.,0,.,0,.,0,.,0,.,0,.,0,.,0,.,0,.,0,.,0,.,0,.,0,.,0,.,0,.,0,.,0,.,0,.,0,.,0,.,0,.,0
0,s0,87,c0,51,c1,34,c2,127,.,0,.,0,.,0,.,0,.,0,.,0,.,0,.,0,.,0,.,0,.,0,.,0,.,0,.,0,.,0,.,0,.,0,.,0,.,0,.,0,.,0,.,0,.,0,.,0,.,0,.,0
0,s0,152,c0,1,s0,34,s1,112,.,0,.,0,.,0,.,0,.,0,.,0,.,0,.,0,.,0,.,0,.,0,.,0,.,0,.,0,.,0,.,0,.,0,.,0,.,0,.,0,.,0,.,0,.,0,.,0,.,0,.,0
0,s0,88,m0,9,m1,54,m2,22,m3,126,.,0,.,0,.,0,.,0,.,0,.,0,.,0,.,0,.,0,.,0,.,0,.,0,.,0,.,0,.,0,.,0,.,0,.,0,.,0,.,0,.,0,.,0,.,0,.,0,.,0
0,s0,75,c0,1,s0,26,s1,37,s2,15,s3,16,s4,129,.,0,.,0,.,0,.,0,.,0,.,0,.,0,.,0,.,0,.,0,.,0,.,0,.,0,.,0,.,0,.,0,.,0,.,0,.,0,.,0,.,0,.,0,.,0
0,s0,47,c0,1,s0,7,s1,244,.,0,.,0,.,0,.,0,.,0,.,0,.,0,.,0,.,0,.,0,.,0,.,0,.,0,.,0,.,0,.,0,.,0,.,0,.,0,.,0,.,0,.,0,.,0,.,0,.,0,.,0
0,s0,1,s0,50,s1,32,c1,1,s1,13,s2,17,s3,33,c3,1,s3,8,c3,136,c4,7,.,0,.,0,.,0,.,0,.,0,.,0,.,0,.,0,.,0,.,0,.,0,.,0,.,0,.,0,.,0,.,0,.,0,.,0,.,0
0,s0,43,c0,1,s0,21,s1,45,s2,130,c2,59,.,0,.,0,.,0,.,0,.,0,.,0,.,0,.,0,.,0,.,0,.,0,.,0,.,0,.,0,.,0,.,0,.,0,.,0,.,0,.,0,.,0,.,0,.,0,.,0
0,s0,44,s2,29,c2,23,c3,22,c4,181,.,0,.,0,.,0,.,0,.,0,.,0,.,0,.,0,.,0,.,0,.,0,.,0,.,0,.,0,.,0,.,0,.,0,.,0,.,0,.,0,.,0,.,0,.,0,.,0,.,0
0,s0,64,c0,235,.,0,.,0,.,0,.,0,.,0,.,0,.,0,.,0,.,0,.,0,.,0,.,0,.,0,.,0,.,0,.,0,.,0,.,0,.,0,.,0,.,0,.,0,.,0,.,0,.,0,.,0,.,0,.,0
0,s0,84,c0,1,s0,91,c0,17,c1,25,c2,23,c3,58,.,0,.,0,.,0,.,0,.,0,.,0,.,0,.,0,.,0,.,0,.,0,.,0,.,0,.,0,.,0,.,0,.,0,.,0,.,0,.,0,.,0,.,0,.,0
0,s0,75,m0,16,m1,15,m2,193,.,0,.,0,.,0,.,0,.,0,.,0,.,0,.,0,.,0,.,0,.,0,.,0,.,0,.,0,.,0,.,0,.,0,.,0,.,0,.,0,.,0,.,0,.,0,.,0,.,0,.,0
0,s0,39,c0,260,.,0,.,0,.,0,.,0,.,0,.,0,.,0,.,0,.,0,.,0,.,0,.,0,.,0,.,0,.,0,.,0,.,0,.,0,.,0,.,0,.,0,.,0,.,0,.,0,.,0,.,0,.,0,.,0
0,s0,118,m0,1,s0,44,s1,136,.,0,.,0,.,0,.,0,.,0,.,0,.,0,.,0,.,0,.,0,.,0,.,0,.,0,.,0,.,0,.,0,.,0,.,0,.,0,.,0,.,0,.,0,.,0,.,0,.,0,.,0
0,s0,34,m1,1,s1,194,c1,29,c2,41,.,0,.,0,.,0,.,0,.,0,.,0,.,0,.,0,.,0,.,0,.,0,.,0,.,0,.,0,.,0,.,0,.,0,.,0,.,0,.,0,.,0,.,0,.,0,.,0,.,0
0,s0,91,m0,38,m1,170,.,0,.,0,.,0,.,0,.,0,.,0,.,0,.,0,.,0,.,0,.,0,.,0,.,0,.,0,.,0,.,0,.,0,.,0,.,0,.,0,.,0,.,0,.,0,.,0,.,0,.,0,.,0
0,s0,29,c0,29,c1,33,c2,41,c3,68,c4,99,.,0,.,0,.,0,.,0,.,0,.,0,.,0,.,0,.,0,.,0,.,0,.,0,.,0,.,0,.,0,.,0,.,0,.,0,.,0,.,0,.,0,.,0,.,0,.,0
0,s0,65,c0,1,s0,33,s1,145,c1,55,.,0,.,0,.,0,.,0,.,0,.,0,.,0,.,0,.,0,.,0,.,0,.,0,.,0,.,0,.,0,.,0,.,0,.,0,.,0,.,0,.,0,.,0,.,0,.,0,.,0
0,s0,124,c0,175,.,0,.,0,.,0,.,0,.,0,.,0,.,0,.,0,.,0,.,0,.,0,.,0,.,0,.,0,.,0,.,0,.,0,.,0,.,0,.,0,.,0,.,0,.,0,.,0,.,0,.,0,.,0,.,0
0,s0,77,m0,9,m1,37,m2,176,.,0,.,0,.,0,.,0,.,0,.,0,.,0,.,0,.,0,.,0,.,0,.,0,.,0,.,0,.,0,.,0,.,0,.,0,.,0,.,0,.,0,.,0,.,0,.,0,.,0,.,0
0,s0,299,.,0,.,0,.,0,.,0,.,0,.,0,.,0,.,0,.,0,.,0,.,0,.,0,.,0,.,0,.,0,.,0,.,0,.,0,.,0,.,0,.,0,.,0,.,0,.,0,.,0,.,0,.,0,.,0,.,0
0,s0,139,c0,1,s0,31,c0,1,s0,4,s1,123,.,0,.,0,.,0,.,0,.,0,.,0,.,0,.,0,.,0,.,0,.,0,.,0,.,0,.,0,.,0,.,0,.,0,.,0,.,0,.,0,.,0,.,0,.,0,.,0
0,s0,64,c0,124,c1,27,c2,84,.,0,.,0,.,0,.,0,.,0,.,0,.,0,.,0,.,0,.,0,.,0,.,0,.,0,.,0,.,0,.,0,.,0,.,0,.,0,.,0,.,0,.,0,.,0,.,0,.,0,.,0
0,s0,72,c0,1,s0,46,c0,26,c1,17,c2,48,c3,89,.,0,.,0,.,0,.,0,.,0,.,0,.,0,.,0,.,0,.,0,.,0,.,0,.,0,.,0,.,0,.,0,.,0,.,0,.,0,.,0,.,0,.,0,.,0
0,s0,34,s1,12,m1,1,s1,59,c1,21,c2,172,.,0,.,0,.,0,.,0,.,0,.,0,.,0,.,0,.,0,.,0,.,0,.,0,.,0,.,0,.,0,.,0,.,0,.,0,.,0,.,0,.,0,.,0,.,0,.,0
0,s0,56,c0,42,c1,74,c2,60,c4,67,.,0,.,0,.,0,.,0,.,0,.,0,.,0,.,0,.,0,.,0,.,0,.,0,.,0,.,0,.,0,.,0,.,0,.,0,.,0,.,0,.,0,.,0,.,0,.,0,.,0
0,s0,206,c0,93,.,0,.,0,.,0,.,0,.,0,.,0,.,0,.,0,.,0,.,0,.,0,.,0,.,0,.,0,.,0,.,0,.,0,.,0,.,0,.,0,.,0,.,0,.,0,.,0,.,0,.,0,.,0,.,0
0,s0,131,c0,168,.,0,.,0,.,0,.,0,.,0,.,0,.,0,.,0,.,0,.,0,.,0,.,0,.,0,.,0,.,0,.,0,.,0,.,0,.,0,.,0,.,0,.,0,.,0,.,0,.,0,.,0,.,0,.,0
0,s0,81,c0,52,c1,24,c2,63,c4,79,.,0,.,0,.,0,.,0,.,0,.,0,.,0,.,0,.,0,.,0,.,0,.,0,.,0,.,0,.,0,.,0,.,0,.,0,.,0,.,0,.,0,.,0,.,0,.,0,.,0
0,s0,45,c0,1,s0,89,c0,1,s0,126,c0,37,.,0,.,0,.,0,.,0,.,0,.,0,.,0,.,0,.,0,.,0,.,0,.,0,.,0,.,0,.,0,.,0,.,0,.,0,.,0,.,0,.,0,.,0,.,0,.,0
0,s0,160,c0,1,s0,28,c0,12,c1,47,c2,51,.,0,.,0,.,0,.,0,.,0,.,0,.,0,.,0,.,0,.,0,.,0,.,0,.,0,.,0,.,0,.,0,.,0,.,0,.,0,.,0,.,0,.,0,.,0,.,0
0,s0,93,m0,20,m1,16,m2,170,.,0,.,0,.,0,.,0,.,0,.,0,.,0,.,0,.,0,.,0,.,0,.,0,.,0,.,0,.,0,.,0,.,0,.,0,.,0,.,0,.,0,.,0,.,0,.,0,.,0,.,0
0,s0,129,c0,1,s0,28,s1,29,s2,112,.,0,.,0,.,0,.,0,.,0,.,0,.,0,.,0,.,0,.,0,.,0,.,0,.,0,.,0,.,0,.,0,.,0,.,0,.,0,.,0,.,0,.,0,.,0,.,0,.,0
0,s0,123,c0,16,c1,36,c2,124,.,0,.,0,.,0,.,0,.,0,.,0,.,0,.,0,.,0,.,0,.,0,.,0,.,0,.,0,.,0,.,0,.,0,.,0,.,0,.,0,.,0,.,0,.,0,.,0,.,0,.,0
1,s0,126,s1,40,m1,33,m2,68,m3,32,.,0,.,0,.,0,.,0,.,0,.,0,.,0,.,0,.,0,.,0,.,0,.,0,.,0,.,0,.,0,.,0,.,0,.,0,.,0,.,0,.,0,.,0,.,0,.,0,.,0
1,s0,77,c0,1,s0,118,c0,19,c1,83,c2,1,.,0,.,0,.,0,.,0,.,0,.,0,.,0,.,0,.,0,.,0,.,0,.,0,.,0,.,0,.,0,.,0,.,0,.,0,.,0,.,0,.,0,.,0,.,0,.,0
1,s0,67,c0,1,s0,104,s1,91,c1,36,.,0,.,0,.,0,.,0,.,0,.,0,.,0,.,0,.,0,.,0,.,0,.,0,.,0,.,0,.,0,.,0,.,0,.,0,.,0,.,0,.,0,.,0,.,0,.,0,.,0
1,s0,88,m0,9,m1,65,m2,71,m3,66,.,0,.,0,.,0,.,0,.,0,.,0,.,0,.,0,.,0,.,0,.,0,.,0,.,0,.,0,.,0,.,0,.,0,.,0,.,0,.,0,.,0,.,0,.,0,.,0,.,0
1,s0,78,c0,80,c1,35,c3,106,.,0,.,0,.,0,.,0,.,0,.,0,.,0,.,0,.,0,.,0,.,0,.,0,.,0,.,0,.,0,.,0,.,0,.,0,.,0,.,0,.,0,.,0,.,0,.,0,.,0,.,0
1,s0,183,c0,1,s0,115,.,0,.,0,.,0,.,0,.,0,.,0,.,0,.,0,.,0,.,0,.,0,.,0,.,0,.,0,.,0,.,0,.,0,.,0,.,0,.,0,.,0,.,0,.,0,.,0,.,0,.,0,.,0
1,s0,110,c0,52,c1,70,c2,67,.,0,.,0,.,0,.,0,.,0,.,0,.,0,.,0,.,0,.,0,.,0,.,0,.,0,.,0,.,0,.,0,.,0,.,0,.,0,.,0,.,0,.,0,.,0,.,0,.,0,.,0
1,s0,299,.,0,.,0,.,0,.,0,.,0,.,0,.,0,.,0,.,0,.,0,.,0,.,0,.,0,.,0,.,0,.,0,.,0,.,0,.,0,.,0,.,0,.,0,.,0,.,0,.,0,.,0,.,0,.,0,.,0
1,s0,67,c0,1,s0,168,c0,63,.,0,.,0,.,0,.,0,.,0,.,0,.,0,.,0,.,0,.,0,.,0,.,0,.,0,.,0,.,0,.,0,.,0,.,0,.,0,.,0,.,0,.,0,.,0,.,0,.,0,.,0
1,s0,43,c0,1,s0,44,c0,1,s0,24,c0,11,c1,38,c2,137,.,0,.,0,.,0,.,0,.,0,.,0,.,0,.,0,.,0,.,0,.,0,.,0,.,0,.,0,.,0,.,0,.,0,.,0,.,0,.,0,.,0,.,0
1,s0,49,c0,1,s0,26,c0,24,c1,59,c2,140,.,0,.,0,.,0,.,0,.,0,.,0,.,0,.,0,.,0,.,0,.,0,.,0,.,0,.,0,.,0,.,0,.,0,.,0,.,0,.,0,.,0,.,0,.,0,.,0
1,s0,78,c0,15,c1,35,c2,171,.,0,.,0,.,0,.,0,.,0,.,0,.,0,.,0,.,0,.,0,.,0,.,0,.,0,.,0,.,0,.,0,.,0,.,0,.,0,.,0,.,0,.,0,.,0,.,0,.,0,.,0
1,s0,299,.,0,.,0,.,0,.,0,.,0,.,0,.,0,.,0,.,0,.,0,.,0,.,0,.,0,.,0,.,0,.,0,.,0,.,0,.,0,.,0,.,0,.,0,.,0,.,0,.,0,.,0,.,0,.,0,.,0
1,s0,54,c0,92,c1,34,c2,119,.,0,.,0,.,0,.,0,.,0,.,0,.,0,.,0,.,0,.,0,.,0,.,0,.,0,.,0,.,0,.,0,.,0,.,0,.,0,.,0,.,0,.,0,.,0,.,0,.,0,.,0
1,s0,111,m0,1,s0,9,s1,14,s2,20,s3,25,s4,114,m4,5,.,0,.,0,.,0,.,0,.,0,.,0,.,0,.,0,.,0,.,0,.,0,.,0,.,0,.,0,.,0,.,0,.,0,.,0,.,0,.,0,.,0,.,0
1,s0,79,s1,47,s2,167,s3,6,.,0,.,0,.,0,.,0,.,0,.,0,.,0,.,0,.,0,.,0,.,0,.,0,.,0,.,0,.,0,.,0,.,0,.,0,.,0,.,0,.,0,.,0,.,0,.,0,.,0,.,0
1,s0,20,c0,1,s0,60,c0,41,c1,46,c2,131,.,0,.,0,.,0,.,0,.,0,.,0,.,0,.,0,.,0,.,0,.,0,.,0,.,0,.,0,.,0,.,0,.,0,.,0,.,0,.,0,.,0,.,0,.,0,.,0
1,s0,67,c0,1,s0,37,s1,47,c1,147,.,0,.,0,.,0,.,0,.,0,.,0,.,0,.,0,.,0,.,0,.,0,.,0,.,0,.,0,.,0,.,0,.,0,.,0,.,0,.,0,.,0,.,0,.,0,.,0,.,0
1,s0,44,m0,1,s0,9,s1,46,s2,175,c2,24,.,0,.,0,.,0,.,0,.,0,.,0,.,0,.,0,.,0,.,0,.,0,.,0,.,0,.,0,.,0,.,0,.,0,.,0,.,0,.,0,.,0,.,0,.,0,.,0
1,s0,75,m0,34,m1,47,m2,143,.,0,.,0,.,0,.,0,.,0,.,0,.,0,.,0,.,0,.,0,.,0,.,0,.,0,.,0,.,0,.,0,.,0,.,0,.,0,.,0,.,0,.,0,.,0,.,0,.,0,.,0
1,s0,81,c0,5,c1,23,c2,190,.,0,.,0,.,0,.,0,.,0,.,0,.,0,.,0,.,0,.,0,.,0,.,0,.,0,.,0,.,0,.,0,.,0,.,0,.,0,.,0,.,0,.,0,.,0,.,0,.,0,.,0
1,s0,268,c0,31,.,0,.,0,.,0,.,0,.,0,.,0,.,0,.,0,.,0,.,0,.,0,.,0,.,0,.,0,.,0,.,0,.,0,.,0,.,0,.,0,.,0,.,0,.,0,.,0,.,0,.,0,.,0,.,0
1,s0,185,c0,37,c1,34,c2,43,.,0,.,0,.,0,.,0,.,0,.,0,.,0,.,0,.,0,.,0,.,0,.,0,.,0,.,0,.,0,.,0,.,0,.,0,.,0,.,0,.,0,.,0,.,0,.,0,.,0,.,0
1,s0,36,c0,1,s0,9,s1,48,c1,205,.,0,.,0,.,0,.,0,.,0,.,0,.,0,.,0,.,0,.,0,.,0,.,0,.,0,.,0,.,0,.,0,.,0,.,0,.,0,.,0,.,0,.,0,.,0,.,0,.,0
1,s0,35,s1,11,m1,1,s1,38,s2,31,s3,110,c3,73,.,0,.,0,.,0,.,0,.,0,.,0,.,0,.,0,.,0,.,0,.,0,.,0,.,0,.,0,.,0,.,0,.,0,.,0,.,0,.,0,.,0,.,0,.,0
1,s0,299,.,0,.,0,.,0,.,0,.,0,.,0,.,0,.,0,.,0,.,0,.,0,.,0,.,0,.,0,.,0,.,0,.,0,.,0,.,0,.,0,.,0,.,0,.,0,.,0,.,0,.,0,.,0,.,0,.,0
1,s0,72,s1,29,c1,7,c2,44,c3,23,c4,124,.,0,.,0,.,0,.,0,.,0,.,0,.,0,.,0,.,0,.,0,.,0,.,0,.,0,.,0,.,0,.,0,.,0,.,0,.,0,.,0,.,0,.,0,.,0,.,0
1,s0,76,m0,22,m1,24,m2,177,.,0,.,0,.,0,.,0,.,0,.,0,.,0,.,0,.,0,.,0,.,0,.,0,.,0,.,0,.,0,.,0,.,0,.,0,.,0,.,0,.,0,.,0,.,0,.,0,.,0,.,0
1,s0,77,m0,8,m1,26,m2,188,.,0,.,0,.,0,.,0,.,0,.,0,.,0,.,0,.,0,.,0,.,0,.,0,.,0,.,0,.,0,.,0,.,0,.,0,.,0,.,0,.,0,.,0,.,0,.,0,.,0,.,0
1,s0,118,c0,1,s0,180,.,0,.,0,.,0,.,0,.,0,.,0,.,0,.,0,.,0,.,0,.,0,.,0,.,0,.,0,.,0,.,0,.,0,.,0,.,0,.,0,.,0,.,0,.,0,.,0,.,0,.,0,.,0
1,s0,135,s1,21,m1,18,m2,125,.,0,.,0,.,0,.,0,.,0,.,0,.,0,.,0,.,0,.,0,.,0,.,0,.,0,.,0,.,0,.,0,.,0,.,0,.,0,.,0,.,0,.,0,.,0,.,0,.,0,.,0
1,s0,180,m0,17,m1,66,m2,36,.,0,.,0,.,0,.,0,.,0,.,0,.,0,.,0,.,0,.,0,.,0,.,0,.,0,.,0,.,0,.,0,.,0,.,0,.,0,.,0,.,0,.,0,.,0,.,0,.,0,.,0
1,s0,150,c0,17,c1,79,c2,53,.,0,.,0,.,0,.,0,.,0,.,0,.,0,.,0,.,0,.,0,.,0,.,0,.,0,.,0,.,0,.,0,.,0,.,0,.,0,.,0,.,0,.,0,.,0,.,0,.,0,.,0
1,s0,63,m0,1,s0,2,s1,175,c1,1,s1,9,s2,48,.,0,.,0,.,0,.,0,.,0,.,0,.,0,.,0,.,0,.,0,.,0,.,0,.,0,.,0,.,0,.,0,.,0,.,0,.,0,.,0,.,0,.,0,.,0
1,s0,155,s1,15,s2,12,c2,1,s2,20,s3,96,.,0,.,0,.,0,.,0,.,0,.,0,.,0,.,0,.,0,.,0,.,0,.,0,.,0,.,0,.,0,.,0,.,0,.,0,.,0,.,0,.,0,.,0,.,0,.,0
1,s0,103,c0,11,c1,54,c2,56,c3,75,.,0,.,0,.,0,.,0,.,0,.,0,.,0,.,0,.,0,.,0,.,0,.,0,.,0,.,0,.,0,.,0,.,0,.,0,.,0,.,0,.,0,.,0,.,0,.,0,.,0
1,s0,51,c0,7,c1,27,c2,118,c3,27,c4,69,.,0,.,0,.,0,.,0,.,0,.,0,.,0,.,0,.,0,.,0,.,0,.,0,.,0,.,0,.,0,.,0,.,0,.,0,.,0,.,0,.,0,.,0,.,0,.,0
1,s0,172,c0,66,c1,61,.,0,.,0,.,0,.,0,.,0,.,0,.,0,.,0,.,0,.,0,.,0,.,0,.,0,.,0,.,0,.,0,.,0,.,0,.,0,.,0,.,0,.,0,.,0,.,0,.,0,.,0,.,0
1,s0,143,c0,17,c1,34,c2,105,.,0,.,0,.,0,.,0,.,0,.,0,.,0,.,0,.,0,.,0,.,0,.,0,.,0,.,0,.,0,.,0,.,0,.,0,.,0,.,0,.,0,.,0,.,0,.,0,.,0,.,0
1,s0,74,c0,1,s0,39,m0,1,s0,18,s1,22,c1,38,c2,57,c3,49,.,0,.,0,.,0,.,0,.,0,.,0,.,0,.,0,.,0,.,0,.,0,.,0,.,0,.,0,.,0,.,0,.,0,.,0,.,0,.,0,.,0
1,s0,75,m0,37,m1,55,m2,32,m3,100,.,0,.,0,.,0,.,0,.,0,.,0,.,0,.,0,.,0,.,0,.,0,.,0,.,0,.,0,.,0,.,0,.,0,.,0,.,0,.,0,.,0,.,0,.,0,.,0,.,0
1,s0,59,c0,1,s0,25,s1,85,c1,62,c2,28,c3,39,.,0,.,0,.,0,.,0,.,0,.,0,.,0,.,0,.,0,.,0,.,0,.,0,.,0,.,0,.,0,.,0,.,0,.,0,.,0,.,0,.,0,.,0,.,0
1,s0,105,m0,17,m1,177,.,0,.,0,.,0,.,0,.,0,.,0,.,0,.,0,.,0,.,0,.,0,.,0,.,0,.,0,.,0,.,0,.,0,.,0,.,0,.,0,.,0,.,0,.,0,.,0,.,0,.,0,.,0
1,s0,94,c0,1,s0,22,c0,182,.,0,.,0,.,0,.,0,.,0,.,0,.,0,.,0,.,0,.,0,.,0,.,0,.,0,.,0,.,0,.,0,.,0,.,0,.,0,.,0,.,0,.,0,.,0,.,0,.,0,.,0
1,s0,188,c0,25,c1,22,c2,18,c3,46,.,0,.,0,.,0,.,0,.,0,.,0,.,0,.,0,.,0,.,0,.,0,.,0,.,0,.,0,.,0,.,0,.,0,.,0,.,0,.,0,.,0,.,0,.,0,.,0,.,0
1,s0,46,m0,13,m1,24,m2,41,m3,175,.,0,.,0,.,0,.,0,.,0,.,0,.,0,.,0,.,0,.,0,.,0,.,0,.,0,.,0,.,0,.,0,.,0,.,0,.,0,.,0,.,0,.,0,.,0,.,0,.,0
1,s0,109,m0,90,m1,31,m2,69,.,0,.,0,.,0,.,0,.,0,.,0,.,0,.,0,.,0,.,0,.,0,.,0,.,0,.,0,.,0,.,0,.,0,.,0,.,0,.,0,.,0,.,0,.,0,.,0,.,0,.,0
1,s0,176,c0,1,s0,76,c0,46,.,0,.,0,.,0,.,0,.,0,.,0,.,0,.,0,.,0,.,0,.,0,.,0,.,0,.,0,.,0,.,0,.,0,.,0,.,0,.,0,.,0,.,0,.,0,.,0,.,0,.,0
1,s0,67,c0,72,c2,30,c3,130,.,0,.,0,.,0,.,0,.,0,.,0,.,0,.,0,.,0,.,0,.,0,.,0,.,0,.,0,.,0,.,0,.,0,.,0,.,0,.,0,.,0,.,0,.,0,.,0,.,0,.,0
1,s0,227,m0,5,m1,67,.,0,.,0,.,0,.,0,.,0,.,0,.,0,.,0,.,0,.,0,.,0,.,0,.,0,.,0,.,0,.,0,.,0,.,0,.,0,.,0,.,0,.,0,.,0,.,0,.,0,.,0,.,0
1,s0,112,c0,77,c1,30,c2,80,.,0,.,0,.,0,.,0,.,0,.,0,.,0,.,0,.,0,.,0,.,0,.,0,.,0,.,0,.,0,.,0,.,0,.,0,.,0,.,0,.,0,.,0,.,0,.,0,.,0,.,0
1,s0,144,c0,5,c1,150,.,0,.,0,.,0,.,0,.,0,.,0,.,0,.,0,.,0,.,0,.,0,.,0,.,0,.,0,.,0,.,0,.,0,.,0,.,0,.,0,.,0,.,0,.,0,.,0,.,0,.,0,.,0
1,s0,112,m0,5,m1,32,m2,97,m3,53,.,0,.,0,.,0,.,0,.,0,.,0,.,0,.,0,.,0,.,0,.,0,.,0,.,0,.,0,.,0,.,0,.,0,.,0,.,0,.,0,.,0,.,0,.,0,.,0,.,0
1,s0,110,c0,1,s0,36,c0,1,s0,103,c0,1,s0,32,c0,1,s0,14,.,0,.,0,.,0,.,0,.,0,.,0,.,0,.,0,.,0,.,0,.,0,.,0,.,0,.,0,.,0,.,0,.,0,.,0,.,0,.,0,.,0
1,s0,62,c0,1,s0,18,c0,1,s0,23,c0,81,c1,32,c2,81,.,0,.,0,.,0,.,0,.,0,.,0,.,0,.,0,.,0,.,0,.,0,.,0,.,0,.,0,.,0,.,0,.,0,.,0,.,0,.,0,.,0,.,0
1,s0,105,c0,1,s0,108,c0,85,.,0,.,0,.,0,.,0,.,0,.,0,.,0,.,0,.,0,.,0,.,0,.,0,.,0,.,0,.,0,.,0,.,0,.,0,.,0,.,0,.,0,.,0,.,0,.,0,.,0,.,0
1,s0,96,c0,22,c1,20,c2,57,c3,104,.,0,.,0,.,0,.,0,.,0,.,0,.,0,.,0,.,0,.,0,.,0,.,0,.,0,.,0,.,0,.,0,.,0,.,0,.,0,.,0,.,0,.,0,.,0,.,0,.,0
1,s0,149,m0,1,s0,149,.,0,.,0,.,0,.,0,.,0,.,0,.,0,.,0,.,0,.,0,.,0,.,0,.,0,.,0,.,0,.,0,.,0,.,0,.,0,.,0,.,0,.,0,.,0,.,0,.,0,.,0,.,0
1,s0,35,m0,16,m1,58,m2,141,m3,49,.,0,.,0,.,0,.,0,.,0,.,0,.,0,.,0,.,0,.,0,.,0,.,0,.,0,.,0,.,0,.,0,.,0,.,0,.,0,.,0,.,0,.,0,.,0,.,0,.,0
1,s0,70,m0,45,m1,36,m2,34,m3,95,m4,19,.,0,.,0,.,0,.,0,.,0,.,0,.,0,.,0,.,0,.,0,.,0,.,0,.,0,.,0,.,0,.,0,.,0,.,0,.,0,.,0,.,0,.,0,.,0,.,0
1,s0,70,c0,55,c1,111,c2,22,c3,41,.,0,.,0,.,0,.,0,.,0,.,0,.,0,.,0,.,0,.,0,.,0,.,0,.,0,.,0,.,0,.,0,.,0,.,0,.,0,.,0,.,0,.,0,.,0,.,0,.,0
1,s0,84,s1,48,s2,52,s3,115,.,0,.,0,.,0,.,0,.,0,.,0,.,0,.,0,.,0,.,0,.,0,.,0,.,0,.,0,.,0,.,0,.,0,.,0,.,0,.,0,.,0,.,0,.,0,.,0,.,0,.,0
1,s0,230,m0,45,m1,24,.,0,.,0,.,0,.,0,.,0,.,0,.,0,.,0,.,0,.,0,.,0,.,0,.,0,.,0,.,0,.,0,.,0,.,0,.,0,.,0,.,0,.,0,.,0,.,0,.,0,.,0,.,0
1,s0,116,c0,1,s0,33,s1,35,s2,97,c2,17,.,0,.,0,.,0,.,0,.,0,.,0,.,0,.,0,.,0,.,0,.,0,.,0,.,0,.,0,.,0,.,0,.,0,.,0,.,0,.,0,.,0,.,0,.,0,.,0
1,s0,62,c0,1,s0,6,s1,14,s2,22,c2,40,c3,111,c4,43,.,0,.,0,.,0,.,0,.,0,.,0,.,0,.,0,.,0,.,0,.,0,.,0,.,0,.,0,.,0,.,0,.,0,.,0,.,0,.,0,.,0,.,0
1,s0,84,m0,6,m1,47,m2,42,m3,92,m4,28,.,0,.,0,.,0,.,0,.,0,.,0,.,0,.,0,.,0,.,0,.,0,.,0,.,0,.,0,.,0,.,0,.,0,.,0,.,0,.,0,.,0,.,0,.,0,.,0
1,s0,126,c0,32,c1,26,c2,115,.,0,.,0,.,0,.,0,.,0,.,0,.,0,.,0,.,0,.,0,.,0,.,0,.,0,.,0,.,0,.,0,.,0,.,0,.,0,.,0,.,0,.,0,.,0,.,0,.,0,.,0
1,s0,65,c0,1,s0,83,c0,36,c1,59,c2,55,.,0,.,0,.,0,.,0,.,0,.,0,.,0,.,0,.,0,.,0,.,0,.,0,.,0,.,0,.,0,.,0,.,0,.,0,.,0,.,0,.,0,.,0,.,0,.,0
1,s0,82,m0,12,m1,97,m2,85,m3,23,.,0,.,0,.,0,.,0,.,0,.,0,.,0,.,0,.,0,.,0,.,0,.,0,.,0,.,0,.,0,.,0,.,0,.,0,.,0,.,0,.,0,.,0,.,0,.,0,.,0
1,s0,133,m0,11,m1,155,.,0,.,0,.,0,.,0,.,0,.,0,.,0,.,0,.,0,.,0,.,0,.,0,.,0,.,0,.,0,.,0,.,0,.,0,.,0,.,0,.,0,.,0,.,0,.,0,.,0,.,0,.,0
1,s0,88,c0,1,s0,70,s1,10,c1,1,s1,61,c1,68,.,0,.,0,.,0,.,0,.,0,.,0,.,0,.,0,.,0,.,0,.,0,.,0,.,0,.,0,.,0,.,0,.,0,.,0,.,0,.,0,.,0,.,0,.,0
1,s0,299,.,0,.,0,.,0,.,0,.,0,.,0,.,0,.,0,.,0,.,0,.,0,.,0,.,0,.,0,.,0,.,0,.,0,.,0,.,0,.,0,.,0,.,0,.,0,.,0,.,0,.,0,.,0,.,0,.,0
1,s0,181,m0,118,.,0,.,0,.,0,.,0,.,0,.,0,.,0,.,0,.,0,.,0,.,0,.,0,.,0,.,0,.,0,.,0,.,0,.,0,.,0,.,0,.,0,.,0,.,0,.,0,.,0,.,0,.,0,.,0
1,s0,74,m0,34,m1,36,m2,155,.,0,.,0,.,0,.,0,.,0,.,0,.,0,.,0,.,0,.,0,.,0,.,0,.,0,.,0,.,0,.,0,.,0,.,0,.,0,.,0,.,0,.,0,.,0,.,0,.,0,.,0
1,s0,171,c0,33,c1,40,c2,55,.,0,.,0,.,0,.,0,.,0,.,0,.,0,.,0,.,0,.,0,.,0,.,0,.,0,.,0,.,0,.,0,.,0,.,0,.,0,.,0,.,0,.,0,.,0,.,0,.,0,.,0
1,s0,299,.,0,.,0,.,0,.,0,.,0,.,0,.,0,.,0,.,0,.,0,.,0,.,0,.,0,.,0,.,0,.,0,.,0,.,0,.,0,.,0,.,0,.,0,.,0,.,0,.,0,.,0,.,0,.,0,.,0
1,s0,60,m0,5,m1,17,m2,217,.,0,.,0,.,0,.,0,.,0,.,0,.,0,.,0,.,0,.,0,.,0,.,0,.,0,.,0,.,0,.,0,.,0,.,0,.,0,.,0,.,0,.,0,.,0,.,0,.,0,.,0
1,s0,299,.,0,.,0,.,0,.,0,.,0,.,0,.,0,.,0,.,0,.,0,.,0,.,0,.,0,.,0,.,0,.,0,.,0,.,0,.,0,.,0,.,0,.,0,.,0,.,0,.,0,.,0,.,0,.,0,.,0
1,s0,76,c0,7,c1,43,c2,173,.,0,.,0,.,0,.,0,.,0,.,0,.,0,.,0,.,0,.,0,.,0,.,0,.,0,.,0,.,0,.,0,.,0,.,0,.,0,.,0,.,0,.,0,.,0,.,0,.,0,.,0
1,s0,41,c0,1,s0,13,c0,1,s0,29,c0,29,c1,23,c2,162,.,0,.,0,.,0,.,0,.,0,.,0,.,0,.,0,.,0,.,0,.,0,.,0,.,0,.,0,.,0,.,0,.,0,.,0,.,0,.,0,.,0,.,0
1,s0,55,c0,1,s0,104,s1,14,s2,125,.,0,.,0,.,0,.,0,.,0,.,0,.,0,.,0,.,0,.,0,.,0,.,0,.,0,.,0,.,0,.,0,.,0,.,0,.,0,.,0,.,0,.,0,.,0,.,0,.,0
1,s0,181,c0,63,c1,25,c2,30,.,0,.,0,.,0,.,0,.,0,.,0,.,0,.,0,.,0,.,0,.,0,.,0,.,0,.,0,.,0,.,0,.,0,.,0,.,0,.,0,.,0,.,0,.,0,.,0,.,0,.,0
1,s0,141,c0,42,c1,79,c2,37,.,0,.,0,.,0,.,0,.,0,.,0,.,0,.,0,.,0,.,0,.,0,.,0,.,0,.,0,.,0,.,0,.,0,.,0,.,0,.,0,.,0,.,0,.,0,.,0,.,0,.,0
1,s0,65,c0,234,.,0,.,0,.,0,.,0,.,0,.,0,.,0,.,0,.,0,.,0,.,0,.,0,.,0,.,0,.,0,.,0,.,0,.,0,.,0,.,0,.,0,.,0,.,0,.,0,.,0,.,0,.,0,.,0
1,s0,48,m0,5,m1,36,m2,101,m3,109,.,0,.,0,.,0,.,0,.,0,.,0,.,0,.,0,.,0,.,0,.,0,.,0,.,0,.,0,.,0,.,0,.,0,.,0,.,0,.,0,.,0,.,0,.,0,.,0,.,0
1,s0,65,c0,157,c1,37,c2,40,.,0,.,0,.,0,.,0,.,0,.,0,.,0,.,0,.,0,.,0,.,0,.,0,.,0,.,0,.,0,.,0,.,0,.,0,.,0,.,0,.,0,.,0,.,0,.,0,.,0,.,0
1,s0,167,c0,1,s0,6,c0,1,s0,3,c0,1,s0,20,c0,1,s0,14,c0,1,s0,12,c0,1,s0,9,c0,62,.,0,.,0,.,0,.,0,.,0,.,0,.,0,.,0,.,0,.,0,.,0,.,0,.,0,.,0,.,0,.,0
1,s0,80,c0,1,s0,38,s1,19,s2,161,.,0,.,0,.,0,.,0,.,0,.,0,.,0,.,0,.,0,.,0,.,0,.,0,.,0,.,0,.,0,.,0,.,0,.,0,.,0,.,0,.,0,.,0,.,0,.,0,.,0
1,s0,35,s1,16,s2,31,s3,69,m3,1,s3,19,s4,128,.,0,.,0,.,0,.,0,.,0,.,0,.,0,.,0,.,0,.,0,.,0,.,0,.,0,.,0,.,0,.,0,.,0,.,0,.,0,.,0,.,0,.,0,.,0
1,s0,42,c0,1,s0,3,s1,19,s2,84,s3,98,c3,52,.,0,.,0,.,0,.,0,.,0,.,0,.,0,.,0,.,0,.,0,.,0,.,0,.,0,.,0,.,0,.,0,.,0,.,0,.,0,.,0,.,0,.,0,.,0
1,s0,142,c0,1,s0,22,c0,85,c1,32,c2,17,.,0,.,0,.,0,.,0,.,0,.,0,.,0,.,0,.,0,.,0,.,0,.,0,.,0,.,0,.,0,.,0,.,0,.,0,.,0,.,0,.,0,.,0,.,0,.,0
1,s0,44,c0,1,s0,36,c0,27,c1,29,c2,162,.,0,.,0,.,0,.,0,.,0,.,0,.,0,.,0,.,0,.,0,.,0,.,0,.,0,.,0,.,0,.,0,.,0,.,0,.,0,.,0,.,0,.,0,.,0,.,0
1,s0,91,c0,79,c1,33,c2,96,.,0,.,0,.,0,.,0,.,0,.,0,.,0,.,0,.,0,.,0,.,0,.,0,.,0,.,0,.,0,.,0,.,0,.,0,.,0,.,0,.,0,.,0,.,0,.,0,.,0,.,0
1,s0,101,s1,12,c1,67,c2,119,.,0,.,0,.,0,.,0,.,0,.,0,.,0,.,0,.,0,.,0,.,0,.,0,.,0,.,0,.,0,.,0,.,0,.,0,.,0,.,0,.,0,.,0,.,0,.,0,.,0,.,0
1,s0,1,s0,69,c0,1,s0,80,s1,52,c1,14,c2,82,.,0,.,0,.,0,.,0,.,0,.,0,.,0,.,0,.,0,.,0,.,0,.,0,.,0,.,0,.,0,.,0,.,0,.,0,.,0,.,0,.,0,.,0,.,0
1,s0,145,c0,42,c1,31,c2,81,.,0,.,0,.,0,.,0,.,0,.,0,.,0,.,0,.,0,.,0,.,0,.,0,.,0,.,0,.,0,.,0,.,0,.,0,.,0,.,0,.,0,.,0,.,0,.,0,.,0,.,0
1,s0,70,c0,17,c1,212,.,0,.,0,.,0,.,0,.,0,.,0,.,0,.,0,.,0,.,0,.,0,.,0,.,0,.,0,.,0,.,0,.,0,.,0,.,0,.,0,.,0,.,0,.,0,.,0,.,0,.,0,.,0
1,s0,67,c0,117,c1,74,c2,41,.,0,.,0,.,0,.,0,.,0,.,0,.,0,.,0,.,0,.,0,.,0,.,0,.,0,.,0,.,0,.,0,.,0,.,0,.,0,.,0,.,0,.,0,.,0,.,0,.,0,.,0
1,s0,39,m0,1,s0,23,s1,21,s3,13,c3,1,s3,29,s4,150,c4,1,s4,21,.,0,.,0,.,0,.,0,.,0,.,0,.,0,.,0,.,0,.,0,.,0,.,0,.,0,.,0,.,0,.,0,.,0,.,0,.,0,.,0
1,s0,192,s1,25,s2,43,s3,39,.,0,.,0,.,0,.,0,.,0,.,0,.,0,.,0,.,0,.,0,.,0,.,0,.,0,.,0,.,0,.,0,.,0,.,0,.,0,.,0,.,0,.,0,.,0,.,0,.,0,.,0
1,s0,111,c0,43,c1,39,c2,106,.,0,.,0,.,0,.,0,.,0,.,0,.,0,.,0,.,0,.,0,.,0,.,0,.,0,.,0,.,0,.,0,.,0,.,0,.,0,.,0,.,0,.,0,.,0,.,0,.,0,.,0
1,s0,178,c0,45,c1,57,c2,19,.,0,.,0,.,0,.,0,.,0,.,0,.,0,.,0,.,0,.,0,.,0,.,0,.,0,.,0,.,0,.,0,.,0,.,0,.,0,.,0,.,0,.,0,.,0,.,0,.,0,.,0
1,s0,36,c0,1,s0,37,c0,1,s0,43,s2,88,c2,1,s2,59,c2,33,.,0,.,0,.,0,.,0,.,0,.,0,.,0,.,0,.,0,.,0,.,0,.,0,.,0,.,0,.,0,.,0,.,0,.,0,.,0,.,0,.,0
1,s0,92,s1,1,c1,1,s1,36,s2,26,s3,117,c3,26,.,0,.,0,.,0,.,0,.,0,.,0,.,0,.,0,.,0,.,0,.,0,.,0,.,0,.,0,.,0,.,0,.,0,.,0,.,0,.,0,.,0,.,0,.,0
1,s0,123,c0,21,c1,30,c2,52,c3,73,.,0,.,0,.,0,.,0,.,0,.,0,.,0,.,0,.,0,.,0,.,0,.,0,.,0,.,0,.,0,.,0,.,0,.,0,.,0,.,0,.,0,.,0,.,0,.,0,.,0
1,s0,129,c0,61,c1,31,c2,78,.,0,.,0,.,0,.,0,.,0,.,0,.,0,.,0,.,0,.,0,.,0,.,0,.,0,.,0,.,0,.,0,.,0,.,0,.,0,.,0,.,0,.,0,.,0,.,0,.,0,.,0
1,s0,246,c0,30,c1,23,.,0,.,0,.,0,.,0,.,0,.,0,.,0,.,0,.,0,.,0,.,0,.,0,.,0,.,0,.,0,.,0,.,0,.,0,.,0,.,0,.,0,.,0,.,0,.,0,.,0,.,0,.,0
1,s0,299,.,0,.,0,.,0,.,0,.,0,.,0,.,0,.,0,.,0,.,0,.,0,.,0,.,0,.,0,.,0,.,0,.,0,.,0,.,0,.,0,.,0,.,0,.,0,.,0,.,0,.,0,.,0,.,0,.,0
1,s0,86,c0,21,c1,30,c2,50,c3,42,c4,70,.,0,.,0,.,0,.,0,.,0,.,0,.,0,.,0,.,0,.,0,.,0,.,0,.,0,.,0,.,0,.,0,.,0,.,0,.,0,.,0,.,0,.,0,.,0,.,0
1,s0,117,m0,1,s0,29,s1,58,s2,94,.,0,.,0,.,0,.,0,.,0,.,0,.,0,.,0,.,0,.,0,.,0,.,0,.,0,.,0,.,0,.,0,.,0,.,0,.,0,.,0,.,0,.,0,.,0,.,0,.,0
1,s0,82,m0,57,m1,72,m2,88,.,0,.,0,.,0,.,0,.,0,.,0,.,0,.,0,.,0,.,0,.,0,.,0,.,0,.,0,.,0,.,0,.,0,.,0,.,0,.,0,.,0,.,0,.,0,.,0,.,0,.,0
1,s0,135,c0,25,c1,31,c2,32,c3,76,.,0,.,0,.,0,.,0,.,0,.,0,.,0,.,0,.,0,.,0,.,0,.,0,.,0,.,0,.,0,.,0,.,0,.,0,.,0,.,0,.,0,.,0,.,0,.,0,.,0
1,s0,51,c0,1,s0,75,c0,29,c1,39,c2,104,.,0,.,0,.,0,.,0,.,0,.,0,.,0,.,0,.,0,.,0,.,0,.,0,.,0,.,0,.,0,.,0,.,0,.,0,.,0,.,0,.,0,.,0,.,0,.,0
1,s0,111,c0,1,s0,10,s1,42,s2,135,.,0,.,0,.,0,.,0,.,0,.,0,.,0,.,0,.,0,.,0,.,0,.,0,.,0,.,0,.,0,.,0,.,0,.,0,.,0,.,0,.,0,.,0,.,0,.,0,.,0
1,s0,204,c0,21,c1,74,.,0,.,0,.,0,.,0,.,0,.,0,.,0,.,0,.,0,.,0,.,0,.,0,.,0,.,0,.,0,.,0,.,0,.,0,.,0,.,0,.,0,.,0,.,0,.,0,.,0,.,0,.,0
1,s0,85,c0,6,c1,14,c2,14,c3,180,.,0,.,0,.,0,.,0,.,0,.,0,.,0,.,0,.,0,.,0,.,0,.,0,.,0,.,0,.,0,.,0,.,0,.,0,.,0,.,0,.,0,.,0,.,0,.,0,.,0
1,s0,73,s1,8,c1,1,s1,4,s2,15,s3,18,s4,180,.,0,.,0,.,0,.,0,.,0,.,0,.,0,.,0,.,0,.,0,.,0,.,0,.,0,.,0,.,0,.,0,.,0,.,0,.,0,.,0,.,0,.,0,.,0
1,s0,56,c0,1,s0,45,c0,1,s0,95,c0,1,s0,21,s1,79,.,0,.,0,.,0,.,0,.,0,.,0,.,0,.,0,.,0,.,0,.,0,.,0,.,0,.,0,.,0,.,0,.,0,.,0,.,0,.,0,.,0,.,0
1,s0,112,c0,1,s0,10,c0,1,s0,86,c0,22,c1,67,.,0,.,0,.,0,.,0,.,0,.,0,.,0,.,0,.,0,.,0,.,0,.,0,.,0,.,0,.,0,.,0,.,0,.,0,.,0,.,0,.,0,.,0,.,0
1,s0,94,c0,1,s0,46,m0,18,m1,16,m2,75,m3,49,.,0,.,0,.,0,.,0,.,0,.,0,.,0,.,0,.,0,.,0,.,0,.,0,.,0,.,0,.,0,.,0,.,0,.,0,.,0,.,0,.,0,.,0,.,0
1,s0,80,c0,1,s0,86,c0,44,c1,24,c2,64,.,0,.,0,.,0,.,0,.,0,.,0,.,0,.,0,.,0,.,0,.,0,.,0,.,0,.,0,.,0,.,0,.,0,.,0,.,0,.,0,.,0,.,0,.,0,.,0
1,s0,73,m1,37,m2,189,.,0,.,0,.,0,.,0,.,0,.,0,.,0,.,0,.,0,.,0,.,0,.,0,.,0,.,0,.,0,.,0,.,0,.,0,.,0,.,0,.,0,.,0,.,0,.,0,.,0,.,0,.,0
1,s0,204,s1,22,s2,73,.,0,.,0,.,0,.,0,.,0,.,0,.,0,.,0,.,0,.,0,.,0,.,0,.,0,.,0,.,0,.,0,.,0,.,0,.,0,.,0,.,0,.,0,.,0,.,0,.,0,.,0,.,0
1,s0,39,c0,1,s0,105,s1,36,s2,118,.,0,.,0,.,0,.,0,.,0,.,0,.,0,.,0,.,0,.,0,.,0,.,0,.,0,.,0,.,0,.,0,.,0,.,0,.,0,.,0,.,0,.,0,.,0,.,0,.,0
1,s0,74,m0,1,s0,32,s1,45,s2,110,m2,1,s2,36,.,0,.,0,.,0,.,0,.,0,.,0,.,0,.,0,.,0,.,0,.,0,.,0,.,0,.,0,.,0,.,0,.,0,.,0,.,0,.,0,.,0,.,0,.,0
1,s0,73,m0,1,s0,43,s1,10,m1,29,m2,143,.,0,.,0,.,0,.,0,.,0,.,0,.,0,.,0,.,0,.,0,.,0,.,0,.,0,.,0,.,0,.,0,.,0,.,0,.,0,.,0,.,0,.,0,.,0,.,0
1,s0,128,c0,6,c1,14,c2,145,c3,6,.,0,.,0,.,0,.,0,.,0,.,0,.,0,.,0,.,0,.,0,.,0,.,0,.,0,.,0,.,0,.,0,.,0,.,0,.,0,.,0,.,0,.,0,.,0,.,0,.,0
1,s0,65,c0,1,s0,138,c0,47,c1,48,.,0,.,0,.,0,.,0,.,0,.,0,.,0,.,0,.,0,.,0,.,0,.,0,.,0,.,0,.,0,.,0,.,0,.,0,.,0,.,0,.,0,.,0,.,0,.,0,.,0
1,s0,108,c0,10,c1,56,c2,33,c3,92,.,0,.,0,.,0,.,0,.,0,.,0,.,0,.,0,.,0,.,0,.,0,.,0,.,0,.,0,.,0,.,0,.,0,.,0,.,0,.,0,.,0,.,0,.,0,.,0,.,0
1,s0,171,c0,1,s0,42,c0,38,c1,47,.,0,.,0,.,0,.,0,.,0,.,0,.,0,.,0,.,0,.,0,.,0,.,0,.,0,.,0,.,0,.,0,.,0,.,0,.,0,.,0,.,0,.,0,.,0,.,0,.,0
1,s0,97,m0,10,m1,15,m2,39,m3,138,.,0,.,0,.,0,.,0,.,0,.,0,.,0,.,0,.,0,.,0,.,0,.,0,.,0,.,0,.,0,.,0,.,0,.,0,.,0,.,0,.,0,.,0,.,0,.,0,.,0
1,s0,81,c0,1,s0,19,s1,35,s2,163,.,0,.,0,.,0,.,0,.,0,.,0,.,0,.,0,.,0,.,0,.,0,.,0,.,0,.,0,.,0,.,0,.,0,.,0,.,0,.,0,.,0,.,0,.,0,.,0,.,0
1,s0,121,c0,45,c1,29,c2,21,c3,49,c4,34,.,0,.,0,.,0,.,0,.,0,.,0,.,0,.,0,.,0,.,0,.,0,.,0,.,0,.,0,.,0,.,0,.,0,.,0,.,0,.,0,.,0,.,0,.,0,.,0
1,s0,129,m0,56,m1,11,m2,103,.,0,.,0,.,0,.,0,.,0,.,0,.,0,.,0,.,0,.,0,.,0,.,0,.,0,.,0,.,0,.,0,.,0,.,0,.,0,.,0,.,0,.,0,.,0,.,0,.,0,.,0
1,s0,299,.,0,.,0,.,0,.,0,.,0,.,0,.,0,.,0,.,0,.,0,.,0,.,0,.,0,.,0,.,0,.,0,.,0,.,0,.,0,.,0,.,0,.,0,.,0,.,0,.,0,.,0,.,0,.,0,.,0
1,s0,103,c0,65,c1,16,c2,115,.,0,.,0,.,0,.,0,.,0,.,0,.,0,.,0,.,0,.,0,.,0,.,0,.,0,.,0,.,0,.,0,.,0,.,0,.,0,.,0,.,0,.,0,.,0,.,0,.,0,.,0
1,s0,75,c0,1,s0,144,c0,37,c1,42,.,0,.,0,.,0,.,0,.,0,.,0,.,0,.,0,.,0,.,0,.,0,.,0,.,0,.,0,.,0,.,0,.,0,.,0,.,0,.,0,.,0,.,0,.,0,.,0,.,0
1,s0,174,c0,52,c1,27,c2,46,.,0,.,0,.,0,.,0,.,0,.,0,.,0,.,0,.,0,.,0,.,0,.,0,.,0,.,0,.,0,.,0,.,0,.,0,.,0,.,0,.,0,.,0,.,0,.,0,.,0,.,0
1,s0,187,m0,1,s0,3,s1,51,s2,57,.,0,.,0,.,0,.,0,.,0,.,0,.,0,.,0,.,0,.,0,.,0,.,0,.,0,.,0,.,0,.,0,.,0,.,0,.,0,.,0,.,0,.,0,.,0,.,0,.,0
1,s0,135,c0,104,c1,60,.,0,.,0,.,0,.,0,.,0,.,0,.,0,.,0,.,0,.,0,.,0,.,0,.,0,.,0,.,0,.,0,.,0,.,0,.,0,.,0,.,0,.,0,.,0,.,0,.,0,.,0,.,0
1,s0,77,m0,4,m1,37,m2,181,.,0,.,0,.,0,.,0,.,0,.,0,.,0,.,0,.,0,.,0,.,0,.,0,.,0,.,0,.,0,.,0,.,0,.,0,.,0,.,0,.,0,.,0,.,0,.,0,.,0,.,0
1,s0,65,c0,4,c1,86,c2,144,.,0,.,0,.,0,.,0,.,0,.,0,.,0,.,0,.,0,.,0,.,0,.,0,.,0,.,0,.,0,.,0,.,0,.,0,.,0,.,0,.,0,.,0,.,0,.,0,.,0,.,0
1,s0,111,c0,19,c1,78,c2,91,c3,0,.,0,.,0,.,0,.,0,.,0,.,0,.,0,.,0,.,0,.,0,.,0,.,0,.,0,.,0,.,0,.,0,.,0,.,0,.,0,.,0,.,0,.,0,.,0,.,0,.,0
1,s0,82,c0,56,c1,161,.,0,.,0,.,0,.,0,.,0,.,0,.,0,.,0,.,0,.,0,.,0,.,0,.,0,.,0,.,0,.,0,.,0,.,0,.,0,.,0,.,0,.,0,.,0,.,0,.,0,.,0,.,0
1,s0,86,m0,1,s0,212,.,0,.,0,.,0,.,0,.,0,.,0,.,0,.,0,.,0,.,0,.,0,.,0,.,0,.,0,.,0,.,0,.,0,.,0,.,0,.,0,.,0,.,0,.,0,.,0,.,0,.,0,.,0
1,s0,106,c0,1,s0,49,c0,32,c1,22,c2,89,.,0,.,0,.,0,.,0,.,0,.,0,.,0,.,0,.,0,.,0,.,0,.,0,.,0,.,0,.,0,.,0,.,0,.,0,.,0,.,0,.,0,.,0,.,0,.,0
1,s0,118,m0,1,s0,89,s1,91,.,0,.,0,.,0,.,0,.,0,.,0,.,0,.,0,.,0,.,0,.,0,.,0,.,0,.,0,.,0,.,0,.,0,.,0,.,0,.,0,.,0,.,0,.,0,.,0,.,0,.,0
1,s0,138,s1,22,s2,55,s3,20,s4,64,.,0,.,0,.,0,.,0,.,0,.,0,.,0,.,0,.,0,.,0,.,0,.,0,.,0,.,0,.,0,.,0,.,0,.,0,.,0,.,0,.,0,.,0,.,0,.,0,.,0
1,s0,40,c0,65,c1,65,c2,129,.,0,.,0,.,0,.,0,.,0,.,0,.,0,.,0,.,0,.,0,.,0,.,0,.,0,.,0,.,0,.,0,.,0,.,0,.,0,.,0,.,0,.,0,.,0,.,0,.,0,.,0
1,s0,90,c0,1,s0,16,s1,20,s2,123,c2,49,.,0,.,0,.,0,.,0,.,0,.,0,.,0,.,0,.,0,.,0,.,0,.,0,.,0,.,0,.,0,.,0,.,0,.,0,.,0,.,0,.,0,.,0,.,0,.,0
1,s0,121,s1,178,.,0,.,0,.,0,.,0,.,0,.,0,.,0,.,0,.,0,.,0,.,0,.,0,.,0,.,0,.,0,.,0,.,0,.,0,.,0,.,0,.,0,.,0,.,0,.,0,.,0,.,0,.,0,.,0
1,s0,120,c0,116,c1,63,c2,0,.,0,.,0,.,0,.,0,.,0,.,0,.,0,.,0,.,0,.,0,.,0,.,0,.,0,.,0,.,0,.,0,.,0,.,0,.,0,.,0,.,0,.,0,.,0,.,0,.,0,.,0
1,s0,52,m0,1,s1,37,s2,64,s3,145,.,0,.,0,.,0,.,0,.,0,.,0,.,0,.,0,.,0,.,0,.,0,.,0,.,0,.,0,.,0,.,0,.,0,.,0,.,0,.,0,.,0,.,0,.,0,.,0,.,0
1,s0,83,c0,1,s0,78,c0,44,c1,93,.,0,.,0,.,0,.,0,.,0,.,0,.,0,.,0,.,0,.,0,.,0,.,0,.,0,.,0,.,0,.,0,.,0,.,0,.,0,.,0,.,0,.,0,.,0,.,0,.,0
1,s0,175,m0,7,m1,45,m2,72,.,0,.,0,.,0,.,0,.,0,.,0,.,0,.,0,.,0,.,0,.,0,.,0,.,0,.,0,.,0,.,0,.,0,.,0,.,0,.,0,.,0,.,0,.,0,.,0,.,0,.,0
1,s0,75,m0,15,m1,102,m2,107,.,0,.,0,.,0,.,0,.,0,.,0,.,0,.,0,.,0,.,0,.,0,.,0,.,0,.,0,.,0,.,0,.,0,.,0,.,0,.,0,.,0,.,0,.,0,.,0,.,0,.,0
1,s0,95,c0,204,.,0,.,0,.,0,.,0,.,0,.,0,.,0,.,0,.,0,.,0,.,0,.,0,.,0,.,0,.,0,.,0,.,0,.,0,.,0,.,0,.,0,.,0,.,0,.,0,.,0,.,0,.,0,.,0
1,s0,99,c0,1,s0,30,c0,1,s0,15,s1,17,s2,75,c2,1,s2,13,s3,16,s4,31,.,0,.,0,.,0,.,0,.,0,.,0,.,0,.,0,.,0,.,0,.,0,.,0,.,0,.,0,.,0,.,0,.,0,.,0,.,0
1,s0,139,c0,58,c1,30,c2,72,.,0,.,0,.,0,.,0,.,0,.,0,.,0,.,0,.,0,.,0,.,0,.,0,.,0,.,0,.,0,.,0,.,0,.,0,.,0,.,0,.,0,.,0,.,0,.,0,.,0,.,0
1,s0,63,c0,35,c1,23,c2,178,.,0,.,0,.,0,.,0,.,0,.,0,.,0,.,0,.,0,.,0,.,0,.,0,.,0,.,0,.,0,.,0,.,0,.,0,.,0,.,0,.,0,.,0,.,0,.,0,.,0,.,0
1,s0,106,m0,59,m1,134,.,0,.,0,.,0,.,0,.,0,.,0,.,0,.,0,.,0,.,0,.,0,.,0,.,0,.,0,.,0,.,0,.,0,.,0,.,0,.,0,.,0,.,0,.,0,.,0,.,0,.,0,.,0
1,s0,101,s1,18,s4,119,m4,61,.,0,.,0,.,0,.,0,.,0,.,0,.,0,.,0,.,0,.,0,.,0,.,0,.,0,.,0,.,0,.,0,.,0,.,0,.,0,.,0,.,0,.,0,.,0,.,0,.,0,.,0
1,s0,32,c0,1,s0,124,s1,46,s2,81,c2,15,.,0,.,0,.,0,.,0,.,0,.,0,.,0,.,0,.,0,.,0,.,0,.,0,.,0,.,0,.,0,.,0,.,0,.,0,.,0,.,0,.,0,.,0,.,0,.,0
1,s0,54,s1,30,s2,27,s4,188,.,0,.,0,.,0,.,0,.,0,.,0,.,0,.,0,.,0,.,0,.,0,.,0,.,0,.,0,.,0,.,0,.,0,.,0,.,0,.,0,.,0,.,0,.,0,.,0,.,0,.,0
1,s0,128,c0,1,s0,117,c0,53,.,0,.,0,.,0,.,0,.,0,.,0,.,0,.,0,.,0,.,0,.,0,.,0,.,0,.,0,.,0,.,0,.,0,.,0,.,0,.,0,.,0,.,0,.,0,.,0,.,0,.,0
1,s0,122,s1,28,s2,149,.,0,.,0,.,0,.,0,.,0,.,0,.,0,.,0,.,0,.,0,.,0,.,0,.,0,.,0,.,0,.,0,.,0,.,0,.,0,.,0,.,0,.,0,.,0,.,0,.,0,.,0,.,0
1,s0,111,c0,21,c1,71,c2,96,.,0,.,0,.,0,.,0,.,0,.,0,.,0,.,0,.,0,.,0,.,0,.,0,.,0,.,0,.,0,.,0,.,0,.,0,.,0,.,0,.,0,.,0,.,0,.,0,.,0,.,0
1,s0,71,s1,4,c1,46,c2,178,.,0,.,0,.,0,.,0,.,0,.,0,.,0,.,0,.,0,.,0,.,0,.,0,.,0,.,0,.,0,.,0,.,0,.,0,.,0,.,0,.,0,.,0,.,0,.,0,.,0,.,0
1,s0,189,c0,1,s0,109,.,0,.,0,.,0,.,0,.,0,.,0,.,0,.,0,.,0,.,0,.,0,.,0,.,0,.,0,.,0,.,0,.,0,.,0,.,0,.,0,.,0,.,0,.,0,.,0,.,0,.,0,.,0
1,s0,77,c0,1,s0,48,c0,1,s0,29,s1,54,s2,85,c2,4,.,0,.,0,.,0,.,0,.,0,.,0,.,0,.,0,.,0,.,0,.,0,.,0,.,0,.,0,.,0,.,0,.,0,.,0,.,0,.,0,.,0,.,0
1,s0,31,c0,33,c1,19,c2,216,.,0,.,0,.,0,.,0,.,0,.,0,.,0,.,0,.,0,.,0,.,0,.,0,.,0,.,0,.,0,.,0,.,0,.,0,.,0,.,0,.,0,.,0,.,0,.,0,.,0,.,0
1,s0,76,c0,1,s0,113,c0,109,.,0,.,0,.,0,.,0,.,0,.,0,.,0,.,0,.,0,.,0,.,0,.,0,.,0,.,0,.,0,.,0,.,0,.,0,.,0,.,0,.,0,.,0,.,0,.,0,.,0,.,0
1,s0,79,c0,93,c1,127,.,0,.,0,.,0,.,0,.,0,.,0,.,0,.,0,.,0,.,0,.,0,.,0,.,0,.,0,.,0,.,0,.,0,.,0,.,0,.,0,.,0,.,0,.,0,.,0,.,0,.,0,.,0
1,s0,76,c0,1,s0,58,c0,1,s0,104,c0,59,.,0,.,0,.,0,.,0,.,0,.,0,.,0,.,0,.,0,.,0,.,0,.,0,.,0,.,0,.,0,.,0,.,0,.,0,.,0,.,0,.,0,.,0,.,0,.,0
1,s0,66,c0,20,c1,64,c2,149,.,0,.,0,.,0,.,0,.,0,.,0,.,0,.,0,.,0,.,0,.,0,.,0,.,0,.,0,.,0,.,0,.,0,.,0,.,0,.,0,.,0,.,0,.,0,.,0,.,0,.,0
1,s0,83,c0,1,s0,190,c0,1,s0,24,.,0,.,0,.,0,.,0,.,0,.,0,.,0,.,0,.,0,.,0,.,0,.,0,.,0,.,0,.,0,.,0,.,0,.,0,.,0,.,0,.,0,.,0,.,0,.,0,.,0
1,s0,83,m0,1,s0,68,s1,54,s2,93,.,0,.,0,.,0,.,0,.,0,.,0,.,0,.,0,.,0,.,0,.,0,.,0,.,0,.,0,.,0,.,0,.,0,.,0,.,0,.,0,.,0,.,0,.,0,.,0,.,0
1,s0,45,s1,122,s2,132,.,0,.,0,.,0,.,0,.,0,.,0,.,0,.,0,.,0,.,0,.,0,.,0,.,0,.,0,.,0,.,0,.,0,.,0,.,0,.,0,.,0,.,0,.,0,.,0,.,0,.,0,.,0
1,s0,255,c0,1,s0,6,s1,37,.,0,.,0,.,0,.,0,.,0,.,0,.,0,.,0,.,0,.,0,.,0,.,0,.,0,.,0,.,0,.,0,.,0,.,0,.,0,.,0,.,0,.,0,.,0,.,0,.,0,.,0
1,s0,56,m0,82,m1,52,m2,109,.,0,.,0,.,0,.,0,.,0,.,0,.,0,.,0,.,0,.,0,.,0,.,0,.,0,.,0,.,0,.,0,.,0,.,0,.,0,.,0,.,0,.,0,.,0,.,0,.,0,.,0
1,s0,184,c0,23,c1,34,c2,44,c3,14,.,0,.,0,.,0,.,0,.,0,.,0,.,0,.,0,.,0,.,0,.,0,.,0,.,0,.,0,.,0,.,0,.,0,.,0,.,0,.,0,.,0,.,0,.,0,.,0,.,0
1,s0,126,c0,81,c1,32,c2,60,.,0,.,0,.,0,.,0,.,0,.,0,.,0,.,0,.,0,.,0,.,0,.,0,.,0,.,0,.,0,.,0,.,0,.,0,.,0,.,0,.,0,.,0,.,0,.,0,.,0,.,0
1,s0,87,c0,1,s0,10,s1,87,s2,30,s3,74,c3,10,.,0,.,0,.,0,.,0,.,0,.,0,.,0,.,0,.,0,.,0,.,0,.,0,.,0,.,0,.,0,.,0,.,0,.,0,.,0,.,0,.,0,.,0,.,0
1,s0,31,c0,70,c1,49,c2,20,c3,129,.,0,.,0,.,0,.,0,.,0,.,0,.,0,.,0,.,0,.,0,.,0,.,0,.,0,.,0,.,0,.,0,.,0,.,0,.,0,.,0,.,0,.,0,.,0,.,0,.,0
1,s0,78,c0,11,c1,21,c2,32,c3,157,.,0,.,0,.,0,.,0,.,0,.,0,.,0,.,0,.,0,.,0,.,0,.,0,.,0,.,0,.,0,.,0,.,0,.,0,.,0,.,0,.,0,.,0,.,0,.,0,.,0
1,s0,101,s1,8,m1,41,m2,22,m3,127,.,0,.,0,.,0,.,0,.,0,.,0,.,0,.,0,.,0,.,0,.,0,.,0,.,0,.,0,.,0,.,0,.,0,.,0,.,0,.,0,.,0,.,0,.,0,.,0,.,0
1,s0,89,c0,28,c1,182,.,0,.,0,.,0,.,0,.,0,.,0,.,0,.,0,.,0,.,0,.,0,.,0,.,0,.,0,.,0,.,0,.,0,.,0,.,0,.,0,.,0,.,0,.,0,.,0,.,0,.,0,.,0
1,s0,15,c0,1,s0,177,c0,23,c1,23,c2,21,c3,39,.,0,.,0,.,0,.,0,.,0,.,0,.,0,.,0,.,0,.,0,.,0,.,0,.,0,.,0,.,0,.,0,.,0,.,0,.,0,.,0,.,0,.,0,.,0
1,s0,103,c0,1,s0,89,c0,26,c1,80,.,0,.,0,.,0,.,0,.,0,.,0,.,0,.,0,.,0,.,0,.,0,.,0,.,0,.,0,.,0,.,0,.,0,.,0,.,0,.,0,.,0,.,0,.,0,.,0,.,0
1,s0,83,s1,19,c1,45,c2,152,.,0,.,0,.,0,.,0,.,0,.,0,.,0,.,0,.,0,.,0,.,0,.,0,.,0,.,0,.,0,.,0,.,0,.,0,.,0,.,0,.,0,.,0,.,0,.,0,.,0,.,0
1,s0,64,c0,1,s0,55,c0,1,s0,51,c0,83,c1,44,.,0,.,0,.,0,.,0,.,0,.,0,.,0,.,0,.,0,.,0,.,0,.,0,.,0,.,0,.,0,.,0,.,0,.,0,.,0,.,0,.,0,.,0,.,0
1,s0,132,m0,32,m1,59,m2,76,.,0,.,0,.,0,.,0,.,0,.,0,.,0,.,0,.,0,.,0,.,0,.,0,.,0,.,0,.,0,.,0,.,0,.,0,.,0,.,0,.,0,.,0,.,0,.,0,.,0,.,0
1,s0,101,s1,12,c1,68,c2,48,c3,55,c4,15,.,0,.,0,.,0,.,0,.,0,.,0,.,0,.,0,.,0,.,0,.,0,.,0,.,0,.,0,.,0,.,0,.,0,.,0,.,0,.,0,.,0,.,0,.,0,.,0
1,s0,166,c0,1,s0,71,s1,37,c1,24,.,0,.,0,.,0,.,0,.,0,.,0,.,0,.,0,.,0,.,0,.,0,.,0,.,0,.,0,.,0,.,0,.,0,.,0,.,0,.,0,.,0,.,0,.,0,.,0,.,0
1,s0,103,c0,58,c1,26,c2,112,.,0,.,0,.,0,.,0,.,0,.,0,.,0,.,0,.,0,.,0,.,0,.,0,.,0,.,0,.,0,.,0,.,0,.,0,.,0,.,0,.,0,.,0,.,0,.,0,.,0,.,0
1,s0,100,c0,1,s0,78,s1,10,c1,40,c2,70,.,0,.,0,.,0,.,0,.,0,.,0,.,0,.,0,.,0,.,0,.,0,.,0,.,0,.,0,.,0,.,0,.,0,.,0,.,0,.,0,.,0,.,0,.,0,.,0
1,s0,81,m0,6,m1,44,m2,168,.,0,.,0,.,0,.,0,.,0,.,0,.,0,.,0,.,0,.,0,.,0,.,0,.,0,.,0,.,0,.,0,.,0,.,0,.,0,.,0,.,0,.,0,.,0,.,0,.,0,.,0
1,s0,51,c0,17,c1,65,c2,24,c3,142,.,0,.,0,.,0,.,0,.,0,.,0,.,0,.,0,.,0,.,0,.,0,.,0,.,0,.,0,.,0,.,0,.,0,.,0,.,0,.,0,.,0,.,0,.,0,.,0,.,0
1,s0,95,m0,17,m1,32,m2,69,m3,86,.,0,.,0,.,0,.,0,.,0,.,0,.,0,.,0,.,0,.,0,.,0,.,0,.,0,.,0,.,0,.,0,.,0,.,0,.,0,.,0,.,0,.,0,.,0,.,0,.,0
1,s0,45,c0,1,s0,32,c0,64,c1,29,c2,128,.,0,.,0,.,0,.,0,.,0,.,0,.,0,.,0,.,0,.,0,.,0,.,0,.,0,.,0,.,0,.,0,.,0,.,0,.,0,.,0,.,0,.,0,.,0,.,0
1,s0,52,m0,29,m1,38,m2,180,.,0,.,0,.,0,.,0,.,0,.,0,.,0,.,0,.,0,.,0,.,0,.,0,.,0,.,0,.,0,.,0,.,0,.,0,.,0,.,0,.,0,.,0,.,0,.,0,.,0,.,0
1,s0,88,c0,1,s0,4,s1,55,s2,151,.,0,.,0,.,0,.,0,.,0,.,0,.,0,.,0,.,0,.,0,.,0,.,0,.,0,.,0,.,0,.,0,.,0,.,0,.,0,.,0,.,0,.,0,.,0,.,0,.,0
1,s0,50,c0,62,c1,25,c2,79,c3,83,.,0,.,0,.,0,.,0,.,0,.,0,.,0,.,0,.,0,.,0,.,0,.,0,.,0,.,0,.,0,.,0,.,0,.,0,.,0,.,0,.,0,.,0,.,0,.,0,.,0
1,s0,70,c0,1,s0,100,c0,8,c1,120,.,0,.,0,.,0,.,0,.,0,.,0,.,0,.,0,.,0,.,0,.,0,.,0,.,0,.,0,.,0,.,0,.,0,.,0,.,0,.,0,.,0,.,0,.,0,.,0,.,0
1,s0,107,c0,1,s0,130,c0,24,c1,37,.,0,.,0,.,0,.,0,.,0,.,0,.,0,.,0,.,0,.,0,.,0,.,0,.,0,.,0,.,0,.,0,.,0,.,0,.,0,.,0,.,0,.,0,.,0,.,0,.,0
1,s0,299,.,0,.,0,.,0,.,0,.,0,.,0,.,0,.,0,.,0,.,0,.,0,.,0,.,0,.,0,.,0,.,0,.,0,.,0,.,0,.,0,.,0,.,0,.,0,.,0,.,0,.,0,.,0,.,0,.,0
1,s0,38,m0,35,m1,32,m2,84,m3,110,.,0,.,0,.,0,.,0,.,0,.,0,.,0,.,0,.,0,.,0,.,0,.,0,.,0,.,0,.,0,.,0,.,0,.,0,.,0,.,0,.,0,.,0,.,0,.,0,.,0
1,s0,246,c0,1,s0,52,.,0,.,0,.,0,.,0,.,0,.,0,.,0,.,0,.,0,.,0,.,0,.,0,.,0,.,0,.,0,.,0,.,0,.,0,.,0,.,0,.,0,.,0,.,0,.,0,.,0,.,0,.,0
1,s0,128,c0,24,c1,27,c2,120,.,0,.,0,.,0,.,0,.,0,.,0,.,0,.,0,.,0,.,0,.,0,.,0,.,0,.,0,.,0,.,0,.,0,.,0,.,0,.,0,.,0,.,0,.,0,.,0,.,0,.,0
1,s0,195,c0,104,.,0,.,0,.,0,.,0,.,0,.,0,.,0,.,0,.,0,.,0,.,0,.,0,.,0,.,0,.,0,.,0,.,0,.,0,.,0,.,0,.,0,.,0,.,0,.,0,.,0,.,0,.,0,.,0
1,s0,179,c0,26,c1,75,c2,19,.,0,.,0,.,0,.,0,.,0,.,0,.,0,.,0,.,0,.,0,.,0,.,0,.,0,.,0,.,0,.,0,.,0,.,0,.,0,.,0,.,0,.,0,.,0,.,0,.,0,.,0
1,s0,135,s1,1,c1,1,s1,28,s2,69,c2,65,.,0,.,0,.,0,.,0,.,0,.,0,.,0,.,0,.,0,.,0,.,0,.,0,.,0,.,0,.,0,.,0,.,0,.,0,.,0,.,0,.,0,.,0,.,0,.,0
1,s0,173,c0,93,c1,27,c2,6,.,0,.,0,.,0,.,0,.,0,.,0,.,0,.,0,.,0,.,0,.,0,.,0,.,0,.,0,.,0,.,0,.,0,.,0,.,0,.,0,.,0,.,0,.,0,.,0,.,0,.,0
1,s0,76,m0,4,m1,83,m2,136,.,0,.,0,.,0,.,0,.,0,.,0,.,0,.,0,.,0,.,0,.,0,.,0,.,0,.,0,.,0,.,0,.,0,.,0,.,0,.,0,.,0,.,0,.,0,.,0,.,0,.,0
1,s0,87,m0,1,s0,37,c0,15,c1,159,.,0,.,0,.,0,.,0,.,0,.,0,.,0,.,0,.,0,.,0,.,0,.,0,.,0,.,0,.,0,.,0,.,0,.,0,.,0,.,0,.,0,.,0,.,0,.,0,.,0
1,s0,299,.,0,.,0,.,0,.,0,.,0,.,0,.,0,.,0,.,0,.,0,.,0,.,0,.,0,.,0,.,0,.,0,.,0,.,0,.,0,.,0,.,0,.,0,.,0,.,0,.,0,.,0,.,0,.,0,.,0
1,s0,45,s1,3,m1,21,m2,230,.,0,.,0,.,0,.,0,.,0,.,0,.,0,.,0,.,0,.,0,.,0,.,0,.,0,.,0,.,0,.,0,.,0,.,0,.,0,.,0,.,0,.,0,.,0,.,0,.,0,.,0
1,s0,26,m0,13,m1,62,m2,32,m3,13,m4,153,.,0,.,0,.,0,.,0,.,0,.,0,.,0,.,0,.,0,.,0,.,0,.,0,.,0,.,0,.,0,.,0,.,0,.,0,.,0,.,0,.,0,.,0,.,0,.,0
1,s0,31,m0,1,s0,4,s1,13,s2,102,m2,1,s2,147,.,0,.,0,.,0,.,0,.,0,.,0,.,0,.,0,.,0,.,0,.,0,.,0,.,0,.,0,.,0,.,0,.,0,.,0,.,0,.,0,.,0,.,0,.,0
1,s0,108,m0,14,m1,35,m2,45,m3,97,.,0,.,0,.,0,.,0,.,0,.,0,.,0,.,0,.,0,.,0,.,0,.,0,.,0,.,0,.,0,.,0,.,0,.,0,.,0,.,0,.,0,.,0,.,0,.,0,.,0
1,s0,40,c0,1,s0,10,s1,15,c1,1,s1,9,s2,15,s3,27,s4,158,c4,23,.,0,.,0,.,0,.,0,.,0,.,0,.,0,.,0,.,0,.,0,.,0,.,0,.,0,.,0,.,0,.,0,.,0,.,0,.,0,.,0
1,s0,150,c0,1,c1,105,c2,43,.,0,.,0,.,0,.,0,.,0,.,0,.,0,.,0,.,0,.,0,.,0,.,0,.,0,.,0,.,0,.,0,.,0,.,0,.,0,.,0,.,0,.,0,.,0,.,0,.,0,.,0
1,s0,69,c0,15,c1,215,.,0,.,0,.,0,.,0,.,0,.,0,.,0,.,0,.,0,.,0,.,0,.,0,.,0,.,0,.,0,.,0,.,0,.,0,.,0,.,0,.,0,.,0,.,0,.,0,.,0,.,0,.,0
1,s0,69,m0,13,m1,24,m2,34,m3,70,m4,89,.,0,.,0,.,0,.,0,.,0,.,0,.,0,.,0,.,0,.,0,.,0,.,0,.,0,.,0,.,0,.,0,.,0,.,0,.,0,.,0,.,0,.,0,.,0,.,0
1,s0,124,m0,23,m1,25,m2,127,.,0,.,0,.,0,.,0,.,0,.,0,.,0,.,0,.,0,.,0,.,0,.,0,.,0,.,0,.,0,.,0,.,0,.,0,.,0,.,0,.,0,.,0,.,0,.,0,.,0,.,0
1,s0,75,c0,1,s0,119,c0,29,c1,75,.,0,.,0,.,0,.,0,.,0,.,0,.,0,.,0,.,0,.,0,.,0,.,0,.,0,.,0,.,0,.,0,.,0,.,0,.,0,.,0,.,0,.,0,.,0,.,0,.,0
1,s0,87,c0,1,s0,27,s1,34,s2,150,.,0,.,0,.,0,.,0,.,0,.,0,.,0,.,0,.,0,.,0,.,0,.,0,.,0,.,0,.,0,.,0,.,0,.,0,.,0,.,0,.,0,.,0,.,0,.,0,.,0
1,s0,51,c0,1,s0,55,s1,28,s2,98,c2,1,s2,22,s3,27,s4,16,.,0,.,0,.,0,.,0,.,0,.,0,.,0,.,0,.,0,.,0,.,0,.,0,.,0,.,0,.,0,.,0,.,0,.,0,.,0,.,0,.,0
1,s0,84,m0,7,m1,25,m2,183,.,0,.,0,.,0,.,0,.,0,.,0,.,0,.,0,.,0,.,0,.,0,.,0,.,0,.,0,.,0,.,0,.,0,.,0,.,0,.,0,.,0,.,0,.,0,.,0,.,0,.,0
1,s0,47,c0,1,s0,19,c0,1,s0,34,c0,74,c1,24,c2,99,.,0,.,0,.,0,.,0,.,0,.,0,.,0,.,0,.,0,.,0,.,0,.,0,.,0,.,0,.,0,.,0,.,0,.,0,.,0,.,0,.,0,.,0
1,s0,70,m0,2,m1,38,m2,49,m3,140,.,0,.,0,.,0,.,0,.,0,.,0,.,0,.,0,.,0,.,0,.,0,.,0,.,0,.,0,.,0,.,0,.,0,.,0,.,0,.,0,.,0,.,0,.,0,.,0,.,0
1,s0,138,c0,161,.,0,.,0,.,0,.,0,.,0,.,0,.,0,.,0,.,0,.,0,.,0,.,0,.,0,.,0,.,0,.,0,.,0,.,0,.,0,.,0,.,0,.,0,.,0,.,0,.,0,.,0,.,0,.,0
1,s0,187,c0,26,c1,29,c2,57,.,0,.,0,.,0,.,0,.,0,.,0,.,0,.,0,.,0,.,0,.,0,.,0,.,0,.,0,.,0,.,0,.,0,.,0,.,0,.,0,.,0,.,0,.,0,.,0,.,0,.,0
1,s0,113,c0,51,c1,20,c2,27,c3,88,.,0,.,0,.,0,.,0,.,0,.,0,.,0,.,0,.,0,.,0,.,0,.,0,.,0,.,0,.,0,.,0,.,0,.,0,.,0,.,0,.,0,.,0,.,0,.,0,.,0
1,s0,90,m0,39,m1,36,m2,134,.,0,.,0,.,0,.,0,.,0,.,0,.,0,.,0,.,0,.,0,.,0,.,0,.,0,.,0,.,0,.,0,.,0,.,0,.,0,.,0,.,0,.,0,.,0,.,0,.,0,.,0
1,s0,52,c0,1,s0,80,c0,40,c1,38,c2,16,c3,72,.,0,.,0,.,0,.,0,.,0,.,0,.,0,.,0,.,0,.,0,.,0,.,0,.,0,.,0,.,0,.,0,.,0,.,0,.,0,.,0,.,0,.,0,.,0
1,s0,105,c0,1,s0,125,c0,25,c1,17,c2,26,.,0,.,0,.,0,.,0,.,0,.,0,.,0,.,0,.,0,.,0,.,0,.,0,.,0,.,0,.,0,.,0,.,0,.,0,.,0,.,0,.,0,.,0,.,0,.,0
1,s0,124,c0,1,s0,9,s1,36,s2,129,.,0,.,0,.,0,.,0,.,0,.,0,.,0,.,0,.,0,.,0,.,0,.,0,.,0,.,0,.,0,.,0,.,0,.,0,.,0,.,0,.,0,.,0,.,0,.,0,.,0
1,s0,90,c0,32,c1,177,.,0,.,0,.,0,.,0,.,0,.,0,.,0,.,0,.,0,.,0,.,0,.,0,.,0,.,0,.,0,.,0,.,0,.,0,.,0,.,0,.,0,.,0,.,0,.,0,.,0,.,0,.,0
1,s0,179,c0,26,c1,94,.,0,.,0,.,0,.,0,.,0,.,0,.,0,.,0,.,0,.,0,.,0,.,0,.,0,.,0,.,0,.,0,.,0,.,0,.,0,.,0,.,0,.,0,.,0,.,0,.,0,.,0,.,0
1,s0,58,c0,1,s0,31,s1,58,s2,151,.,0,.,0,.,0,.,0,.,0,.,0,.,0,.,0,.,0,.,0,.,0,.,0,.,0,.,0,.,0,.,0,.,0,.,0,.,0,.,0,.,0,.,0,.,0,.,0,.,0
1,s0,62,c0,9,c1,18,c2,55,c3,29,c4,126,.,0,.,0,.,0,.,0,.,0,.,0,.,0,.,0,.,0,.,0,.,0,.,0,.,0,.,0,.,0,.,0,.,0,.,0,.,0,.,0,.,0,.,0,.,0,.,0
1,s0,50,s1,15,c1,1,s1,38,s2,195,.,0,.,0,.,0,.,0,.,0,.,0,.,0,.,0,.,0,.,0,.,0,.,0,.,0,.,0,.,0,.,0,.,0,.,0,.,0,.,0,.,0,.,0,.,0,.,0,.,0
1,s0,299,.,0,.,0,.,0,.,0,.,0,.,0,.,0,.,0,.,0,.,0,.,0,.,0,.,0,.,0,.,0,.,0,.,0,.,0,.,0,.,0,.,0,.,0,.,0,.,0,.,0,.,0,.,0,.,0,.,0
1,s0,67,c0,105,c1,35,c2,92,.,0,.,0,.,0,.,0,.,0,.,0,.,0,.,0,.,0,.,0,.,0,.,0,.,0,.,0,.,0,.,0,.,0,.,0,.,0,.,0,.,0,.,0,.,0,.,0,.,0,.,0
1,s0,270,c0,29,.,0,.,0,.,0,.,0,.,0,.,0,.,0,.,0,.,0,.,0,.,0,.,0,.,0,.,0,.,0,.,0,.,0,.,0,.,0,.,0,.,0,.,0,.,0,.,0,.,0,.,0,.,0,.,0
1,s0,150,c0,1,s0,7,s1,141,.,0,.,0,.,0,.,0,.,0,.,0,.,0,.,0,.,0,.,0,.,0,.,0,.,0,.,0,.,0,.,0,.,0,.,0,.,0,.,0,.,0,.,0,.,0,.,0,.,0,.,0
1,s0,31,c0,1,s0,198,c0,69,.,0,.,0,.,0,.,0,.,0,.,0,.,0,.,0,.,0,.,0,.,0,.,0,.,0,.,0,.,0,.,0,.,0,.,0,.,0,.,0,.,0,.,0,.,0,.,0,.,0,.,0
1,s0,98,c0,201,.,0,.,0,.,0,.,0,.,0,.,0,.,0,.,0,.,0,.,0,.,0,.,0,.,0,.,0,.,0,.,0,.,0,.,0,.,0,.,0,.,0,.,0,.,0,.,0,.,0,.,0,.,0,.,0
1,s0,105,m0,5,m1,39,m2,150,.,0,.,0,.,0,.,0,.,0,.,0,.,0,.,0,.,0,.,0,.,0,.,0,.,0,.,0,.,0,.,0,.,0,.,0,.,0,.,0,.,0,.,0,.,0,.,0,.,0,.,0
