1,s0,129,m0,1,c0,16,c2,153,,,,,,,,,,,,,,,,,,,,,,,,,,,,,,,,,,,,,,,,,,,,,,,,,,,,
1,s0,32,s1,45,s2,222,,,,,,,,,,,,,,,,,,,,,,,,,,,,,,,,,,,,,,,,,,,,,,,,,,,,,,
1,s0,131,m0,1,c0,8,c1,62,c2,97,,,,,,,,,,,,,,,,,,,,,,,,,,,,,,,,,,,,,,,,,,,,,,,,,,
1,s0,266,c0,15,c1,18,,,,,,,,,,,,,,,,,,,,,,,,,,,,,,,,,,,,,,,,,,,,,,,,,,,,,,
1,s0,110,m0,1,c0,10,c1,126,c2,52,,,,,,,,,,,,,,,,,,,,,,,,,,,,,,,,,,,,,,,,,,,,,,,,,,
1,s0,116,m0,1,c0,13,c1,48,c3,121,,,,,,,,,,,,,,,,,,,,,,,,,,,,,,,,,,,,,,,,,,,,,,,,,,
1,s0,76,s1,61,s2,162,,,,,,,,,,,,,,,,,,,,,,,,,,,,,,,,,,,,,,,,,,,,,,,,,,,,,,
1,s0,118,m0,1,c0,1,s0,6,s1,32,s2,141,,,,,,,,,,,,,,,,,,,,,,,,,,,,,,,,,,,,,,,,,,,,,,,,
1,s0,81,m0,1,c0,20,c1,86,c2,111,,,,,,,,,,,,,,,,,,,,,,,,,,,,,,,,,,,,,,,,,,,,,,,,,,
1,s0,78,m0,1,c0,1,s0,6,s1,19,s2,21,m2,1,c2,1,s2,171,,,,,,,,,,,,,,,,,,,,,,,,,,,,,,,,,,,,,,,,,,
1,s0,97,m0,1,c0,21,c1,33,c2,147,,,,,,,,,,,,,,,,,,,,,,,,,,,,,,,,,,,,,,,,,,,,,,,,,,
1,s0,104,m0,1,c0,1,s0,37,s1,31,s2,125,,,,,,,,,,,,,,,,,,,,,,,,,,,,,,,,,,,,,,,,,,,,,,,,
1,s0,93,m0,1,c0,31,c1,78,c2,96,,,,,,,,,,,,,,,,,,,,,,,,,,,,,,,,,,,,,,,,,,,,,,,,,,
1,s0,54,s1,26,m1,1,c1,1,s1,55,s2,17,s3,30,m3,1,c3,1,s3,44,m3,1,c3,1,s3,1,m3,1,c3,65,,,,,,,,,,,,,,,,,,,,,,,,,,,,,,
1,s0,46,c0,1,s0,85,c0,1,s0,12,s2,73,m2,1,c2,1,s2,19,m2,1,c2,46,c3,13,,,,,,,,,,,,,,,,,,,,,,,,,,,,,,,,,,,,
1,s0,87,m0,1,c0,29,c1,182,,,,,,,,,,,,,,,,,,,,,,,,,,,,,,,,,,,,,,,,,,,,,,,,,,,,
1,s0,95,c0,1,s0,48,c0,1,s0,18,m0,1,c0,1,s0,52,c0,16,c1,66,,,,,,,,,,,,,,,,,,,,,,,,,,,,,,,,,,,,,,,,
1,s0,63,m0,1,c0,35,c1,200,,,,,,,,,,,,,,,,,,,,,,,,,,,,,,,,,,,,,,,,,,,,,,,,,,,,
1,s0,41,m0,1,c0,1,s0,16,s1,38,s2,123,c2,79,,,,,,,,,,,,,,,,,,,,,,,,,,,,,,,,,,,,,,,,,,,,,,
1,s0,91,m0,1,c0,12,c1,23,c2,28,c3,144,,,,,,,,,,,,,,,,,,,,,,,,,,,,,,,,,,,,,,,,,,,,,,,,
1,s0,144,m0,1,c0,11,c1,143,,,,,,,,,,,,,,,,,,,,,,,,,,,,,,,,,,,,,,,,,,,,,,,,,,,,
1,s0,111,c0,36,c1,27,c2,125,,,,,,,,,,,,,,,,,,,,,,,,,,,,,,,,,,,,,,,,,,,,,,,,,,,,
1,s0,53,m0,1,c0,22,c1,53,c2,170,,,,,,,,,,,,,,,,,,,,,,,,,,,,,,,,,,,,,,,,,,,,,,,,,,
1,s0,102,m0,1,c0,196,,,,,,,,,,,,,,,,,,,,,,,,,,,,,,,,,,,,,,,,,,,,,,,,,,,,,,
1,s0,46,m0,1,c0,1,s0,38,s1,42,s2,28,m2,1,c2,1,s2,45,c2,1,s2,17,c2,78,,,,,,,,,,,,,,,,,,,,,,,,,,,,,,,,,,,,
1,s0,95,m0,1,c0,13,c1,190,,,,,,,,,,,,,,,,,,,,,,,,,,,,,,,,,,,,,,,,,,,,,,,,,,,,
1,s0,85,m0,1,c0,13,c1,18,c2,37,c3,145,,,,,,,,,,,,,,,,,,,,,,,,,,,,,,,,,,,,,,,,,,,,,,,,
1,s0,71,m0,1,c0,61,c1,166,,,,,,,,,,,,,,,,,,,,,,,,,,,,,,,,,,,,,,,,,,,,,,,,,,,,
1,s0,60,m0,1,c0,6,c1,19,c2,168,c3,45,,,,,,,,,,,,,,,,,,,,,,,,,,,,,,,,,,,,,,,,,,,,,,,,
1,s0,113,s1,43,s2,143,,,,,,,,,,,,,,,,,,,,,,,,,,,,,,,,,,,,,,,,,,,,,,,,,,,,,,
1,s0,94,m0,1,c0,18,c1,29,c2,157,,,,,,,,,,,,,,,,,,,,,,,,,,,,,,,,,,,,,,,,,,,,,,,,,,
1,s0,125,m0,1,c0,173,,,,,,,,,,,,,,,,,,,,,,,,,,,,,,,,,,,,,,,,,,,,,,,,,,,,,,
1,s0,72,s1,124,s2,103,,,,,,,,,,,,,,,,,,,,,,,,,,,,,,,,,,,,,,,,,,,,,,,,,,,,,,
1,s0,58,m0,1,c0,1,s0,7,s1,59,s2,173,,,,,,,,,,,,,,,,,,,,,,,,,,,,,,,,,,,,,,,,,,,,,,,,
1,s0,59,m0,1,c0,1,s0,61,m0,1,c0,1,s0,149,c0,21,c1,5,,,,,,,,,,,,,,,,,,,,,,,,,,,,,,,,,,,,,,,,,,
1,s0,75,m0,1,c0,1,s0,44,s1,19,s2,55,m2,1,c2,103,,,,,,,,,,,,,,,,,,,,,,,,,,,,,,,,,,,,,,,,,,,,
1,s0,96,s1,78,s2,125,,,,,,,,,,,,,,,,,,,,,,,,,,,,,,,,,,,,,,,,,,,,,,,,,,,,,,
1,s0,64,m0,1,c0,8,c1,226,,,,,,,,,,,,,,,,,,,,,,,,,,,,,,,,,,,,,,,,,,,,,,,,,,,,
1,s0,47,m0,1,c0,19,c1,19,c2,39,c3,62,c4,112,,,,,,,,,,,,,,,,,,,,,,,,,,,,,,,,,,,,,,,,,,,,,,
1,s0,89,m0,1,c0,1,s0,2,s1,63,s2,143,,,,,,,,,,,,,,,,,,,,,,,,,,,,,,,,,,,,,,,,,,,,,,,,
1,s0,43,m0,1,c0,29,c1,35,c2,191,,,,,,,,,,,,,,,,,,,,,,,,,,,,,,,,,,,,,,,,,,,,,,,,,,
1,s0,220,m0,1,c0,17,c1,61,,,,,,,,,,,,,,,,,,,,,,,,,,,,,,,,,,,,,,,,,,,,,,,,,,,,
1,s0,51,c0,1,s0,20,s1,12,c1,26,c2,16,c3,24,c4,149,,,,,,,,,,,,,,,,,,,,,,,,,,,,,,,,,,,,,,,,,,,,
1,s0,86,s1,13,s2,200,,,,,,,,,,,,,,,,,,,,,,,,,,,,,,,,,,,,,,,,,,,,,,,,,,,,,,
1,s0,87,m0,1,c0,1,s0,47,s1,50,m1,1,c1,112,,,,,,,,,,,,,,,,,,,,,,,,,,,,,,,,,,,,,,,,,,,,,,
1,s0,88,m0,1,c0,6,c1,37,c2,167,,,,,,,,,,,,,,,,,,,,,,,,,,,,,,,,,,,,,,,,,,,,,,,,,,
1,s0,119,m0,1,c0,12,c1,13,c2,21,c3,82,c4,51,,,,,,,,,,,,,,,,,,,,,,,,,,,,,,,,,,,,,,,,,,,,,,
1,s0,84,m0,1,c0,8,c1,34,c2,172,,,,,,,,,,,,,,,,,,,,,,,,,,,,,,,,,,,,,,,,,,,,,,,,,,
1,s0,68,m0,1,c0,1,s0,4,s1,34,s2,127,s3,64,,,,,,,,,,,,,,,,,,,,,,,,,,,,,,,,,,,,,,,,,,,,,,
1,s0,51,m0,1,c0,5,c1,242,,,,,,,,,,,,,,,,,,,,,,,,,,,,,,,,,,,,,,,,,,,,,,,,,,,,
1,s0,99,m0,1,c0,20,c1,179,,,,,,,,,,,,,,,,,,,,,,,,,,,,,,,,,,,,,,,,,,,,,,,,,,,,
1,s0,93,m0,1,c0,17,c1,14,c2,174,,,,,,,,,,,,,,,,,,,,,,,,,,,,,,,,,,,,,,,,,,,,,,,,,,
1,s0,72,m0,1,c0,12,c1,214,,,,,,,,,,,,,,,,,,,,,,,,,,,,,,,,,,,,,,,,,,,,,,,,,,,,
1,s0,121,m0,1,c0,13,c1,87,c2,77,,,,,,,,,,,,,,,,,,,,,,,,,,,,,,,,,,,,,,,,,,,,,,,,,,
1,s0,299,,,,,,,,,,,,,,,,,,,,,,,,,,,,,,,,,,,,,,,,,,,,,,,,,,,,,,,,,,
1,s0,92,m0,1,c0,6,c1,200,,,,,,,,,,,,,,,,,,,,,,,,,,,,,,,,,,,,,,,,,,,,,,,,,,,,
1,s0,82,m0,1,c0,1,s0,32,s1,120,m1,1,c1,62,,,,,,,,,,,,,,,,,,,,,,,,,,,,,,,,,,,,,,,,,,,,,,
1,s0,103,m0,1,c0,39,c1,51,c2,105,,,,,,,,,,,,,,,,,,,,,,,,,,,,,,,,,,,,,,,,,,,,,,,,,,
1,s0,43,m0,1,c0,9,c1,23,c3,223,,,,,,,,,,,,,,,,,,,,,,,,,,,,,,,,,,,,,,,,,,,,,,,,,,
1,s0,75,m0,1,c0,29,c1,126,c2,68,,,,,,,,,,,,,,,,,,,,,,,,,,,,,,,,,,,,,,,,,,,,,,,,,,
1,s0,88,m0,1,c0,23,c1,37,c2,150,,,,,,,,,,,,,,,,,,,,,,,,,,,,,,,,,,,,,,,,,,,,,,,,,,
1,s0,25,m0,1,c0,1,s0,13,s1,42,m1,1,c1,1,s1,61,m1,1,c1,1,s1,7,s2,60,m2,1,c2,1,s2,40,m2,1,c2,42,,,,,,,,,,,,,,,,,,,,,,,,,,
1,s0,83,m0,1,c0,1,s0,6,s1,191,m1,1,c1,16,,,,,,,,,,,,,,,,,,,,,,,,,,,,,,,,,,,,,,,,,,,,,,
1,s0,19,m0,1,c0,12,c1,18,c2,84,c3,165,,,,,,,,,,,,,,,,,,,,,,,,,,,,,,,,,,,,,,,,,,,,,,,,
1,s0,76,c0,1,s0,11,c0,1,s0,51,s1,37,s2,19,s3,82,m3,1,c3,20,,,,,,,,,,,,,,,,,,,,,,,,,,,,,,,,,,,,,,,,
1,s0,53,m0,1,c0,5,c1,14,c2,35,c3,191,,,,,,,,,,,,,,,,,,,,,,,,,,,,,,,,,,,,,,,,,,,,,,,,
1,s0,100,m0,1,c0,1,s0,8,s1,38,s2,123,m2,1,c2,1,s2,6,c2,20,,,,,,,,,,,,,,,,,,,,,,,,,,,,,,,,,,,,,,,,
1,s0,35,m0,1,c0,1,s0,17,s1,110,s2,7,m2,1,c2,1,s2,123,c2,3,,,,,,,,,,,,,,,,,,,,,,,,,,,,,,,,,,,,,,,,
1,s0,46,m0,1,c0,1,s0,251,,,,,,,,,,,,,,,,,,,,,,,,,,,,,,,,,,,,,,,,,,,,,,,,,,,,
1,s0,127,s1,172,,,,,,,,,,,,,,,,,,,,,,,,,,,,,,,,,,,,,,,,,,,,,,,,,,,,,,,,
1,s0,70,m0,1,c1,63,c2,165,,,,,,,,,,,,,,,,,,,,,,,,,,,,,,,,,,,,,,,,,,,,,,,,,,,,
1,s0,99,m0,1,c0,1,s0,22,s1,27,s2,100,c2,49,,,,,,,,,,,,,,,,,,,,,,,,,,,,,,,,,,,,,,,,,,,,,,
1,s0,105,c0,1,s0,5,c0,64,c1,46,c2,78,,,,,,,,,,,,,,,,,,,,,,,,,,,,,,,,,,,,,,,,,,,,,,,,
1,s0,65,m0,1,c0,7,c1,12,c2,214,,,,,,,,,,,,,,,,,,,,,,,,,,,,,,,,,,,,,,,,,,,,,,,,,,
1,s0,51,m0,1,c0,1,s0,13,s1,25,s2,208,,,,,,,,,,,,,,,,,,,,,,,,,,,,,,,,,,,,,,,,,,,,,,,,
1,s0,127,c0,12,c1,28,c2,16,c3,116,,,,,,,,,,,,,,,,,,,,,,,,,,,,,,,,,,,,,,,,,,,,,,,,,,
1,s0,66,m0,1,c0,15,c1,65,c2,152,,,,,,,,,,,,,,,,,,,,,,,,,,,,,,,,,,,,,,,,,,,,,,,,,,
1,s0,70,m0,1,c0,10,c1,14,c2,128,c3,76,,,,,,,,,,,,,,,,,,,,,,,,,,,,,,,,,,,,,,,,,,,,,,,,
1,s0,190,s1,109,,,,,,,,,,,,,,,,,,,,,,,,,,,,,,,,,,,,,,,,,,,,,,,,,,,,,,,,
1,s0,138,m0,1,c0,11,c1,24,c2,19,c3,106,,,,,,,,,,,,,,,,,,,,,,,,,,,,,,,,,,,,,,,,,,,,,,,,
1,s0,105,c0,1,s0,2,c0,1,s0,3,m0,1,c0,1,s0,67,m0,1,c0,1,s0,58,m0,1,c0,1,s0,51,m0,1,c0,4,,,,,,,,,,,,,,,,,,,,,,,,,,,,
1,s0,69,m0,1,c0,23,c1,22,c2,184,,,,,,,,,,,,,,,,,,,,,,,,,,,,,,,,,,,,,,,,,,,,,,,,,,
1,s0,85,m0,1,c0,1,s0,3,s1,66,s2,143,,,,,,,,,,,,,,,,,,,,,,,,,,,,,,,,,,,,,,,,,,,,,,,,
1,s0,86,m0,1,c0,5,c1,31,c2,176,,,,,,,,,,,,,,,,,,,,,,,,,,,,,,,,,,,,,,,,,,,,,,,,,,
1,s0,75,m0,1,c0,1,s0,36,m0,1,c0,1,s0,70,m0,1,c0,1,s0,112,,,,,,,,,,,,,,,,,,,,,,,,,,,,,,,,,,,,,,,,
1,s0,130,m0,1,c0,1,s0,52,s1,19,s2,39,s3,57,,,,,,,,,,,,,,,,,,,,,,,,,,,,,,,,,,,,,,,,,,,,,,
1,s0,65,m0,1,c0,15,c1,60,c2,158,,,,,,,,,,,,,,,,,,,,,,,,,,,,,,,,,,,,,,,,,,,,,,,,,,
1,s0,38,m0,1,c0,24,c1,35,c2,201,,,,,,,,,,,,,,,,,,,,,,,,,,,,,,,,,,,,,,,,,,,,,,,,,,
1,s0,84,m0,1,c0,3,c1,28,c2,183,,,,,,,,,,,,,,,,,,,,,,,,,,,,,,,,,,,,,,,,,,,,,,,,,,
1,s0,108,m0,1,c0,22,c1,59,c2,36,c3,73,,,,,,,,,,,,,,,,,,,,,,,,,,,,,,,,,,,,,,,,,,,,,,,,
1,s0,60,m0,1,c0,1,s0,4,s1,16,s2,39,c2,1,c3,177,,,,,,,,,,,,,,,,,,,,,,,,,,,,,,,,,,,,,,,,,,,,
1,s0,75,m0,1,c0,8,c1,58,c2,157,,,,,,,,,,,,,,,,,,,,,,,,,,,,,,,,,,,,,,,,,,,,,,,,,,
1,s0,36,m0,1,c0,1,s0,8,s1,31,s2,146,c2,76,,,,,,,,,,,,,,,,,,,,,,,,,,,,,,,,,,,,,,,,,,,,,,
1,s0,73,m0,1,c0,17,c1,30,c2,146,c3,32,,,,,,,,,,,,,,,,,,,,,,,,,,,,,,,,,,,,,,,,,,,,,,,,
1,s0,101,m0,1,c0,23,c1,53,c2,36,c3,85,,,,,,,,,,,,,,,,,,,,,,,,,,,,,,,,,,,,,,,,,,,,,,,,
1,s0,139,m0,1,c0,7,c1,43,c2,109,,,,,,,,,,,,,,,,,,,,,,,,,,,,,,,,,,,,,,,,,,,,,,,,,,
1,s0,82,m0,1,c0,1,s0,4,s1,18,s2,157,m2,1,c2,35,,,,,,,,,,,,,,,,,,,,,,,,,,,,,,,,,,,,,,,,,,,,
1,s0,65,m0,1,c0,1,s0,64,s1,168,,,,,,,,,,,,,,,,,,,,,,,,,,,,,,,,,,,,,,,,,,,,,,,,,,
1,s0,140,m0,1,c0,21,c1,18,c2,119,,,,,,,,,,,,,,,,,,,,,,,,,,,,,,,,,,,,,,,,,,,,,,,,,,
1,s0,76,m0,1,c0,20,c1,202,,,,,,,,,,,,,,,,,,,,,,,,,,,,,,,,,,,,,,,,,,,,,,,,,,,,
1,s0,41,m0,1,c0,1,s0,8,s1,24,c1,28,c2,17,c3,51,c4,128,,,,,,,,,,,,,,,,,,,,,,,,,,,,,,,,,,,,,,,,,,
1,s0,110,m0,1,c0,1,s0,187,,,,,,,,,,,,,,,,,,,,,,,,,,,,,,,,,,,,,,,,,,,,,,,,,,,,
1,s0,88,m0,1,c0,5,c1,25,c2,180,,,,,,,,,,,,,,,,,,,,,,,,,,,,,,,,,,,,,,,,,,,,,,,,,,
1,s0,107,c0,192,,,,,,,,,,,,,,,,,,,,,,,,,,,,,,,,,,,,,,,,,,,,,,,,,,,,,,,,
1,s0,49,m0,1,c0,1,s0,11,s1,151,m1,1,c1,85,,,,,,,,,,,,,,,,,,,,,,,,,,,,,,,,,,,,,,,,,,,,,,
1,s0,42,m0,1,c0,1,s0,48,s2,207,,,,,,,,,,,,,,,,,,,,,,,,,,,,,,,,,,,,,,,,,,,,,,,,,,
1,s0,79,m0,1,c0,219,,,,,,,,,,,,,,,,,,,,,,,,,,,,,,,,,,,,,,,,,,,,,,,,,,,,,,
1,s0,107,m0,1,c0,1,s0,32,s1,158,,,,,,,,,,,,,,,,,,,,,,,,,,,,,,,,,,,,,,,,,,,,,,,,,,
1,s0,47,s1,3,m1,1,c1,20,c2,27,c3,201,,,,,,,,,,,,,,,,,,,,,,,,,,,,,,,,,,,,,,,,,,,,,,,,
1,s0,181,m0,1,c0,117,,,,,,,,,,,,,,,,,,,,,,,,,,,,,,,,,,,,,,,,,,,,,,,,,,,,,,
1,s0,80,m0,1,c0,1,s0,7,s1,58,s2,90,s3,62,,,,,,,,,,,,,,,,,,,,,,,,,,,,,,,,,,,,,,,,,,,,,,
1,s0,88,m0,1,c0,1,s0,10,s1,144,m1,1,c1,1,s1,53,,,,,,,,,,,,,,,,,,,,,,,,,,,,,,,,,,,,,,,,,,,,
1,s0,90,m0,1,c0,24,c1,17,c2,25,c3,142,,,,,,,,,,,,,,,,,,,,,,,,,,,,,,,,,,,,,,,,,,,,,,,,
1,s0,115,m0,1,c0,9,c1,74,c2,100,,,,,,,,,,,,,,,,,,,,,,,,,,,,,,,,,,,,,,,,,,,,,,,,,,
1,s0,93,m0,1,c0,45,c1,160,,,,,,,,,,,,,,,,,,,,,,,,,,,,,,,,,,,,,,,,,,,,,,,,,,,,
1,s0,64,m0,1,c0,1,s0,21,s1,15,s2,11,s3,59,m3,1,c3,1,s3,1,c3,1,s3,28,c3,95,,,,,,,,,,,,,,,,,,,,,,,,,,,,,,,,,,
1,s0,123,m0,1,c0,11,c1,164,,,,,,,,,,,,,,,,,,,,,,,,,,,,,,,,,,,,,,,,,,,,,,,,,,,,
1,s0,66,s1,18,s2,14,s3,201,,,,,,,,,,,,,,,,,,,,,,,,,,,,,,,,,,,,,,,,,,,,,,,,,,,,
1,s0,81,m0,1,c0,19,c1,26,c2,25,c3,142,c4,5,,,,,,,,,,,,,,,,,,,,,,,,,,,,,,,,,,,,,,,,,,,,,,
1,s0,114,m0,1,c0,1,s0,12,s1,171,,,,,,,,,,,,,,,,,,,,,,,,,,,,,,,,,,,,,,,,,,,,,,,,,,
1,s0,45,m0,1,c0,9,c1,68,c2,176,,,,,,,,,,,,,,,,,,,,,,,,,,,,,,,,,,,,,,,,,,,,,,,,,,
1,s0,32,m0,1,c0,26,c1,127,c2,113,,,,,,,,,,,,,,,,,,,,,,,,,,,,,,,,,,,,,,,,,,,,,,,,,,
1,s0,59,s1,36,m1,1,c1,7,c2,78,c3,118,,,,,,,,,,,,,,,,,,,,,,,,,,,,,,,,,,,,,,,,,,,,,,,,
1,s0,72,m0,1,c0,1,s0,4,s1,92,s2,65,m2,1,c2,1,s2,3,c2,59,,,,,,,,,,,,,,,,,,,,,,,,,,,,,,,,,,,,,,,,
1,s0,74,c0,110,c1,115,,,,,,,,,,,,,,,,,,,,,,,,,,,,,,,,,,,,,,,,,,,,,,,,,,,,,,
1,s0,90,m0,1,c0,1,s0,5,s1,56,s2,146,,,,,,,,,,,,,,,,,,,,,,,,,,,,,,,,,,,,,,,,,,,,,,,,
1,s0,57,m0,1,c0,20,c1,24,c2,197,,,,,,,,,,,,,,,,,,,,,,,,,,,,,,,,,,,,,,,,,,,,,,,,,,
1,s0,112,m0,1,c0,1,s0,5,s1,28,s2,152,,,,,,,,,,,,,,,,,,,,,,,,,,,,,,,,,,,,,,,,,,,,,,,,
1,s0,113,m0,1,c0,8,c1,105,c2,72,,,,,,,,,,,,,,,,,,,,,,,,,,,,,,,,,,,,,,,,,,,,,,,,,,
1,s0,93,m0,1,c0,13,c1,15,c2,177,,,,,,,,,,,,,,,,,,,,,,,,,,,,,,,,,,,,,,,,,,,,,,,,,,
1,s0,53,s1,3,c1,1,s1,23,s2,26,s3,21,s4,19,c4,153,,,,,,,,,,,,,,,,,,,,,,,,,,,,,,,,,,,,,,,,,,,,
1,s0,77,m0,1,c0,12,c1,33,c2,13,c3,163,,,,,,,,,,,,,,,,,,,,,,,,,,,,,,,,,,,,,,,,,,,,,,,,
1,s0,43,m0,1,c0,11,c1,82,c2,162,,,,,,,,,,,,,,,,,,,,,,,,,,,,,,,,,,,,,,,,,,,,,,,,,,
1,s0,65,m0,1,c0,15,c1,12,c2,32,c3,174,,,,,,,,,,,,,,,,,,,,,,,,,,,,,,,,,,,,,,,,,,,,,,,,
1,s0,63,m0,1,c0,7,c1,32,c2,196,,,,,,,,,,,,,,,,,,,,,,,,,,,,,,,,,,,,,,,,,,,,,,,,,,
1,s0,109,m0,1,c0,9,c1,40,c2,140,,,,,,,,,,,,,,,,,,,,,,,,,,,,,,,,,,,,,,,,,,,,,,,,,,
1,s0,24,m0,1,c0,1,s0,43,m0,1,c0,1,s0,10,c0,1,s0,5,c0,29,c1,183,,,,,,,,,,,,,,,,,,,,,,,,,,,,,,,,,,,,,,
1,s0,19,m0,1,c0,1,s0,4,s1,42,m1,1,c1,1,s1,12,s2,117,m2,1,c2,1,s2,99,,,,,,,,,,,,,,,,,,,,,,,,,,,,,,,,,,,,
1,s0,58,s1,6,m1,1,c1,1,s1,13,s2,20,m2,1,c2,1,s2,4,s3,14,m3,1,c3,1,s3,77,m3,1,c3,89,c4,11,,,,,,,,,,,,,,,,,,,,,,,,,,,,
1,s0,66,m0,1,c1,16,c2,216,,,,,,,,,,,,,,,,,,,,,,,,,,,,,,,,,,,,,,,,,,,,,,,,,,,,
1,s0,299,,,,,,,,,,,,,,,,,,,,,,,,,,,,,,,,,,,,,,,,,,,,,,,,,,,,,,,,,,
1,s0,110,m0,1,c0,41,c1,31,c2,116,,,,,,,,,,,,,,,,,,,,,,,,,,,,,,,,,,,,,,,,,,,,,,,,,,
1,s0,83,m0,1,c0,1,s0,13,s1,26,s2,133,c2,42,,,,,,,,,,,,,,,,,,,,,,,,,,,,,,,,,,,,,,,,,,,,,,
1,s0,42,s1,2,m1,1,c1,1,s1,47,s2,206,,,,,,,,,,,,,,,,,,,,,,,,,,,,,,,,,,,,,,,,,,,,,,,,
1,s0,91,m0,1,c0,1,s0,5,s1,17,s2,120,s3,64,,,,,,,,,,,,,,,,,,,,,,,,,,,,,,,,,,,,,,,,,,,,,,
1,s0,66,m0,1,c0,1,s0,3,s1,48,s2,180,,,,,,,,,,,,,,,,,,,,,,,,,,,,,,,,,,,,,,,,,,,,,,,,
1,s0,93,m0,1,c0,21,c1,184,,,,,,,,,,,,,,,,,,,,,,,,,,,,,,,,,,,,,,,,,,,,,,,,,,,,
1,s0,85,c0,1,s0,2,c0,37,c1,174,,,,,,,,,,,,,,,,,,,,,,,,,,,,,,,,,,,,,,,,,,,,,,,,,,
1,s0,91,m0,1,c0,1,s0,9,s1,15,m1,1,c1,1,s1,105,m1,1,c1,1,s1,22,s2,38,m2,1,c2,1,s2,11,,,,,,,,,,,,,,,,,,,,,,,,,,,,,,
1,s0,78,s1,3,m1,1,c1,45,c2,172,,,,,,,,,,,,,,,,,,,,,,,,,,,,,,,,,,,,,,,,,,,,,,,,,,
1,s0,55,c0,244,,,,,,,,,,,,,,,,,,,,,,,,,,,,,,,,,,,,,,,,,,,,,,,,,,,,,,,,
1,s0,16,m0,1,c0,6,c1,61,c2,215,,,,,,,,,,,,,,,,,,,,,,,,,,,,,,,,,,,,,,,,,,,,,,,,,,
1,s0,124,m0,1,c0,5,c1,169,,,,,,,,,,,,,,,,,,,,,,,,,,,,,,,,,,,,,,,,,,,,,,,,,,,,
1,s0,95,m0,1,c0,1,s0,5,s1,37,s2,160,,,,,,,,,,,,,,,,,,,,,,,,,,,,,,,,,,,,,,,,,,,,,,,,
1,s0,19,c0,1,s0,4,c0,1,s0,13,s1,32,s2,26,s3,35,c3,168,,,,,,,,,,,,,,,,,,,,,,,,,,,,,,,,,,,,,,,,,,
1,s0,89,s1,22,s2,188,,,,,,,,,,,,,,,,,,,,,,,,,,,,,,,,,,,,,,,,,,,,,,,,,,,,,,
1,s0,89,m0,1,c0,36,c1,173,,,,,,,,,,,,,,,,,,,,,,,,,,,,,,,,,,,,,,,,,,,,,,,,,,,,
1,s0,90,m0,1,c0,1,s0,26,s1,1,m1,1,c1,179,,,,,,,,,,,,,,,,,,,,,,,,,,,,,,,,,,,,,,,,,,,,,,
1,s0,130,m0,1,c0,10,c1,71,c2,87,,,,,,,,,,,,,,,,,,,,,,,,,,,,,,,,,,,,,,,,,,,,,,,,,,
1,s0,30,m0,1,c0,50,c1,14,c2,204,,,,,,,,,,,,,,,,,,,,,,,,,,,,,,,,,,,,,,,,,,,,,,,,,,
1,s0,70,m0,1,c0,3,c1,225,,,,,,,,,,,,,,,,,,,,,,,,,,,,,,,,,,,,,,,,,,,,,,,,,,,,
1,s0,128,m0,1,c0,11,c1,60,c2,99,,,,,,,,,,,,,,,,,,,,,,,,,,,,,,,,,,,,,,,,,,,,,,,,,,
1,s0,110,m0,1,c0,14,c1,59,c2,115,,,,,,,,,,,,,,,,,,,,,,,,,,,,,,,,,,,,,,,,,,,,,,,,,,
1,s0,94,s1,11,m1,1,c1,1,s1,22,s2,170,,,,,,,,,,,,,,,,,,,,,,,,,,,,,,,,,,,,,,,,,,,,,,,,
1,s0,27,m0,1,c0,9,c1,15,c2,26,c3,221,,,,,,,,,,,,,,,,,,,,,,,,,,,,,,,,,,,,,,,,,,,,,,,,
1,s0,78,m0,1,c0,29,c2,80,c3,111,,,,,,,,,,,,,,,,,,,,,,,,,,,,,,,,,,,,,,,,,,,,,,,,,,
1,s0,90,m0,1,c0,9,c1,51,c2,116,c3,32,,,,,,,,,,,,,,,,,,,,,,,,,,,,,,,,,,,,,,,,,,,,,,,,
1,s0,34,m0,1,c0,6,c1,40,c2,218,,,,,,,,,,,,,,,,,,,,,,,,,,,,,,,,,,,,,,,,,,,,,,,,,,
1,s0,289,m0,1,c0,1,s0,8,m0,,,,,,,,,,,,,,,,,,,,,,,,,,,,,,,,,,,,,,,,,,,,,,,,,,,
1,s0,53,m0,1,c0,16,c1,48,c2,105,c3,76,,,,,,,,,,,,,,,,,,,,,,,,,,,,,,,,,,,,,,,,,,,,,,,,
1,s0,92,m0,1,c0,21,c1,35,c2,150,,,,,,,,,,,,,,,,,,,,,,,,,,,,,,,,,,,,,,,,,,,,,,,,,,
1,s0,60,m0,1,c0,22,c1,37,c2,179,,,,,,,,,,,,,,,,,,,,,,,,,,,,,,,,,,,,,,,,,,,,,,,,,,
1,s0,88,m0,1,c0,29,c1,48,c2,133,,,,,,,,,,,,,,,,,,,,,,,,,,,,,,,,,,,,,,,,,,,,,,,,,,
1,s0,42,m0,1,c0,1,s0,51,m1,1,c1,1,s1,20,m1,1,c1,32,c2,149,,,,,,,,,,,,,,,,,,,,,,,,,,,,,,,,,,,,,,,,
1,s0,39,m0,1,c0,1,s0,8,s1,46,m1,1,c1,1,s1,187,c1,1,s1,14,,,,,,,,,,,,,,,,,,,,,,,,,,,,,,,,,,,,,,,,
1,s0,74,m0,1,c0,56,c1,39,c2,129,,,,,,,,,,,,,,,,,,,,,,,,,,,,,,,,,,,,,,,,,,,,,,,,,,
1,s0,106,m0,1,c0,33,c1,101,c2,58,,,,,,,,,,,,,,,,,,,,,,,,,,,,,,,,,,,,,,,,,,,,,,,,,,
1,s0,145,c0,1,s0,2,c0,14,c1,20,c2,117,,,,,,,,,,,,,,,,,,,,,,,,,,,,,,,,,,,,,,,,,,,,,,,,
1,s0,56,m0,1,c0,1,s0,35,s1,23,s2,183,,,,,,,,,,,,,,,,,,,,,,,,,,,,,,,,,,,,,,,,,,,,,,,,
1,s0,47,m0,1,c0,13,c1,38,c2,32,c3,33,c4,135,,,,,,,,,,,,,,,,,,,,,,,,,,,,,,,,,,,,,,,,,,,,,,
1,s0,93,m0,1,c0,4,c1,78,c2,123,,,,,,,,,,,,,,,,,,,,,,,,,,,,,,,,,,,,,,,,,,,,,,,,,,
1,s0,32,m0,1,c1,1,s1,34,s2,27,s3,204,,,,,,,,,,,,,,,,,,,,,,,,,,,,,,,,,,,,,,,,,,,,,,,,
1,s0,82,m0,1,c0,1,s0,8,s1,15,m1,1,c1,1,s1,25,m1,1,c1,7,c2,157,,,,,,,,,,,,,,,,,,,,,,,,,,,,,,,,,,,,,,
1,s0,70,m0,1,c0,1,s0,16,s1,23,s2,94,m2,1,c2,1,s2,19,m2,1,c2,10,c3,62,,,,,,,,,,,,,,,,,,,,,,,,,,,,,,,,,,,,
1,s0,124,m0,1,c0,8,c1,166,,,,,,,,,,,,,,,,,,,,,,,,,,,,,,,,,,,,,,,,,,,,,,,,,,,,
1,s0,194,s1,49,s2,23,s3,33,,,,,,,,,,,,,,,,,,,,,,,,,,,,,,,,,,,,,,,,,,,,,,,,,,,,
1,s0,50,m0,1,c0,11,c1,92,c2,145,,,,,,,,,,,,,,,,,,,,,,,,,,,,,,,,,,,,,,,,,,,,,,,,,,
1,s0,77,m0,1,c0,1,s0,7,s1,89,s2,124,,,,,,,,,,,,,,,,,,,,,,,,,,,,,,,,,,,,,,,,,,,,,,,,
1,s0,117,m0,1,c0,12,c1,26,c2,41,c3,102,,,,,,,,,,,,,,,,,,,,,,,,,,,,,,,,,,,,,,,,,,,,,,,,
1,s0,93,s1,14,m1,1,c1,6,c2,31,c3,58,c4,96,,,,,,,,,,,,,,,,,,,,,,,,,,,,,,,,,,,,,,,,,,,,,,
1,s0,85,m0,1,c0,12,c1,36,c2,165,,,,,,,,,,,,,,,,,,,,,,,,,,,,,,,,,,,,,,,,,,,,,,,,,,
1,s0,57,m0,1,c0,1,s0,12,s1,137,s2,91,,,,,,,,,,,,,,,,,,,,,,,,,,,,,,,,,,,,,,,,,,,,,,,,
1,s0,52,m0,1,c0,6,c1,43,c2,197,,,,,,,,,,,,,,,,,,,,,,,,,,,,,,,,,,,,,,,,,,,,,,,,,,
1,s0,41,m0,1,c0,44,c1,57,c2,156,,,,,,,,,,,,,,,,,,,,,,,,,,,,,,,,,,,,,,,,,,,,,,,,,,
1,s0,69,m0,1,c0,11,c1,89,c2,129,,,,,,,,,,,,,,,,,,,,,,,,,,,,,,,,,,,,,,,,,,,,,,,,,,
1,s0,83,m0,1,c0,4,c1,18,c2,193,,,,,,,,,,,,,,,,,,,,,,,,,,,,,,,,,,,,,,,,,,,,,,,,,,
1,s0,254,m0,1,c0,44,,,,,,,,,,,,,,,,,,,,,,,,,,,,,,,,,,,,,,,,,,,,,,,,,,,,,,
1,s0,80,m0,1,c0,8,c1,63,c2,147,,,,,,,,,,,,,,,,,,,,,,,,,,,,,,,,,,,,,,,,,,,,,,,,,,
1,s0,17,m0,1,c0,1,s0,20,s1,59,s2,50,m2,2,c2,1,s2,1,c2,24,c3,123,,,,,,,,,,,,,,,,,,,,,,,,,,,,,,,,,,,,,,
1,s0,52,m0,1,c0,14,c1,73,c2,159,,,,,,,,,,,,,,,,,,,,,,,,,,,,,,,,,,,,,,,,,,,,,,,,,,
1,s0,74,m0,1,c0,23,c1,32,c2,110,c3,59,,,,,,,,,,,,,,,,,,,,,,,,,,,,,,,,,,,,,,,,,,,,,,,,
1,s0,299,,,,,,,,,,,,,,,,,,,,,,,,,,,,,,,,,,,,,,,,,,,,,,,,,,,,,,,,,,
1,s0,79,m0,1,c0,1,s0,25,s1,35,s2,158,,,,,,,,,,,,,,,,,,,,,,,,,,,,,,,,,,,,,,,,,,,,,,,,
1,s0,117,m0,1,c0,21,c1,160,,,,,,,,,,,,,,,,,,,,,,,,,,,,,,,,,,,,,,,,,,,,,,,,,,,,
1,s0,299,,,,,,,,,,,,,,,,,,,,,,,,,,,,,,,,,,,,,,,,,,,,,,,,,,,,,,,,,,
1,s0,167,m0,1,c0,1,s0,4,s1,28,c1,27,c2,71,,,,,,,,,,,,,,,,,,,,,,,,,,,,,,,,,,,,,,,,,,,,,,
1,s0,74,m0,1,c0,79,c1,38,c2,107,,,,,,,,,,,,,,,,,,,,,,,,,,,,,,,,,,,,,,,,,,,,,,,,,,
1,s0,126,m0,1,c0,10,c1,37,c2,125,,,,,,,,,,,,,,,,,,,,,,,,,,,,,,,,,,,,,,,,,,,,,,,,,,
1,s0,56,m0,1,c0,1,s0,28,s1,16,m1,1,c1,1,s1,9,s2,8,m2,1,c2,1,s2,4,s3,24,c3,148,,,,,,,,,,,,,,,,,,,,,,,,,,,,,,,,
1,s0,191,s1,108,,,,,,,,,,,,,,,,,,,,,,,,,,,,,,,,,,,,,,,,,,,,,,,,,,,,,,,,
1,s0,192,m0,1,c0,53,c1,53,,,,,,,,,,,,,,,,,,,,,,,,,,,,,,,,,,,,,,,,,,,,,,,,,,,,
1,s0,69,m0,1,c0,90,c1,139,,,,,,,,,,,,,,,,,,,,,,,,,,,,,,,,,,,,,,,,,,,,,,,,,,,,
1,s0,121,m0,1,c0,8,c1,111,c2,58,,,,,,,,,,,,,,,,,,,,,,,,,,,,,,,,,,,,,,,,,,,,,,,,,,
1,s0,123,m0,1,c0,16,c1,59,c2,100,,,,,,,,,,,,,,,,,,,,,,,,,,,,,,,,,,,,,,,,,,,,,,,,,,
1,s0,65,m0,1,c0,53,c1,104,c2,76,,,,,,,,,,,,,,,,,,,,,,,,,,,,,,,,,,,,,,,,,,,,,,,,,,
1,s0,50,m0,1,c0,1,s0,11,s1,88,s2,85,c2,63,,,,,,,,,,,,,,,,,,,,,,,,,,,,,,,,,,,,,,,,,,,,,,
1,s0,62,m0,1,c0,26,c1,41,c2,169,,,,,,,,,,,,,,,,,,,,,,,,,,,,,,,,,,,,,,,,,,,,,,,,,,
1,s0,103,m0,1,c0,12,c1,33,c2,150,,,,,,,,,,,,,,,,,,,,,,,,,,,,,,,,,,,,,,,,,,,,,,,,,,
1,s0,68,m0,1,c0,23,c1,207,,,,,,,,,,,,,,,,,,,,,,,,,,,,,,,,,,,,,,,,,,,,,,,,,,,,
1,s0,88,m0,1,c0,11,c1,14,c2,185,,,,,,,,,,,,,,,,,,,,,,,,,,,,,,,,,,,,,,,,,,,,,,,,,,
1,s0,85,m0,1,c0,27,c1,113,c2,73,,,,,,,,,,,,,,,,,,,,,,,,,,,,,,,,,,,,,,,,,,,,,,,,,,
1,s0,66,m0,1,c0,14,c1,218,,,,,,,,,,,,,,,,,,,,,,,,,,,,,,,,,,,,,,,,,,,,,,,,,,,,
1,s0,104,m1,1,c1,1,s1,35,s2,158,,,,,,,,,,,,,,,,,,,,,,,,,,,,,,,,,,,,,,,,,,,,,,,,,,
1,s0,86,m0,1,c0,5,c1,6,c2,201,,,,,,,,,,,,,,,,,,,,,,,,,,,,,,,,,,,,,,,,,,,,,,,,,,
1,s0,71,s1,41,m1,1,c1,6,c2,180,,,,,,,,,,,,,,,,,,,,,,,,,,,,,,,,,,,,,,,,,,,,,,,,,,
1,s0,73,m0,1,c0,1,s0,27,s1,32,s2,165,,,,,,,,,,,,,,,,,,,,,,,,,,,,,,,,,,,,,,,,,,,,,,,,
1,s0,53,m0,1,c0,1,s0,10,s1,16,m1,1,c1,1,s1,20,m1,1,c1,41,c2,154,,,,,,,,,,,,,,,,,,,,,,,,,,,,,,,,,,,,,,
1,s0,41,m0,1,c0,1,s0,8,s1,47,m1,1,c1,68,c2,132,,,,,,,,,,,,,,,,,,,,,,,,,,,,,,,,,,,,,,,,,,,,
1,s0,1,c0,1,s0,62,s1,115,c1,120,,,,,,,,,,,,,,,,,,,,,,,,,,,,,,,,,,,,,,,,,,,,,,,,,,
1,s0,109,m0,1,c0,4,c1,20,c2,165,,,,,,,,,,,,,,,,,,,,,,,,,,,,,,,,,,,,,,,,,,,,,,,,,,
1,s0,62,m0,1,c0,1,s0,4,s1,151,m1,2,c1,1,s1,4,c1,7,c2,54,c3,12,,,,,,,,,,,,,,,,,,,,,,,,,,,,,,,,,,,,,,
1,s0,299,,,,,,,,,,,,,,,,,,,,,,,,,,,,,,,,,,,,,,,,,,,,,,,,,,,,,,,,,,
1,s0,97,m0,1,c0,21,c1,22,c2,19,c3,139,,,,,,,,,,,,,,,,,,,,,,,,,,,,,,,,,,,,,,,,,,,,,,,,
1,s0,98,m0,1,c0,1,s0,7,s1,192,,,,,,,,,,,,,,,,,,,,,,,,,,,,,,,,,,,,,,,,,,,,,,,,,,
1,s0,67,m0,1,c0,145,c1,86,,,,,,,,,,,,,,,,,,,,,,,,,,,,,,,,,,,,,,,,,,,,,,,,,,,,
1,s0,71,m0,1,c0,1,s0,31,s1,36,c1,159,,,,,,,,,,,,,,,,,,,,,,,,,,,,,,,,,,,,,,,,,,,,,,,,
1,s0,92,m0,1,c0,10,c1,45,c2,137,c3,14,,,,,,,,,,,,,,,,,,,,,,,,,,,,,,,,,,,,,,,,,,,,,,,,
1,s0,35,m0,1,c0,7,c1,29,c2,227,,,,,,,,,,,,,,,,,,,,,,,,,,,,,,,,,,,,,,,,,,,,,,,,,,
1,s0,121,m0,1,c0,14,c1,72,c2,91,,,,,,,,,,,,,,,,,,,,,,,,,,,,,,,,,,,,,,,,,,,,,,,,,,
1,s0,45,m0,1,c0,21,c1,46,c2,186,,,,,,,,,,,,,,,,,,,,,,,,,,,,,,,,,,,,,,,,,,,,,,,,,,
1,s0,97,m0,1,c0,23,c1,30,c2,148,,,,,,,,,,,,,,,,,,,,,,,,,,,,,,,,,,,,,,,,,,,,,,,,,,
1,s0,97,s1,202,,,,,,,,,,,,,,,,,,,,,,,,,,,,,,,,,,,,,,,,,,,,,,,,,,,,,,,,
1,s0,299,,,,,,,,,,,,,,,,,,,,,,,,,,,,,,,,,,,,,,,,,,,,,,,,,,,,,,,,,,
1,s0,39,m0,1,c0,58,c1,18,c2,183,,,,,,,,,,,,,,,,,,,,,,,,,,,,,,,,,,,,,,,,,,,,,,,,,,
1,s0,54,m0,1,c0,58,c1,10,c2,176,,,,,,,,,,,,,,,,,,,,,,,,,,,,,,,,,,,,,,,,,,,,,,,,,,
1,s0,70,m0,1,c0,7,c1,15,c2,206,,,,,,,,,,,,,,,,,,,,,,,,,,,,,,,,,,,,,,,,,,,,,,,,,,
1,s0,190,s1,17,m1,1,c1,41,c2,19,c3,31,,,,,,,,,,,,,,,,,,,,,,,,,,,,,,,,,,,,,,,,,,,,,,,,
1,s0,91,m0,1,c0,1,s0,23,s1,183,,,,,,,,,,,,,,,,,,,,,,,,,,,,,,,,,,,,,,,,,,,,,,,,,,
1,s0,103,m0,1,c0,32,c1,17,c2,146,,,,,,,,,,,,,,,,,,,,,,,,,,,,,,,,,,,,,,,,,,,,,,,,,,
1,s0,29,s1,4,m1,1,c1,1,s1,46,s2,199,m2,1,c2,18,,,,,,,,,,,,,,,,,,,,,,,,,,,,,,,,,,,,,,,,,,,,
2,s0,48,m0,1,c0,26,c1,70,c2,154,,,,,,,,,,,,,,,,,,,,,,,,,,,,,,,,,,,,,,,,,,,,,,,,,,
2,s0,17,m0,1,c0,5,c1,15,c2,23,c3,118,c4,120,,,,,,,,,,,,,,,,,,,,,,,,,,,,,,,,,,,,,,,,,,,,,,
2,s0,94,m0,1,c0,30,c1,174,,,,,,,,,,,,,,,,,,,,,,,,,,,,,,,,,,,,,,,,,,,,,,,,,,,,
2,s0,299,,,,,,,,,,,,,,,,,,,,,,,,,,,,,,,,,,,,,,,,,,,,,,,,,,,,,,,,,,
2,s0,299,,,,,,,,,,,,,,,,,,,,,,,,,,,,,,,,,,,,,,,,,,,,,,,,,,,,,,,,,,
2,s0,141,s1,158,,,,,,,,,,,,,,,,,,,,,,,,,,,,,,,,,,,,,,,,,,,,,,,,,,,,,,,,
2,s0,15,c0,1,s0,27,s1,4,c1,29,c2,55,c3,168,,,,,,,,,,,,,,,,,,,,,,,,,,,,,,,,,,,,,,,,,,,,,,
2,s0,96,m0,1,c0,4,c1,29,c2,169,,,,,,,,,,,,,,,,,,,,,,,,,,,,,,,,,,,,,,,,,,,,,,,,,,
2,s0,51,c0,49,c1,199,,,,,,,,,,,,,,,,,,,,,,,,,,,,,,,,,,,,,,,,,,,,,,,,,,,,,,
2,s0,91,c0,18,c1,190,,,,,,,,,,,,,,,,,,,,,,,,,,,,,,,,,,,,,,,,,,,,,,,,,,,,,,
2,s0,299,,,,,,,,,,,,,,,,,,,,,,,,,,,,,,,,,,,,,,,,,,,,,,,,,,,,,,,,,,
2,s0,299,,,,,,,,,,,,,,,,,,,,,,,,,,,,,,,,,,,,,,,,,,,,,,,,,,,,,,,,,,
2,s0,80,m0,1,c0,61,c1,45,c2,112,,,,,,,,,,,,,,,,,,,,,,,,,,,,,,,,,,,,,,,,,,,,,,,,,,
2,s0,47,c0,1,s0,23,c0,12,c1,216,,,,,,,,,,,,,,,,,,,,,,,,,,,,,,,,,,,,,,,,,,,,,,,,,,
2,s0,40,c0,1,s0,23,c0,1,s0,30,s1,17,m1,1,c1,186,,,,,,,,,,,,,,,,,,,,,,,,,,,,,,,,,,,,,,,,,,,,
2,s0,72,s1,28,s2,91,s3,108,,,,,,,,,,,,,,,,,,,,,,,,,,,,,,,,,,,,,,,,,,,,,,,,,,,,
2,s0,38,c0,1,s0,12,c0,1,s1,9,s2,33,m2,1,c2,1,s2,45,m2,1,c2,1,s2,67,m2,1,c2,1,s2,9,c2,78,,,,,,,,,,,,,,,,,,,,,,,,,,,,
2,s0,169,s1,36,s2,94,,,,,,,,,,,,,,,,,,,,,,,,,,,,,,,,,,,,,,,,,,,,,,,,,,,,,,
2,s0,73,m0,1,c0,91,c1,134,,,,,,,,,,,,,,,,,,,,,,,,,,,,,,,,,,,,,,,,,,,,,,,,,,,,
2,s0,156,c0,143,,,,,,,,,,,,,,,,,,,,,,,,,,,,,,,,,,,,,,,,,,,,,,,,,,,,,,,,
2,s0,299,,,,,,,,,,,,,,,,,,,,,,,,,,,,,,,,,,,,,,,,,,,,,,,,,,,,,,,,,,
2,s0,98,m0,1,c0,17,c1,45,c2,138,,,,,,,,,,,,,,,,,,,,,,,,,,,,,,,,,,,,,,,,,,,,,,,,,,
2,s0,67,c0,1,s0,59,c0,13,c1,159,,,,,,,,,,,,,,,,,,,,,,,,,,,,,,,,,,,,,,,,,,,,,,,,,,
2,s0,103,m0,1,c0,21,c1,174,,,,,,,,,,,,,,,,,,,,,,,,,,,,,,,,,,,,,,,,,,,,,,,,,,,,
2,s0,160,c0,139,,,,,,,,,,,,,,,,,,,,,,,,,,,,,,,,,,,,,,,,,,,,,,,,,,,,,,,,
2,s0,54,m0,1,c0,1,s0,11,s1,27,s2,77,m2,1,c2,1,s2,15,m2,1,c2,9,c3,101,,,,,,,,,,,,,,,,,,,,,,,,,,,,,,,,,,,,
2,s0,176,s1,18,s2,18,s3,87,,,,,,,,,,,,,,,,,,,,,,,,,,,,,,,,,,,,,,,,,,,,,,,,,,,,
2,s0,299,,,,,,,,,,,,,,,,,,,,,,,,,,,,,,,,,,,,,,,,,,,,,,,,,,,,,,,,,,
2,s0,84,m0,1,c0,7,c1,34,c2,173,,,,,,,,,,,,,,,,,,,,,,,,,,,,,,,,,,,,,,,,,,,,,,,,,,
2,s0,299,,,,,,,,,,,,,,,,,,,,,,,,,,,,,,,,,,,,,,,,,,,,,,,,,,,,,,,,,,
2,s0,299,,,,,,,,,,,,,,,,,,,,,,,,,,,,,,,,,,,,,,,,,,,,,,,,,,,,,,,,,,
2,s0,299,,,,,,,,,,,,,,,,,,,,,,,,,,,,,,,,,,,,,,,,,,,,,,,,,,,,,,,,,,
2,s0,159,c0,1,s0,5,c0,10,c1,124,,,,,,,,,,,,,,,,,,,,,,,,,,,,,,,,,,,,,,,,,,,,,,,,,,
2,s0,43,m0,1,c0,1,s0,2,m0,1,c0,33,c1,19,c2,199,,,,,,,,,,,,,,,,,,,,,,,,,,,,,,,,,,,,,,,,,,,,
2,s0,126,m0,1,c0,29,c1,19,c2,124,,,,,,,,,,,,,,,,,,,,,,,,,,,,,,,,,,,,,,,,,,,,,,,,,,
2,s0,26,m0,1,c0,1,s0,14,s1,39,s2,7,m2,1,c2,1,s2,37,m2,1,c2,171,,,,,,,,,,,,,,,,,,,,,,,,,,,,,,,,,,,,,,
2,s0,61,s1,3,c1,1,s1,13,c2,12,c3,20,c4,189,,,,,,,,,,,,,,,,,,,,,,,,,,,,,,,,,,,,,,,,,,,,,,
2,s0,57,c0,1,s0,95,c0,1,s0,25,s1,30,m1,1,c1,89,,,,,,,,,,,,,,,,,,,,,,,,,,,,,,,,,,,,,,,,,,,,
2,s0,35,m0,1,c0,30,c1,29,c2,204,,,,,,,,,,,,,,,,,,,,,,,,,,,,,,,,,,,,,,,,,,,,,,,,,,
2,s0,40,c0,1,s0,11,c0,4,c1,243,,,,,,,,,,,,,,,,,,,,,,,,,,,,,,,,,,,,,,,,,,,,,,,,,,
2,s0,86,m0,1,c0,3,c1,209,,,,,,,,,,,,,,,,,,,,,,,,,,,,,,,,,,,,,,,,,,,,,,,,,,,,
2,s0,69,m0,1,c0,5,c1,32,c2,35,c3,157,,,,,,,,,,,,,,,,,,,,,,,,,,,,,,,,,,,,,,,,,,,,,,,,
2,s0,299,,,,,,,,,,,,,,,,,,,,,,,,,,,,,,,,,,,,,,,,,,,,,,,,,,,,,,,,,,
2,s0,40,c0,1,s1,11,c1,1,s1,55,s2,91,s3,100,,,,,,,,,,,,,,,,,,,,,,,,,,,,,,,,,,,,,,,,,,,,,,
2,s0,299,,,,,,,,,,,,,,,,,,,,,,,,,,,,,,,,,,,,,,,,,,,,,,,,,,,,,,,,,,
2,s0,299,,,,,,,,,,,,,,,,,,,,,,,,,,,,,,,,,,,,,,,,,,,,,,,,,,,,,,,,,,
2,s0,159,s1,140,,,,,,,,,,,,,,,,,,,,,,,,,,,,,,,,,,,,,,,,,,,,,,,,,,,,,,,,
2,s0,45,m0,1,c0,1,s0,1,s1,6,m1,1,c1,1,s1,19,c1,1,s1,18,s2,5,c2,1,s2,48,m2,1,c2,1,s2,8,c2,141,,,,,,,,,,,,,,,,,,,,,,,,,,
2,s0,33,c0,1,s0,11,c0,1,s0,3,s1,134,m1,1,c1,115,,,,,,,,,,,,,,,,,,,,,,,,,,,,,,,,,,,,,,,,,,,,
2,s0,84,s1,93,s2,122,,,,,,,,,,,,,,,,,,,,,,,,,,,,,,,,,,,,,,,,,,,,,,,,,,,,,,
2,s0,56,s1,24,s2,2,s3,217,,,,,,,,,,,,,,,,,,,,,,,,,,,,,,,,,,,,,,,,,,,,,,,,,,,,
2,s0,71,c0,1,s0,2,c0,1,s0,22,s1,14,s2,34,s3,75,m3,1,c3,78,,,,,,,,,,,,,,,,,,,,,,,,,,,,,,,,,,,,,,,,
2,s0,63,c0,43,c1,193,,,,,,,,,,,,,,,,,,,,,,,,,,,,,,,,,,,,,,,,,,,,,,,,,,,,,,
2,s0,66,m0,1,c0,16,c1,33,c2,183,,,,,,,,,,,,,,,,,,,,,,,,,,,,,,,,,,,,,,,,,,,,,,,,,,
2,s0,74,m0,1,c0,12,c1,26,c3,186,,,,,,,,,,,,,,,,,,,,,,,,,,,,,,,,,,,,,,,,,,,,,,,,,,
2,s0,167,c0,132,,,,,,,,,,,,,,,,,,,,,,,,,,,,,,,,,,,,,,,,,,,,,,,,,,,,,,,,
2,s0,55,m0,1,c0,6,c1,32,c2,65,c3,140,,,,,,,,,,,,,,,,,,,,,,,,,,,,,,,,,,,,,,,,,,,,,,,,
2,s0,65,s1,15,c1,1,s1,26,s2,21,c2,1,s2,39,m2,1,c2,130,,,,,,,,,,,,,,,,,,,,,,,,,,,,,,,,,,,,,,,,,,
2,s0,110,m0,1,c0,20,c1,168,,,,,,,,,,,,,,,,,,,,,,,,,,,,,,,,,,,,,,,,,,,,,,,,,,,,
2,s0,81,m0,1,c0,3,c1,214,,,,,,,,,,,,,,,,,,,,,,,,,,,,,,,,,,,,,,,,,,,,,,,,,,,,
2,s0,53,c0,1,s0,36,c0,14,c1,25,c2,170,,,,,,,,,,,,,,,,,,,,,,,,,,,,,,,,,,,,,,,,,,,,,,,,
2,s0,68,m0,1,c0,20,c1,76,c2,35,c3,34,c4,65,,,,,,,,,,,,,,,,,,,,,,,,,,,,,,,,,,,,,,,,,,,,,,
2,s0,97,c0,44,c1,158,,,,,,,,,,,,,,,,,,,,,,,,,,,,,,,,,,,,,,,,,,,,,,,,,,,,,,
2,s0,16,m0,1,c0,1,s0,26,s1,61,s2,63,m2,1,c2,130,,,,,,,,,,,,,,,,,,,,,,,,,,,,,,,,,,,,,,,,,,,,
2,s0,63,m0,1,c0,4,c2,231,,,,,,,,,,,,,,,,,,,,,,,,,,,,,,,,,,,,,,,,,,,,,,,,,,,,
2,s0,39,c0,53,c1,207,,,,,,,,,,,,,,,,,,,,,,,,,,,,,,,,,,,,,,,,,,,,,,,,,,,,,,
2,s0,59,c0,1,s0,35,c0,1,s0,125,c0,78,,,,,,,,,,,,,,,,,,,,,,,,,,,,,,,,,,,,,,,,,,,,,,,,
2,s0,58,m0,1,c0,22,c1,218,,,,,,,,,,,,,,,,,,,,,,,,,,,,,,,,,,,,,,,,,,,,,,,,,,,,
2,s0,166,m0,1,c0,1,s0,48,m0,1,c0,82,,,,,,,,,,,,,,,,,,,,,,,,,,,,,,,,,,,,,,,,,,,,,,,,
2,s0,80,m0,1,c0,10,c1,38,c2,170,,,,,,,,,,,,,,,,,,,,,,,,,,,,,,,,,,,,,,,,,,,,,,,,,,
2,s0,299,,,,,,,,,,,,,,,,,,,,,,,,,,,,,,,,,,,,,,,,,,,,,,,,,,,,,,,,,,
2,s0,82,m0,1,c0,18,c1,23,c2,175,,,,,,,,,,,,,,,,,,,,,,,,,,,,,,,,,,,,,,,,,,,,,,,,,,
2,s0,28,m0,1,c0,2,c1,32,c2,68,c3,168,,,,,,,,,,,,,,,,,,,,,,,,,,,,,,,,,,,,,,,,,,,,,,,,
2,s0,48,c0,1,s0,11,c0,1,s0,27,s1,78,m1,1,c1,1,s1,4,c1,127,,,,,,,,,,,,,,,,,,,,,,,,,,,,,,,,,,,,,,,,
2,s0,76,m0,1,c0,48,c1,75,c2,99,,,,,,,,,,,,,,,,,,,,,,,,,,,,,,,,,,,,,,,,,,,,,,,,,,
2,s0,79,s1,18,s2,202,,,,,,,,,,,,,,,,,,,,,,,,,,,,,,,,,,,,,,,,,,,,,,,,,,,,,,
2,s0,175,c0,124,,,,,,,,,,,,,,,,,,,,,,,,,,,,,,,,,,,,,,,,,,,,,,,,,,,,,,,,
2,s0,45,c0,76,c1,29,c2,149,,,,,,,,,,,,,,,,,,,,,,,,,,,,,,,,,,,,,,,,,,,,,,,,,,,,
2,s0,116,c0,1,s0,36,c0,146,,,,,,,,,,,,,,,,,,,,,,,,,,,,,,,,,,,,,,,,,,,,,,,,,,,,
2,s0,153,c0,1,s0,17,s2,5,c2,123,,,,,,,,,,,,,,,,,,,,,,,,,,,,,,,,,,,,,,,,,,,,,,,,,,
2,s0,176,m0,1,c0,4,c1,118,,,,,,,,,,,,,,,,,,,,,,,,,,,,,,,,,,,,,,,,,,,,,,,,,,,,
2,s0,87,m0,1,c0,3,c1,24,c2,184,,,,,,,,,,,,,,,,,,,,,,,,,,,,,,,,,,,,,,,,,,,,,,,,,,
2,s0,86,m0,1,c0,1,c1,72,c2,139,,,,,,,,,,,,,,,,,,,,,,,,,,,,,,,,,,,,,,,,,,,,,,,,,,
2,s0,58,s1,12,s2,73,s3,156,,,,,,,,,,,,,,,,,,,,,,,,,,,,,,,,,,,,,,,,,,,,,,,,,,,,
2,s0,202,m0,1,c0,96,,,,,,,,,,,,,,,,,,,,,,,,,,,,,,,,,,,,,,,,,,,,,,,,,,,,,,
2,s0,96,s1,69,s2,134,,,,,,,,,,,,,,,,,,,,,,,,,,,,,,,,,,,,,,,,,,,,,,,,,,,,,,
2,s0,66,c0,1,s0,41,c0,13,c1,25,c2,25,c3,128,,,,,,,,,,,,,,,,,,,,,,,,,,,,,,,,,,,,,,,,,,,,,,
2,s0,73,m0,1,c0,4,c1,30,c2,38,c3,153,,,,,,,,,,,,,,,,,,,,,,,,,,,,,,,,,,,,,,,,,,,,,,,,
2,s0,299,,,,,,,,,,,,,,,,,,,,,,,,,,,,,,,,,,,,,,,,,,,,,,,,,,,,,,,,,,
2,s0,50,c0,43,c1,59,c2,147,,,,,,,,,,,,,,,,,,,,,,,,,,,,,,,,,,,,,,,,,,,,,,,,,,,,
2,s0,63,m0,1,c0,7,c1,43,c2,51,c3,134,,,,,,,,,,,,,,,,,,,,,,,,,,,,,,,,,,,,,,,,,,,,,,,,
2,s0,58,m0,1,c0,17,c1,50,c2,173,,,,,,,,,,,,,,,,,,,,,,,,,,,,,,,,,,,,,,,,,,,,,,,,,,
2,s0,89,s1,31,s2,179,,,,,,,,,,,,,,,,,,,,,,,,,,,,,,,,,,,,,,,,,,,,,,,,,,,,,,
2,s0,112,m0,1,c0,186,,,,,,,,,,,,,,,,,,,,,,,,,,,,,,,,,,,,,,,,,,,,,,,,,,,,,,
2,s0,299,,,,,,,,,,,,,,,,,,,,,,,,,,,,,,,,,,,,,,,,,,,,,,,,,,,,,,,,,,
2,s0,50,c0,1,s0,15,c0,27,c1,19,c2,67,c3,120,,,,,,,,,,,,,,,,,,,,,,,,,,,,,,,,,,,,,,,,,,,,,,
2,s0,299,,,,,,,,,,,,,,,,,,,,,,,,,,,,,,,,,,,,,,,,,,,,,,,,,,,,,,,,,,
2,s0,18,m0,1,c0,1,s0,4,s1,31,s2,40,m2,1,c2,1,s2,68,m2,1,c2,14,c3,119,,,,,,,,,,,,,,,,,,,,,,,,,,,,,,,,,,,,
2,s0,151,c0,1,s0,21,c0,126,,,,,,,,,,,,,,,,,,,,,,,,,,,,,,,,,,,,,,,,,,,,,,,,,,,,
2,s0,88,m0,1,c0,1,s0,22,m0,1,c0,186,,,,,,,,,,,,,,,,,,,,,,,,,,,,,,,,,,,,,,,,,,,,,,,,
2,s0,1,c0,4,c1,19,c2,68,c3,59,c4,148,,,,,,,,,,,,,,,,,,,,,,,,,,,,,,,,,,,,,,,,,,,,,,,,
2,s0,138,s1,38,s2,123,,,,,,,,,,,,,,,,,,,,,,,,,,,,,,,,,,,,,,,,,,,,,,,,,,,,,,
2,s0,37,m0,1,c0,1,s0,10,m0,1,c0,1,s0,107,m0,1,c1,140,,,,,,,,,,,,,,,,,,,,,,,,,,,,,,,,,,,,,,,,,,
2,s0,43,m0,1,c0,1,s0,8,s1,49,m1,1,c1,196,,,,,,,,,,,,,,,,,,,,,,,,,,,,,,,,,,,,,,,,,,,,,,
2,s0,101,m0,1,c0,1,s0,72,m0,1,c0,1,s0,26,m0,1,c0,95,,,,,,,,,,,,,,,,,,,,,,,,,,,,,,,,,,,,,,,,,,
2,s0,66,m0,1,c0,14,c1,88,c2,130,,,,,,,,,,,,,,,,,,,,,,,,,,,,,,,,,,,,,,,,,,,,,,,,,,
2,s0,151,m0,1,c0,27,c1,48,c2,72,,,,,,,,,,,,,,,,,,,,,,,,,,,,,,,,,,,,,,,,,,,,,,,,,,
2,s0,59,m0,1,c0,239,,,,,,,,,,,,,,,,,,,,,,,,,,,,,,,,,,,,,,,,,,,,,,,,,,,,,,
2,s0,94,c0,205,,,,,,,,,,,,,,,,,,,,,,,,,,,,,,,,,,,,,,,,,,,,,,,,,,,,,,,,
2,s0,299,,,,,,,,,,,,,,,,,,,,,,,,,,,,,,,,,,,,,,,,,,,,,,,,,,,,,,,,,,
2,s0,110,c0,1,s0,49,c0,55,c1,84,,,,,,,,,,,,,,,,,,,,,,,,,,,,,,,,,,,,,,,,,,,,,,,,,,
2,s0,299,,,,,,,,,,,,,,,,,,,,,,,,,,,,,,,,,,,,,,,,,,,,,,,,,,,,,,,,,,
2,s0,151,s1,28,s2,120,,,,,,,,,,,,,,,,,,,,,,,,,,,,,,,,,,,,,,,,,,,,,,,,,,,,,,
2,s0,120,m0,1,c0,6,c1,172,,,,,,,,,,,,,,,,,,,,,,,,,,,,,,,,,,,,,,,,,,,,,,,,,,,,
2,s0,58,m0,1,c0,1,s0,7,s1,113,m1,1,c1,118,,,,,,,,,,,,,,,,,,,,,,,,,,,,,,,,,,,,,,,,,,,,,,
2,s0,299,,,,,,,,,,,,,,,,,,,,,,,,,,,,,,,,,,,,,,,,,,,,,,,,,,,,,,,,,,
2,s0,50,m0,1,c0,25,c1,78,c2,145,,,,,,,,,,,,,,,,,,,,,,,,,,,,,,,,,,,,,,,,,,,,,,,,,,
2,s0,154,m0,1,c0,144,,,,,,,,,,,,,,,,,,,,,,,,,,,,,,,,,,,,,,,,,,,,,,,,,,,,,,
2,s0,195,s1,104,,,,,,,,,,,,,,,,,,,,,,,,,,,,,,,,,,,,,,,,,,,,,,,,,,,,,,,,
2,s0,98,m0,1,c0,24,c1,176,,,,,,,,,,,,,,,,,,,,,,,,,,,,,,,,,,,,,,,,,,,,,,,,,,,,
2,s0,113,c0,186,,,,,,,,,,,,,,,,,,,,,,,,,,,,,,,,,,,,,,,,,,,,,,,,,,,,,,,,
2,s0,51,m0,1,c0,4,c1,72,c2,171,,,,,,,,,,,,,,,,,,,,,,,,,,,,,,,,,,,,,,,,,,,,,,,,,,
2,s0,79,m0,1,c0,31,c1,72,c2,116,,,,,,,,,,,,,,,,,,,,,,,,,,,,,,,,,,,,,,,,,,,,,,,,,,
2,s0,37,s1,20,s2,31,s3,211,,,,,,,,,,,,,,,,,,,,,,,,,,,,,,,,,,,,,,,,,,,,,,,,,,,,
2,s0,117,m0,1,c0,10,c1,34,c2,137,,,,,,,,,,,,,,,,,,,,,,,,,,,,,,,,,,,,,,,,,,,,,,,,,,
2,s0,53,c0,52,c1,194,,,,,,,,,,,,,,,,,,,,,,,,,,,,,,,,,,,,,,,,,,,,,,,,,,,,,,
2,s0,102,m0,1,c0,40,c1,156,,,,,,,,,,,,,,,,,,,,,,,,,,,,,,,,,,,,,,,,,,,,,,,,,,,,
2,s0,161,c0,1,s0,7,s1,4,c1,31,c2,95,,,,,,,,,,,,,,,,,,,,,,,,,,,,,,,,,,,,,,,,,,,,,,,,
2,s0,72,m0,1,c0,13,c1,56,c2,157,,,,,,,,,,,,,,,,,,,,,,,,,,,,,,,,,,,,,,,,,,,,,,,,,,
2,s0,30,c0,41,c1,30,c2,198,,,,,,,,,,,,,,,,,,,,,,,,,,,,,,,,,,,,,,,,,,,,,,,,,,,,
2,s0,138,c0,1,s0,17,c0,143,,,,,,,,,,,,,,,,,,,,,,,,,,,,,,,,,,,,,,,,,,,,,,,,,,,,
2,s0,109,c0,1,s0,17,s1,30,s2,12,c2,1,s2,73,c2,56,,,,,,,,,,,,,,,,,,,,,,,,,,,,,,,,,,,,,,,,,,,,
2,s0,83,m0,1,c0,9,c1,63,c2,143,,,,,,,,,,,,,,,,,,,,,,,,,,,,,,,,,,,,,,,,,,,,,,,,,,
2,s0,62,s1,98,s2,139,,,,,,,,,,,,,,,,,,,,,,,,,,,,,,,,,,,,,,,,,,,,,,,,,,,,,,
2,s0,67,m0,1,c0,28,c1,27,c2,176,,,,,,,,,,,,,,,,,,,,,,,,,,,,,,,,,,,,,,,,,,,,,,,,,,
2,s0,55,s1,1,m1,1,c1,86,c2,26,c3,130,,,,,,,,,,,,,,,,,,,,,,,,,,,,,,,,,,,,,,,,,,,,,,,,
2,s0,299,,,,,,,,,,,,,,,,,,,,,,,,,,,,,,,,,,,,,,,,,,,,,,,,,,,,,,,,,,
2,s0,90,m0,1,c0,86,c1,122,,,,,,,,,,,,,,,,,,,,,,,,,,,,,,,,,,,,,,,,,,,,,,,,,,,,
2,s0,299,,,,,,,,,,,,,,,,,,,,,,,,,,,,,,,,,,,,,,,,,,,,,,,,,,,,,,,,,,
2,s0,114,m1,1,c1,51,c2,133,,,,,,,,,,,,,,,,,,,,,,,,,,,,,,,,,,,,,,,,,,,,,,,,,,,,
2,s0,134,s1,37,s2,53,s3,75,,,,,,,,,,,,,,,,,,,,,,,,,,,,,,,,,,,,,,,,,,,,,,,,,,,,
2,s0,67,m0,1,c0,1,s0,26,s1,75,c1,129,,,,,,,,,,,,,,,,,,,,,,,,,,,,,,,,,,,,,,,,,,,,,,,,
2,s0,46,m0,1,c0,252,,,,,,,,,,,,,,,,,,,,,,,,,,,,,,,,,,,,,,,,,,,,,,,,,,,,,,
2,s0,44,m0,1,c0,34,c1,30,c2,190,,,,,,,,,,,,,,,,,,,,,,,,,,,,,,,,,,,,,,,,,,,,,,,,,,
2,s0,135,c0,164,,,,,,,,,,,,,,,,,,,,,,,,,,,,,,,,,,,,,,,,,,,,,,,,,,,,,,,,
2,s0,80,m0,1,c0,1,s0,28,m0,1,c0,1,s0,35,m0,1,c0,1,s0,2,s1,63,m1,1,c1,84,,,,,,,,,,,,,,,,,,,,,,,,,,,,,,,,,,
2,s0,51,m0,1,c0,1,s1,48,m1,1,c1,1,s1,1,c1,195,,,,,,,,,,,,,,,,,,,,,,,,,,,,,,,,,,,,,,,,,,,,
2,s0,299,,,,,,,,,,,,,,,,,,,,,,,,,,,,,,,,,,,,,,,,,,,,,,,,,,,,,,,,,,
2,s0,98,m0,1,c0,1,s0,24,m0,1,c0,1,s0,12,m0,1,c0,1,s0,4,s1,23,m1,1,c1,1,s1,36,c1,94,,,,,,,,,,,,,,,,,,,,,,,,,,,,,,
2,s0,129,m0,1,c0,7,c1,28,c2,43,c3,91,,,,,,,,,,,,,,,,,,,,,,,,,,,,,,,,,,,,,,,,,,,,,,,,
2,s0,58,c0,1,s0,5,c0,22,c1,21,c2,192,,,,,,,,,,,,,,,,,,,,,,,,,,,,,,,,,,,,,,,,,,,,,,,,
2,s0,143,c0,1,s0,12,s1,26,s2,12,c2,105,,,,,,,,,,,,,,,,,,,,,,,,,,,,,,,,,,,,,,,,,,,,,,,,
2,s0,36,m0,1,c0,1,s0,74,s1,20,m1,1,c1,1,s1,46,m1,1,c1,32,c2,86,,,,,,,,,,,,,,,,,,,,,,,,,,,,,,,,,,,,,,
2,s0,87,m0,1,c0,1,s0,7,s1,31,m1,1,c1,1,s1,53,c1,117,,,,,,,,,,,,,,,,,,,,,,,,,,,,,,,,,,,,,,,,,,
2,s0,54,c0,245,,,,,,,,,,,,,,,,,,,,,,,,,,,,,,,,,,,,,,,,,,,,,,,,,,,,,,,,
2,s0,48,c0,1,s0,11,c0,1,s0,8,s1,21,s2,8,m2,1,c2,1,s2,28,c2,171,,,,,,,,,,,,,,,,,,,,,,,,,,,,,,,,,,,,,,
2,s0,147,s1,43,s2,109,,,,,,,,,,,,,,,,,,,,,,,,,,,,,,,,,,,,,,,,,,,,,,,,,,,,,,
2,s0,147,m0,1,c0,3,c1,14,c2,134,,,,,,,,,,,,,,,,,,,,,,,,,,,,,,,,,,,,,,,,,,,,,,,,,,
2,s0,64,m0,1,c0,13,c1,27,c2,39,c3,155,,,,,,,,,,,,,,,,,,,,,,,,,,,,,,,,,,,,,,,,,,,,,,,,
2,s0,127,c0,1,s0,63,c0,24,c1,84,,,,,,,,,,,,,,,,,,,,,,,,,,,,,,,,,,,,,,,,,,,,,,,,,,
2,s0,65,m0,1,c0,26,c1,33,c2,40,c3,134,,,,,,,,,,,,,,,,,,,,,,,,,,,,,,,,,,,,,,,,,,,,,,,,
2,s0,148,m0,1,c0,12,c1,25,c2,113,,,,,,,,,,,,,,,,,,,,,,,,,,,,,,,,,,,,,,,,,,,,,,,,,,
2,s0,56,m0,1,c0,15,c1,32,c2,43,c3,152,,,,,,,,,,,,,,,,,,,,,,,,,,,,,,,,,,,,,,,,,,,,,,,,
2,s0,120,m0,1,c0,14,c1,56,c2,17,c3,91,,,,,,,,,,,,,,,,,,,,,,,,,,,,,,,,,,,,,,,,,,,,,,,,
2,s0,45,c0,1,s0,15,c0,1,s0,23,s1,22,s2,25,m2,1,c2,166,,,,,,,,,,,,,,,,,,,,,,,,,,,,,,,,,,,,,,,,,,
2,s0,109,c0,42,c1,148,,,,,,,,,,,,,,,,,,,,,,,,,,,,,,,,,,,,,,,,,,,,,,,,,,,,,,
2,s0,34,c0,6,c1,259,,,,,,,,,,,,,,,,,,,,,,,,,,,,,,,,,,,,,,,,,,,,,,,,,,,,,,
2,s0,299,,,,,,,,,,,,,,,,,,,,,,,,,,,,,,,,,,,,,,,,,,,,,,,,,,,,,,,,,,
2,s0,55,s1,244,,,,,,,,,,,,,,,,,,,,,,,,,,,,,,,,,,,,,,,,,,,,,,,,,,,,,,,,
2,s0,43,m0,1,c0,13,c1,31,c2,211,,,,,,,,,,,,,,,,,,,,,,,,,,,,,,,,,,,,,,,,,,,,,,,,,,
2,s0,49,m0,1,c0,5,c1,45,c2,61,c3,138,,,,,,,,,,,,,,,,,,,,,,,,,,,,,,,,,,,,,,,,,,,,,,,,
2,s0,36,c0,40,c1,223,,,,,,,,,,,,,,,,,,,,,,,,,,,,,,,,,,,,,,,,,,,,,,,,,,,,,,
2,s0,299,,,,,,,,,,,,,,,,,,,,,,,,,,,,,,,,,,,,,,,,,,,,,,,,,,,,,,,,,,
2,s0,210,s1,89,,,,,,,,,,,,,,,,,,,,,,,,,,,,,,,,,,,,,,,,,,,,,,,,,,,,,,,,
2,s0,148,m0,1,c0,11,c1,139,,,,,,,,,,,,,,,,,,,,,,,,,,,,,,,,,,,,,,,,,,,,,,,,,,,,
2,s0,59,c0,24,c1,216,,,,,,,,,,,,,,,,,,,,,,,,,,,,,,,,,,,,,,,,,,,,,,,,,,,,,,
2,s0,95,c0,1,s0,11,c0,40,c1,152,,,,,,,,,,,,,,,,,,,,,,,,,,,,,,,,,,,,,,,,,,,,,,,,,,
2,s0,1,s0,65,c0,4,c1,229,,,,,,,,,,,,,,,,,,,,,,,,,,,,,,,,,,,,,,,,,,,,,,,,,,,,
2,s0,89,m0,1,c0,10,c1,199,,,,,,,,,,,,,,,,,,,,,,,,,,,,,,,,,,,,,,,,,,,,,,,,,,,,
2,s0,50,m0,1,c0,1,s0,14,s1,15,s2,126,m2,1,c2,1,s2,1,c2,43,c3,46,,,,,,,,,,,,,,,,,,,,,,,,,,,,,,,,,,,,,,
2,s0,75,m0,1,c0,18,c1,205,,,,,,,,,,,,,,,,,,,,,,,,,,,,,,,,,,,,,,,,,,,,,,,,,,,,
2,s0,82,m0,1,c0,11,c1,61,c2,144,,,,,,,,,,,,,,,,,,,,,,,,,,,,,,,,,,,,,,,,,,,,,,,,,,
2,s0,112,s1,187,,,,,,,,,,,,,,,,,,,,,,,,,,,,,,,,,,,,,,,,,,,,,,,,,,,,,,,,
2,s0,178,m0,1,c0,120,,,,,,,,,,,,,,,,,,,,,,,,,,,,,,,,,,,,,,,,,,,,,,,,,,,,,,
2,s0,57,c0,1,s0,4,c0,6,c1,30,c3,201,,,,,,,,,,,,,,,,,,,,,,,,,,,,,,,,,,,,,,,,,,,,,,,,
2,s0,174,m0,1,c0,124,,,,,,,,,,,,,,,,,,,,,,,,,,,,,,,,,,,,,,,,,,,,,,,,,,,,,,
2,s0,45,c0,87,c1,47,c2,120,,,,,,,,,,,,,,,,,,,,,,,,,,,,,,,,,,,,,,,,,,,,,,,,,,,,
2,s0,75,m0,1,c0,1,s0,24,m0,1,c0,1,s0,89,c0,1,s0,18,s1,33,c1,55,,,,,,,,,,,,,,,,,,,,,,,,,,,,,,,,,,,,,,
2,s0,134,s2,165,,,,,,,,,,,,,,,,,,,,,,,,,,,,,,,,,,,,,,,,,,,,,,,,,,,,,,,,
2,s0,33,c0,266,,,,,,,,,,,,,,,,,,,,,,,,,,,,,,,,,,,,,,,,,,,,,,,,,,,,,,,,
2,s0,37,m0,1,c0,18,c1,28,c2,215,,,,,,,,,,,,,,,,,,,,,,,,,,,,,,,,,,,,,,,,,,,,,,,,,,
2,s0,299,,,,,,,,,,,,,,,,,,,,,,,,,,,,,,,,,,,,,,,,,,,,,,,,,,,,,,,,,,
2,s0,74,s1,225,,,,,,,,,,,,,,,,,,,,,,,,,,,,,,,,,,,,,,,,,,,,,,,,,,,,,,,,
2,s0,150,c0,149,,,,,,,,,,,,,,,,,,,,,,,,,,,,,,,,,,,,,,,,,,,,,,,,,,,,,,,,
2,s0,209,c0,15,c1,75,,,,,,,,,,,,,,,,,,,,,,,,,,,,,,,,,,,,,,,,,,,,,,,,,,,,,,
2,s0,82,s1,40,s2,177,,,,,,,,,,,,,,,,,,,,,,,,,,,,,,,,,,,,,,,,,,,,,,,,,,,,,,
2,s0,103,m0,1,c0,1,s0,30,m0,1,c0,1,s0,19,m0,1,c0,12,c1,130,,,,,,,,,,,,,,,,,,,,,,,,,,,,,,,,,,,,,,,,
2,s0,118,s1,181,,,,,,,,,,,,,,,,,,,,,,,,,,,,,,,,,,,,,,,,,,,,,,,,,,,,,,,,
2,s0,39,m0,1,c0,1,s0,32,s1,32,m1,1,c1,193,,,,,,,,,,,,,,,,,,,,,,,,,,,,,,,,,,,,,,,,,,,,,,
2,s0,87,c0,1,s0,11,c0,1,s0,16,s1,67,m1,1,c1,115,,,,,,,,,,,,,,,,,,,,,,,,,,,,,,,,,,,,,,,,,,,,
2,s0,299,,,,,,,,,,,,,,,,,,,,,,,,,,,,,,,,,,,,,,,,,,,,,,,,,,,,,,,,,,
2,s0,198,c0,1,s0,21,c0,1,s0,5,c0,73,,,,,,,,,,,,,,,,,,,,,,,,,,,,,,,,,,,,,,,,,,,,,,,,
2,s0,73,m0,1,c0,18,c1,207,,,,,,,,,,,,,,,,,,,,,,,,,,,,,,,,,,,,,,,,,,,,,,,,,,,,
2,s0,299,,,,,,,,,,,,,,,,,,,,,,,,,,,,,,,,,,,,,,,,,,,,,,,,,,,,,,,,,,
2,s0,50,m0,1,c0,17,c1,231,,,,,,,,,,,,,,,,,,,,,,,,,,,,,,,,,,,,,,,,,,,,,,,,,,,,
2,s0,299,,,,,,,,,,,,,,,,,,,,,,,,,,,,,,,,,,,,,,,,,,,,,,,,,,,,,,,,,,
2,s0,41,m0,1,c0,11,c1,68,c2,178,,,,,,,,,,,,,,,,,,,,,,,,,,,,,,,,,,,,,,,,,,,,,,,,,,
2,s0,27,c0,1,s0,5,c0,1,s0,4,s1,19,m1,1,c1,1,s1,46,c1,1,s1,4,c1,1,s1,8,s2,92,m2,1,c2,87,,,,,,,,,,,,,,,,,,,,,,,,,,,,
2,s0,43,c0,117,c1,139,,,,,,,,,,,,,,,,,,,,,,,,,,,,,,,,,,,,,,,,,,,,,,,,,,,,,,
2,s0,28,s1,2,m1,1,c1,23,c2,72,c3,173,,,,,,,,,,,,,,,,,,,,,,,,,,,,,,,,,,,,,,,,,,,,,,,,
2,s0,92,m0,1,c0,1,s0,76,m0,1,c0,1,s0,12,s1,4,c1,17,c2,94,,,,,,,,,,,,,,,,,,,,,,,,,,,,,,,,,,,,,,,,
2,s0,108,c0,12,c1,26,c2,79,c3,74,,,,,,,,,,,,,,,,,,,,,,,,,,,,,,,,,,,,,,,,,,,,,,,,,,
2,s0,85,m0,1,c0,10,c1,203,,,,,,,,,,,,,,,,,,,,,,,,,,,,,,,,,,,,,,,,,,,,,,,,,,,,
2,s0,51,s1,18,s2,33,s3,31,m3,1,c3,165,,,,,,,,,,,,,,,,,,,,,,,,,,,,,,,,,,,,,,,,,,,,,,,,
2,s0,299,,,,,,,,,,,,,,,,,,,,,,,,,,,,,,,,,,,,,,,,,,,,,,,,,,,,,,,,,,
2,s0,140,c0,159,,,,,,,,,,,,,,,,,,,,,,,,,,,,,,,,,,,,,,,,,,,,,,,,,,,,,,,,
2,s0,54,m0,1,c0,1,s0,13,s1,54,s2,36,m2,1,c2,139,,,,,,,,,,,,,,,,,,,,,,,,,,,,,,,,,,,,,,,,,,,,
2,s0,101,s1,198,,,,,,,,,,,,,,,,,,,,,,,,,,,,,,,,,,,,,,,,,,,,,,,,,,,,,,,,
2,s0,36,m0,1,c0,1,s0,192,s1,69,,,,,,,,,,,,,,,,,,,,,,,,,,,,,,,,,,,,,,,,,,,,,,,,,,
2,s0,299,,,,,,,,,,,,,,,,,,,,,,,,,,,,,,,,,,,,,,,,,,,,,,,,,,,,,,,,,,
2,s0,118,m0,1,c0,30,c1,85,c2,65,,,,,,,,,,,,,,,,,,,,,,,,,,,,,,,,,,,,,,,,,,,,,,,,,,
2,s0,79,m0,1,c0,11,c1,208,,,,,,,,,,,,,,,,,,,,,,,,,,,,,,,,,,,,,,,,,,,,,,,,,,,,
2,s0,161,m0,1,c0,14,c1,123,,,,,,,,,,,,,,,,,,,,,,,,,,,,,,,,,,,,,,,,,,,,,,,,,,,,
2,s0,111,m0,1,c0,52,c1,135,,,,,,,,,,,,,,,,,,,,,,,,,,,,,,,,,,,,,,,,,,,,,,,,,,,,
2,s0,86,c0,1,s0,16,s1,28,s2,7,c2,46,c3,115,,,,,,,,,,,,,,,,,,,,,,,,,,,,,,,,,,,,,,,,,,,,,,
2,s0,58,m0,1,c0,1,s0,8,s1,106,m1,1,c1,124,,,,,,,,,,,,,,,,,,,,,,,,,,,,,,,,,,,,,,,,,,,,,,
2,s0,61,s1,53,s2,185,,,,,,,,,,,,,,,,,,,,,,,,,,,,,,,,,,,,,,,,,,,,,,,,,,,,,,
2,s0,80,m0,1,c0,12,c1,33,c2,173,,,,,,,,,,,,,,,,,,,,,,,,,,,,,,,,,,,,,,,,,,,,,,,,,,
2,s0,135,c0,1,s0,17,s2,6,c2,31,c3,109,,,,,,,,,,,,,,,,,,,,,,,,,,,,,,,,,,,,,,,,,,,,,,,,
2,s0,120,m0,1,c0,5,c1,60,c2,113,,,,,,,,,,,,,,,,,,,,,,,,,,,,,,,,,,,,,,,,,,,,,,,,,,
2,s0,299,,,,,,,,,,,,,,,,,,,,,,,,,,,,,,,,,,,,,,,,,,,,,,,,,,,,,,,,,,
2,s0,299,,,,,,,,,,,,,,,,,,,,,,,,,,,,,,,,,,,,,,,,,,,,,,,,,,,,,,,,,,
2,s0,299,,,,,,,,,,,,,,,,,,,,,,,,,,,,,,,,,,,,,,,,,,,,,,,,,,,,,,,,,,
2,s0,172,c0,127,,,,,,,,,,,,,,,,,,,,,,,,,,,,,,,,,,,,,,,,,,,,,,,,,,,,,,,,
2,s0,299,,,,,,,,,,,,,,,,,,,,,,,,,,,,,,,,,,,,,,,,,,,,,,,,,,,,,,,,,,
2,s0,56,m0,1,c0,1,s0,63,m1,1,c1,2,s1,11,c1,164,,,,,,,,,,,,,,,,,,,,,,,,,,,,,,,,,,,,,,,,,,,,
2,s0,52,m0,1,c0,8,c1,43,c2,39,c3,156,,,,,,,,,,,,,,,,,,,,,,,,,,,,,,,,,,,,,,,,,,,,,,,,
2,s0,48,m0,1,c0,10,c1,47,c2,193,,,,,,,,,,,,,,,,,,,,,,,,,,,,,,,,,,,,,,,,,,,,,,,,,,
2,s0,155,m0,1,c0,18,c1,125,,,,,,,,,,,,,,,,,,,,,,,,,,,,,,,,,,,,,,,,,,,,,,,,,,,,
2,s0,49,m0,1,c0,5,c1,244,,,,,,,,,,,,,,,,,,,,,,,,,,,,,,,,,,,,,,,,,,,,,,,,,,,,
2,s0,54,c0,145,c1,100,,,,,,,,,,,,,,,,,,,,,,,,,,,,,,,,,,,,,,,,,,,,,,,,,,,,,,
2,s0,299,,,,,,,,,,,,,,,,,,,,,,,,,,,,,,,,,,,,,,,,,,,,,,,,,,,,,,,,,,
2,s0,59,m0,1,c0,5,c1,92,c2,142,,,,,,,,,,,,,,,,,,,,,,,,,,,,,,,,,,,,,,,,,,,,,,,,,,
2,s0,82,s1,13,s2,83,s3,121,,,,,,,,,,,,,,,,,,,,,,,,,,,,,,,,,,,,,,,,,,,,,,,,,,,,
2,s0,36,m0,1,c0,9,c1,28,c2,225,,,,,,,,,,,,,,,,,,,,,,,,,,,,,,,,,,,,,,,,,,,,,,,,,,
2,s0,72,c0,1,s0,13,c0,1,s0,4,s1,21,s2,21,s3,37,m3,1,c3,1,s3,21,c3,4,c4,102,,,,,,,,,,,,,,,,,,,,,,,,,,,,,,,,,,
2,s0,129,m0,1,c0,21,c1,37,c2,111,,,,,,,,,,,,,,,,,,,,,,,,,,,,,,,,,,,,,,,,,,,,,,,,,,
2,s0,24,m0,1,c0,128,c1,31,c2,115,,,,,,,,,,,,,,,,,,,,,,,,,,,,,,,,,,,,,,,,,,,,,,,,,,
2,s0,141,c0,55,c1,103,,,,,,,,,,,,,,,,,,,,,,,,,,,,,,,,,,,,,,,,,,,,,,,,,,,,,,
2,s0,181,c0,1,s0,5,c0,32,c1,80,,,,,,,,,,,,,,,,,,,,,,,,,,,,,,,,,,,,,,,,,,,,,,,,,,
