1,s0,85,c0,1,s0,11,c0,14,c1,76,c2,50,c3,62,,,,,,,,,,,,,,,,,,,,,,,,,,,,,,,,,,,,,,,,,,,,,,
1,s0,73,c0,1,s0,12,c0,48,c1,165,,,,,,,,,,,,,,,,,,,,,,,,,,,,,,,,,,,,,,,,,,,,,,,,,,
1,s0,36,m0,1,c0,1,s0,5,s1,76,s2,180,,,,,,,,,,,,,,,,,,,,,,,,,,,,,,,,,,,,,,,,,,,,,,,,
1,s0,53,c0,1,s0,3,c0,44,c1,198,,,,,,,,,,,,,,,,,,,,,,,,,,,,,,,,,,,,,,,,,,,,,,,,,,
1,s0,101,s1,135,c1,1,s1,5,s2,9,c2,1,s2,47,,,,,,,,,,,,,,,,,,,,,,,,,,,,,,,,,,,,,,,,,,,,,,
1,s0,71,m0,1,c0,1,s0,8,s1,88,s2,130,,,,,,,,,,,,,,,,,,,,,,,,,,,,,,,,,,,,,,,,,,,,,,,,
1,s0,136,c0,14,c1,35,c2,114,,,,,,,,,,,,,,,,,,,,,,,,,,,,,,,,,,,,,,,,,,,,,,,,,,,,
1,s0,85,m0,1,c0,10,c1,50,c2,153,,,,,,,,,,,,,,,,,,,,,,,,,,,,,,,,,,,,,,,,,,,,,,,,,,
1,s0,71,c0,1,s0,14,c0,14,c1,199,,,,,,,,,,,,,,,,,,,,,,,,,,,,,,,,,,,,,,,,,,,,,,,,,,
1,s0,109,m0,1,c0,10,c1,98,c2,81,,,,,,,,,,,,,,,,,,,,,,,,,,,,,,,,,,,,,,,,,,,,,,,,,,
1,s0,133,m0,1,c0,14,c1,151,,,,,,,,,,,,,,,,,,,,,,,,,,,,,,,,,,,,,,,,,,,,,,,,,,,,
1,s0,86,c0,1,s0,5,c0,18,c1,17,c2,172,,,,,,,,,,,,,,,,,,,,,,,,,,,,,,,,,,,,,,,,,,,,,,,,
1,s0,77,m0,1,c0,1,s0,9,s1,17,s2,76,m2,1,c2,117,,,,,,,,,,,,,,,,,,,,,,,,,,,,,,,,,,,,,,,,,,,,
1,s0,82,m0,1,c0,5,c1,211,,,,,,,,,,,,,,,,,,,,,,,,,,,,,,,,,,,,,,,,,,,,,,,,,,,,
1,s0,112,m0,1,c0,1,s0,25,s1,29,s2,9,s3,122,,,,,,,,,,,,,,,,,,,,,,,,,,,,,,,,,,,,,,,,,,,,,,
1,s0,251,m0,1,c0,15,c1,32,,,,,,,,,,,,,,,,,,,,,,,,,,,,,,,,,,,,,,,,,,,,,,,,,,,,
1,s0,108,m0,1,c0,9,c1,53,c2,128,,,,,,,,,,,,,,,,,,,,,,,,,,,,,,,,,,,,,,,,,,,,,,,,,,
1,s0,136,m0,1,c0,8,c1,108,c2,46,,,,,,,,,,,,,,,,,,,,,,,,,,,,,,,,,,,,,,,,,,,,,,,,,,
1,s0,236,m0,1,c0,62,,,,,,,,,,,,,,,,,,,,,,,,,,,,,,,,,,,,,,,,,,,,,,,,,,,,,,
1,s0,125,c0,1,s0,1,c0,7,c1,25,c2,140,,,,,,,,,,,,,,,,,,,,,,,,,,,,,,,,,,,,,,,,,,,,,,,,
1,s0,34,m0,1,c0,1,s0,24,c0,1,s0,7,c0,1,s0,82,m0,1,c0,1,s0,7,s1,13,c1,1,s1,13,c1,112,,,,,,,,,,,,,,,,,,,,,,,,,,,,,,
1,s0,37,c0,1,s0,18,s1,2,c1,54,c2,60,c3,55,c4,72,,,,,,,,,,,,,,,,,,,,,,,,,,,,,,,,,,,,,,,,,,,,
1,s0,41,m0,1,c0,1,s0,6,s1,22,c1,1,s1,11,c1,1,s1,7,m1,1,c1,9,c2,6,c3,6,c4,186,,,,,,,,,,,,,,,,,,,,,,,,,,,,,,,,
1,s0,47,m0,1,c0,1,s0,11,s1,55,m1,1,c1,1,s1,23,c1,1,s1,11,c1,16,c2,131,,,,,,,,,,,,,,,,,,,,,,,,,,,,,,,,,,,,
1,s0,71,m0,1,c0,14,c1,213,,,,,,,,,,,,,,,,,,,,,,,,,,,,,,,,,,,,,,,,,,,,,,,,,,,,
1,s0,102,m0,1,c0,1,s0,20,s1,19,s2,156,,,,,,,,,,,,,,,,,,,,,,,,,,,,,,,,,,,,,,,,,,,,,,,,
1,s0,72,m0,1,c0,8,c1,218,,,,,,,,,,,,,,,,,,,,,,,,,,,,,,,,,,,,,,,,,,,,,,,,,,,,
1,s0,91,m0,1,c0,6,c1,27,c2,74,c3,100,,,,,,,,,,,,,,,,,,,,,,,,,,,,,,,,,,,,,,,,,,,,,,,,
1,s0,71,c0,30,c1,138,c2,60,,,,,,,,,,,,,,,,,,,,,,,,,,,,,,,,,,,,,,,,,,,,,,,,,,,,
1,s0,49,m0,1,c0,1,s0,6,m1,1,c1,1,s1,16,m1,1,c1,1,s1,46,s2,106,m2,1,c2,69,,,,,,,,,,,,,,,,,,,,,,,,,,,,,,,,,,
1,s0,59,m0,1,c0,8,c1,25,c2,206,,,,,,,,,,,,,,,,,,,,,,,,,,,,,,,,,,,,,,,,,,,,,,,,,,
1,s0,81,m0,1,c0,21,c1,196,,,,,,,,,,,,,,,,,,,,,,,,,,,,,,,,,,,,,,,,,,,,,,,,,,,,
1,s0,72,m0,1,c0,1,s0,66,s1,82,s2,29,s3,48,,,,,,,,,,,,,,,,,,,,,,,,,,,,,,,,,,,,,,,,,,,,,,
1,s0,87,m0,1,c0,3,c1,34,c2,121,c3,53,,,,,,,,,,,,,,,,,,,,,,,,,,,,,,,,,,,,,,,,,,,,,,,,
1,s0,77,m0,1,c0,1,s0,26,s1,85,m1,1,c1,1,s1,29,s2,78,,,,,,,,,,,,,,,,,,,,,,,,,,,,,,,,,,,,,,,,,,
1,s0,299,,,,,,,,,,,,,,,,,,,,,,,,,,,,,,,,,,,,,,,,,,,,,,,,,,,,,,,,,,
1,s0,88,m0,1,c0,14,c1,26,c2,47,c3,123,,,,,,,,,,,,,,,,,,,,,,,,,,,,,,,,,,,,,,,,,,,,,,,,
1,s0,162,m0,1,c0,9,c1,123,c2,4,,,,,,,,,,,,,,,,,,,,,,,,,,,,,,,,,,,,,,,,,,,,,,,,,,
1,s0,39,c0,121,c1,139,,,,,,,,,,,,,,,,,,,,,,,,,,,,,,,,,,,,,,,,,,,,,,,,,,,,,,
1,s0,49,m0,1,c0,8,c1,37,c2,48,c3,24,c4,132,,,,,,,,,,,,,,,,,,,,,,,,,,,,,,,,,,,,,,,,,,,,,,
1,s0,127,c0,1,s0,17,s1,23,s2,77,c2,54,,,,,,,,,,,,,,,,,,,,,,,,,,,,,,,,,,,,,,,,,,,,,,,,
1,s0,117,c0,1,s0,2,c0,1,s0,23,c0,1,s0,25,s1,129,,,,,,,,,,,,,,,,,,,,,,,,,,,,,,,,,,,,,,,,,,,,
1,s0,150,m0,1,c0,25,c1,53,c2,70,,,,,,,,,,,,,,,,,,,,,,,,,,,,,,,,,,,,,,,,,,,,,,,,,,
1,s0,82,c0,1,s0,6,c0,1,s0,164,m0,1,c0,44,,,,,,,,,,,,,,,,,,,,,,,,,,,,,,,,,,,,,,,,,,,,,,
1,s0,104,m1,1,c1,82,c2,112,,,,,,,,,,,,,,,,,,,,,,,,,,,,,,,,,,,,,,,,,,,,,,,,,,,,
1,s0,79,s1,90,s2,130,,,,,,,,,,,,,,,,,,,,,,,,,,,,,,,,,,,,,,,,,,,,,,,,,,,,,,
1,s0,112,m0,1,c0,10,c1,93,c2,83,,,,,,,,,,,,,,,,,,,,,,,,,,,,,,,,,,,,,,,,,,,,,,,,,,
1,s0,33,m0,1,c0,1,s1,264,,,,,,,,,,,,,,,,,,,,,,,,,,,,,,,,,,,,,,,,,,,,,,,,,,,,
1,s0,104,m0,1,c0,8,c1,37,c2,149,,,,,,,,,,,,,,,,,,,,,,,,,,,,,,,,,,,,,,,,,,,,,,,,,,
1,s0,77,m0,1,c0,12,c1,40,c2,169,,,,,,,,,,,,,,,,,,,,,,,,,,,,,,,,,,,,,,,,,,,,,,,,,,
1,s0,85,s1,214,,,,,,,,,,,,,,,,,,,,,,,,,,,,,,,,,,,,,,,,,,,,,,,,,,,,,,,,
1,s0,263,c0,36,,,,,,,,,,,,,,,,,,,,,,,,,,,,,,,,,,,,,,,,,,,,,,,,,,,,,,,,
1,s0,57,m0,1,c0,1,s0,1,s1,10,m1,1,c1,1,s1,22,s2,11,m2,1,c2,11,c3,182,,,,,,,,,,,,,,,,,,,,,,,,,,,,,,,,,,,,
1,s0,98,m0,1,c0,1,s0,13,s1,28,m1,1,c1,1,m1,1,c1,1,s1,2,s2,38,c2,1,s2,12,c2,36,c3,65,,,,,,,,,,,,,,,,,,,,,,,,,,,,,,
1,s0,59,m0,1,c0,7,c1,31,c2,201,,,,,,,,,,,,,,,,,,,,,,,,,,,,,,,,,,,,,,,,,,,,,,,,,,
1,s0,299,,,,,,,,,,,,,,,,,,,,,,,,,,,,,,,,,,,,,,,,,,,,,,,,,,,,,,,,,,
1,s0,120,m0,1,c0,51,c1,127,,,,,,,,,,,,,,,,,,,,,,,,,,,,,,,,,,,,,,,,,,,,,,,,,,,,
1,s0,114,m0,1,c0,9,c1,175,,,,,,,,,,,,,,,,,,,,,,,,,,,,,,,,,,,,,,,,,,,,,,,,,,,,
1,s0,85,c0,1,s0,1,c0,9,c1,26,c2,60,c3,117,,,,,,,,,,,,,,,,,,,,,,,,,,,,,,,,,,,,,,,,,,,,,,
1,s0,44,m0,1,c0,14,c1,33,c2,5,c3,202,,,,,,,,,,,,,,,,,,,,,,,,,,,,,,,,,,,,,,,,,,,,,,,,
1,s0,68,m0,1,c0,44,c1,118,c2,68,,,,,,,,,,,,,,,,,,,,,,,,,,,,,,,,,,,,,,,,,,,,,,,,,,
1,s0,81,m0,1,c0,10,c1,72,c2,135,,,,,,,,,,,,,,,,,,,,,,,,,,,,,,,,,,,,,,,,,,,,,,,,,,
1,s0,299,,,,,,,,,,,,,,,,,,,,,,,,,,,,,,,,,,,,,,,,,,,,,,,,,,,,,,,,,,
1,s0,51,m0,1,c0,8,c1,239,,,,,,,,,,,,,,,,,,,,,,,,,,,,,,,,,,,,,,,,,,,,,,,,,,,,
1,s0,103,m0,1,c0,12,c1,73,c2,110,,,,,,,,,,,,,,,,,,,,,,,,,,,,,,,,,,,,,,,,,,,,,,,,,,
1,s0,17,c0,1,s0,10,c0,1,s0,17,s1,39,m1,1,c1,1,s1,21,c1,1,s1,92,c1,98,,,,,,,,,,,,,,,,,,,,,,,,,,,,,,,,,,,,
1,s0,75,m0,1,c0,9,c1,108,c2,106,,,,,,,,,,,,,,,,,,,,,,,,,,,,,,,,,,,,,,,,,,,,,,,,,,
1,s0,35,m0,1,c0,1,s0,13,s1,34,s2,215,,,,,,,,,,,,,,,,,,,,,,,,,,,,,,,,,,,,,,,,,,,,,,,,
1,s0,112,m0,1,c0,7,c1,66,c2,113,,,,,,,,,,,,,,,,,,,,,,,,,,,,,,,,,,,,,,,,,,,,,,,,,,
1,s0,105,m0,1,c0,25,c1,26,c2,22,c3,51,c4,69,,,,,,,,,,,,,,,,,,,,,,,,,,,,,,,,,,,,,,,,,,,,,,
1,s0,51,c0,1,s0,11,s1,3,c1,1,s1,57,c1,1,s1,1,c1,1,s1,42,c1,1,s1,26,c1,1,s1,4,s2,56,c2,2,s2,40,,,,,,,,,,,,,,,,,,,,,,,,,,
1,s0,85,c0,6,c1,208,,,,,,,,,,,,,,,,,,,,,,,,,,,,,,,,,,,,,,,,,,,,,,,,,,,,,,
1,s0,65,m0,1,c0,1,s0,9,s1,67,c1,2,s1,12,c1,1,s1,101,c1,1,s1,39,,,,,,,,,,,,,,,,,,,,,,,,,,,,,,,,,,,,,,
1,s0,78,m0,1,c0,1,s0,29,s1,48,s2,142,,,,,,,,,,,,,,,,,,,,,,,,,,,,,,,,,,,,,,,,,,,,,,,,
1,s0,86,m0,1,c0,1,s0,7,s1,185,m1,1,c1,1,s1,9,c1,1,s1,7,c1,,,,,,,,,,,,,,,,,,,,,,,,,,,,,,,,,,,,,,,
1,s0,80,m0,1,c0,9,c1,97,c2,112,,,,,,,,,,,,,,,,,,,,,,,,,,,,,,,,,,,,,,,,,,,,,,,,,,
1,s0,138,c0,7,c1,51,c2,103,,,,,,,,,,,,,,,,,,,,,,,,,,,,,,,,,,,,,,,,,,,,,,,,,,,,
1,s0,103,m0,1,c0,10,c1,85,c2,100,,,,,,,,,,,,,,,,,,,,,,,,,,,,,,,,,,,,,,,,,,,,,,,,,,
1,s0,24,m0,1,c0,1,s0,11,s1,33,m1,1,c1,1,s1,55,c1,1,s1,12,c1,1,s1,158,,,,,,,,,,,,,,,,,,,,,,,,,,,,,,,,,,,,
1,s0,61,m0,1,c0,1,s0,15,s1,24,m1,1,c1,1,s1,9,m1,1,c1,9,c2,57,c3,119,,,,,,,,,,,,,,,,,,,,,,,,,,,,,,,,,,,,
1,s0,259,c0,14,c1,26,,,,,,,,,,,,,,,,,,,,,,,,,,,,,,,,,,,,,,,,,,,,,,,,,,,,,,
1,s0,87,m0,1,c0,15,c1,51,c2,145,,,,,,,,,,,,,,,,,,,,,,,,,,,,,,,,,,,,,,,,,,,,,,,,,,
1,s0,36,c0,1,s0,13,c1,1,s1,42,m1,1,c1,1,s1,50,m1,1,c1,1,s1,7,c1,1,s1,4,c1,140,,,,,,,,,,,,,,,,,,,,,,,,,,,,,,,,
1,s0,102,m0,1,c0,1,s0,21,s1,146,m1,1,c1,2,s1,7,s2,6,c2,12,,,,,,,,,,,,,,,,,,,,,,,,,,,,,,,,,,,,,,,,
1,s0,107,m0,1,c0,1,s0,32,s1,89,m1,1,c1,68,,,,,,,,,,,,,,,,,,,,,,,,,,,,,,,,,,,,,,,,,,,,,,
1,s0,66,m0,1,c0,1,s0,6,s1,17,m1,1,c1,1,s1,50,c1,1,s1,72,c2,1,s2,82,,,,,,,,,,,,,,,,,,,,,,,,,,,,,,,,,,,,
1,s0,140,m0,1,c0,9,c1,36,c2,113,,,,,,,,,,,,,,,,,,,,,,,,,,,,,,,,,,,,,,,,,,,,,,,,,,
1,s0,102,m0,1,c0,1,s0,70,s1,55,m1,1,c1,69,,,,,,,,,,,,,,,,,,,,,,,,,,,,,,,,,,,,,,,,,,,,,,
1,s0,88,m0,1,c0,48,c1,162,,,,,,,,,,,,,,,,,,,,,,,,,,,,,,,,,,,,,,,,,,,,,,,,,,,,
1,s0,121,m0,1,c0,177,,,,,,,,,,,,,,,,,,,,,,,,,,,,,,,,,,,,,,,,,,,,,,,,,,,,,,
1,s0,11,c0,1,s0,24,c0,3,c1,260,,,,,,,,,,,,,,,,,,,,,,,,,,,,,,,,,,,,,,,,,,,,,,,,,,
1,s0,119,s1,26,c1,1,s1,2,c1,1,s1,10,c1,1,s1,18,c1,121,,,,,,,,,,,,,,,,,,,,,,,,,,,,,,,,,,,,,,,,,,
1,s0,119,m0,1,c0,1,s0,42,m0,1,c0,58,c1,77,,,,,,,,,,,,,,,,,,,,,,,,,,,,,,,,,,,,,,,,,,,,,,
1,s0,49,m0,1,c0,21,c1,92,c2,136,,,,,,,,,,,,,,,,,,,,,,,,,,,,,,,,,,,,,,,,,,,,,,,,,,
1,s0,59,m0,1,c0,1,s0,25,s1,50,m1,1,c1,162,,,,,,,,,,,,,,,,,,,,,,,,,,,,,,,,,,,,,,,,,,,,,,
1,s0,37,m0,1,c0,10,c1,60,c2,191,,,,,,,,,,,,,,,,,,,,,,,,,,,,,,,,,,,,,,,,,,,,,,,,,,
1,s0,93,m0,1,c0,14,c1,57,c2,134,,,,,,,,,,,,,,,,,,,,,,,,,,,,,,,,,,,,,,,,,,,,,,,,,,
1,s0,63,c0,5,c1,28,c2,68,c3,135,,,,,,,,,,,,,,,,,,,,,,,,,,,,,,,,,,,,,,,,,,,,,,,,,,
1,s0,116,s1,7,s2,3,c2,69,c3,104,,,,,,,,,,,,,,,,,,,,,,,,,,,,,,,,,,,,,,,,,,,,,,,,,,
1,s0,69,m0,1,c0,1,s0,80,s1,127,c1,21,,,,,,,,,,,,,,,,,,,,,,,,,,,,,,,,,,,,,,,,,,,,,,,,
1,s0,50,c0,56,c3,193,,,,,,,,,,,,,,,,,,,,,,,,,,,,,,,,,,,,,,,,,,,,,,,,,,,,,,
1,s0,94,m0,1,c0,1,s0,9,s1,41,s2,153,,,,,,,,,,,,,,,,,,,,,,,,,,,,,,,,,,,,,,,,,,,,,,,,
1,s0,101,m0,1,c0,129,c1,68,,,,,,,,,,,,,,,,,,,,,,,,,,,,,,,,,,,,,,,,,,,,,,,,,,,,
1,s0,66,m0,1,c0,1,s0,3,s1,186,m1,1,c1,3,s1,3,s2,35,,,,,,,,,,,,,,,,,,,,,,,,,,,,,,,,,,,,,,,,,,
1,s0,50,c0,2,s0,23,s1,110,s2,82,m2,1,c2,31,,,,,,,,,,,,,,,,,,,,,,,,,,,,,,,,,,,,,,,,,,,,,,
1,s0,53,c0,10,c1,120,c2,116,,,,,,,,,,,,,,,,,,,,,,,,,,,,,,,,,,,,,,,,,,,,,,,,,,,,
1,s0,101,m0,1,c0,134,c1,63,,,,,,,,,,,,,,,,,,,,,,,,,,,,,,,,,,,,,,,,,,,,,,,,,,,,
1,s0,85,m0,1,c0,1,c1,74,c2,138,,,,,,,,,,,,,,,,,,,,,,,,,,,,,,,,,,,,,,,,,,,,,,,,,,
1,s0,121,m0,1,c0,1,s0,4,s1,140,c1,1,s1,23,c1,8,,,,,,,,,,,,,,,,,,,,,,,,,,,,,,,,,,,,,,,,,,,,
1,s0,95,m0,1,c0,5,c1,56,c2,142,,,,,,,,,,,,,,,,,,,,,,,,,,,,,,,,,,,,,,,,,,,,,,,,,,
1,s0,84,m0,1,c0,13,c1,201,,,,,,,,,,,,,,,,,,,,,,,,,,,,,,,,,,,,,,,,,,,,,,,,,,,,
1,s0,56,m0,1,c0,78,c1,14,c2,150,,,,,,,,,,,,,,,,,,,,,,,,,,,,,,,,,,,,,,,,,,,,,,,,,,
1,s0,158,m0,1,c0,9,c1,131,,,,,,,,,,,,,,,,,,,,,,,,,,,,,,,,,,,,,,,,,,,,,,,,,,,,
1,s0,117,m0,1,c0,54,c1,127,,,,,,,,,,,,,,,,,,,,,,,,,,,,,,,,,,,,,,,,,,,,,,,,,,,,
1,s0,37,m0,1,c0,8,c1,143,c2,110,,,,,,,,,,,,,,,,,,,,,,,,,,,,,,,,,,,,,,,,,,,,,,,,,,
1,s0,107,m0,1,c0,13,c1,21,c2,48,c3,109,,,,,,,,,,,,,,,,,,,,,,,,,,,,,,,,,,,,,,,,,,,,,,,,
1,s0,299,,,,,,,,,,,,,,,,,,,,,,,,,,,,,,,,,,,,,,,,,,,,,,,,,,,,,,,,,,
1,s0,299,,,,,,,,,,,,,,,,,,,,,,,,,,,,,,,,,,,,,,,,,,,,,,,,,,,,,,,,,,
1,s0,78,m0,1,c0,1,s0,29,s1,190,,,,,,,,,,,,,,,,,,,,,,,,,,,,,,,,,,,,,,,,,,,,,,,,,,
1,s0,124,c0,175,,,,,,,,,,,,,,,,,,,,,,,,,,,,,,,,,,,,,,,,,,,,,,,,,,,,,,,,
1,s0,109,m0,1,c0,8,c1,44,c3,137,,,,,,,,,,,,,,,,,,,,,,,,,,,,,,,,,,,,,,,,,,,,,,,,,,
1,s0,142,m0,1,c0,10,c1,146,,,,,,,,,,,,,,,,,,,,,,,,,,,,,,,,,,,,,,,,,,,,,,,,,,,,
1,s0,299,,,,,,,,,,,,,,,,,,,,,,,,,,,,,,,,,,,,,,,,,,,,,,,,,,,,,,,,,,
1,s0,119,m0,1,c0,15,c1,37,c2,127,,,,,,,,,,,,,,,,,,,,,,,,,,,,,,,,,,,,,,,,,,,,,,,,,,
1,s0,1,s1,31,s2,267,,,,,,,,,,,,,,,,,,,,,,,,,,,,,,,,,,,,,,,,,,,,,,,,,,,,,,
1,s0,132,c0,1,s0,14,c0,16,c1,56,c2,80,,,,,,,,,,,,,,,,,,,,,,,,,,,,,,,,,,,,,,,,,,,,,,,,
1,s0,299,,,,,,,,,,,,,,,,,,,,,,,,,,,,,,,,,,,,,,,,,,,,,,,,,,,,,,,,,,
1,s0,71,m0,1,c0,1,s0,10,s1,85,m1,1,c1,130,,,,,,,,,,,,,,,,,,,,,,,,,,,,,,,,,,,,,,,,,,,,,,
1,s0,88,m0,1,c0,1,s0,59,s1,150,,,,,,,,,,,,,,,,,,,,,,,,,,,,,,,,,,,,,,,,,,,,,,,,,,
1,s0,46,m0,1,c0,1,s0,30,s1,75,s2,146,,,,,,,,,,,,,,,,,,,,,,,,,,,,,,,,,,,,,,,,,,,,,,,,
1,s0,70,m0,1,c0,1,s0,9,s1,57,s2,65,c2,96,,,,,,,,,,,,,,,,,,,,,,,,,,,,,,,,,,,,,,,,,,,,,,
1,s0,28,m0,1,c0,1,s0,34,s1,224,s2,11,,,,,,,,,,,,,,,,,,,,,,,,,,,,,,,,,,,,,,,,,,,,,,,,
1,s0,47,m0,1,c0,1,s0,7,s1,243,,,,,,,,,,,,,,,,,,,,,,,,,,,,,,,,,,,,,,,,,,,,,,,,,,
1,s0,45,m0,1,c0,6,c1,48,c2,17,c3,182,,,,,,,,,,,,,,,,,,,,,,,,,,,,,,,,,,,,,,,,,,,,,,,,
1,s0,92,c0,1,s0,16,s1,121,c1,69,,,,,,,,,,,,,,,,,,,,,,,,,,,,,,,,,,,,,,,,,,,,,,,,,,
1,s0,136,m0,1,c0,10,c1,152,,,,,,,,,,,,,,,,,,,,,,,,,,,,,,,,,,,,,,,,,,,,,,,,,,,,
1,s0,299,,,,,,,,,,,,,,,,,,,,,,,,,,,,,,,,,,,,,,,,,,,,,,,,,,,,,,,,,,
1,s0,92,m0,1,c0,1,s0,205,,,,,,,,,,,,,,,,,,,,,,,,,,,,,,,,,,,,,,,,,,,,,,,,,,,,
1,s0,148,c0,1,s0,35,s1,20,c1,95,,,,,,,,,,,,,,,,,,,,,,,,,,,,,,,,,,,,,,,,,,,,,,,,,,
1,s0,138,m0,1,c0,6,c2,154,,,,,,,,,,,,,,,,,,,,,,,,,,,,,,,,,,,,,,,,,,,,,,,,,,,,
1,s0,106,m0,1,c0,40,c1,63,c2,89,,,,,,,,,,,,,,,,,,,,,,,,,,,,,,,,,,,,,,,,,,,,,,,,,,
1,s0,77,m0,1,c0,1,s0,13,s1,157,c1,1,s1,4,c1,1,s1,7,c1,1,s1,2,c1,1,s1,33,,,,,,,,,,,,,,,,,,,,,,,,,,,,,,,,,,
1,s0,115,s1,48,m1,1,c1,135,,,,,,,,,,,,,,,,,,,,,,,,,,,,,,,,,,,,,,,,,,,,,,,,,,,,
1,s0,195,s1,2,m1,1,c1,101,,,,,,,,,,,,,,,,,,,,,,,,,,,,,,,,,,,,,,,,,,,,,,,,,,,,
1,s0,88,m0,1,c0,1,s0,26,s1,13,m1,1,c1,1,s1,10,c1,1,s1,10,c1,62,c2,85,,,,,,,,,,,,,,,,,,,,,,,,,,,,,,,,,,,,
1,s0,50,c0,9,c1,12,c2,228,,,,,,,,,,,,,,,,,,,,,,,,,,,,,,,,,,,,,,,,,,,,,,,,,,,,
1,s0,57,m0,1,c0,1,s0,3,s1,64,s2,173,,,,,,,,,,,,,,,,,,,,,,,,,,,,,,,,,,,,,,,,,,,,,,,,
1,s0,145,m0,1,c0,18,c1,135,,,,,,,,,,,,,,,,,,,,,,,,,,,,,,,,,,,,,,,,,,,,,,,,,,,,
1,s0,37,s1,80,m1,1,c1,181,,,,,,,,,,,,,,,,,,,,,,,,,,,,,,,,,,,,,,,,,,,,,,,,,,,,
1,s0,82,m0,1,c0,9,c1,207,,,,,,,,,,,,,,,,,,,,,,,,,,,,,,,,,,,,,,,,,,,,,,,,,,,,
1,s0,88,m0,1,c0,12,c1,48,c2,150,,,,,,,,,,,,,,,,,,,,,,,,,,,,,,,,,,,,,,,,,,,,,,,,,,
1,s0,77,m0,1,c0,16,c1,49,c2,156,,,,,,,,,,,,,,,,,,,,,,,,,,,,,,,,,,,,,,,,,,,,,,,,,,
1,s0,31,m0,1,c0,1,s0,62,s1,145,m1,1,c1,1,s1,12,c1,1,s1,30,c1,1,s1,1,s2,12,,,,,,,,,,,,,,,,,,,,,,,,,,,,,,,,,,
1,s0,91,m0,1,c0,12,c1,195,,,,,,,,,,,,,,,,,,,,,,,,,,,,,,,,,,,,,,,,,,,,,,,,,,,,
1,s0,69,m0,1,c0,1,s0,1,s1,12,c1,1,s1,3,c1,2,s1,7,c1,21,c2,181,,,,,,,,,,,,,,,,,,,,,,,,,,,,,,,,,,,,,,
1,s0,64,m0,1,c0,1,s0,9,s1,39,m1,1,c1,1,m1,1,c1,1,s1,181,,,,,,,,,,,,,,,,,,,,,,,,,,,,,,,,,,,,,,,,
1,s0,63,m0,1,c0,1,s0,34,m0,1,c0,1,s0,1,c0,1,s0,3,c0,1,s0,63,m0,1,c0,1,s0,1,c0,1,s0,57,c0,68,,,,,,,,,,,,,,,,,,,,,,,,,,
1,s0,97,m0,1,c0,16,c1,41,c2,144,,,,,,,,,,,,,,,,,,,,,,,,,,,,,,,,,,,,,,,,,,,,,,,,,,
1,s0,150,m0,1,c0,10,c1,138,,,,,,,,,,,,,,,,,,,,,,,,,,,,,,,,,,,,,,,,,,,,,,,,,,,,
1,s0,67,s1,2,m1,1,c1,1,s1,61,s2,62,s3,52,c3,1,s3,4,c3,48,,,,,,,,,,,,,,,,,,,,,,,,,,,,,,,,,,,,,,,,
1,s0,42,m0,1,c0,5,c1,33,c2,218,,,,,,,,,,,,,,,,,,,,,,,,,,,,,,,,,,,,,,,,,,,,,,,,,,
1,s0,102,m0,1,c0,11,c1,169,c2,16,,,,,,,,,,,,,,,,,,,,,,,,,,,,,,,,,,,,,,,,,,,,,,,,,,
1,s0,84,m0,1,c0,1,s0,16,s1,134,c1,1,s1,3,c1,1,s1,7,c1,1,s1,50,,,,,,,,,,,,,,,,,,,,,,,,,,,,,,,,,,,,,,
1,s0,15,c0,39,c1,18,c2,159,c3,68,,,,,,,,,,,,,,,,,,,,,,,,,,,,,,,,,,,,,,,,,,,,,,,,,,
1,s0,35,c0,1,s0,7,c0,1,c1,255,,,,,,,,,,,,,,,,,,,,,,,,,,,,,,,,,,,,,,,,,,,,,,,,,,
1,s0,68,m0,1,c0,8,c1,15,c2,105,c3,102,,,,,,,,,,,,,,,,,,,,,,,,,,,,,,,,,,,,,,,,,,,,,,,,
1,s0,131,s1,15,m2,1,c2,152,,,,,,,,,,,,,,,,,,,,,,,,,,,,,,,,,,,,,,,,,,,,,,,,,,,,
1,s0,58,s1,15,m1,1,c1,1,s1,120,m1,1,c1,1,s1,102,,,,,,,,,,,,,,,,,,,,,,,,,,,,,,,,,,,,,,,,,,,,
1,s0,153,m0,1,c0,11,c1,134,,,,,,,,,,,,,,,,,,,,,,,,,,,,,,,,,,,,,,,,,,,,,,,,,,,,
1,s0,37,s1,68,m1,1,c1,43,c2,82,c3,68,,,,,,,,,,,,,,,,,,,,,,,,,,,,,,,,,,,,,,,,,,,,,,,,
1,s0,83,c0,1,s0,9,s1,34,c1,1,s1,7,m1,1,c1,1,s1,76,c1,86,,,,,,,,,,,,,,,,,,,,,,,,,,,,,,,,,,,,,,,,
1,s0,71,m0,1,c0,10,c1,41,c2,176,,,,,,,,,,,,,,,,,,,,,,,,,,,,,,,,,,,,,,,,,,,,,,,,,,
1,s0,139,m0,1,c0,6,c1,153,,,,,,,,,,,,,,,,,,,,,,,,,,,,,,,,,,,,,,,,,,,,,,,,,,,,
1,s0,155,m0,1,c0,15,c1,128,,,,,,,,,,,,,,,,,,,,,,,,,,,,,,,,,,,,,,,,,,,,,,,,,,,,
1,s0,60,c0,1,s0,5,c0,3,c1,20,c2,210,,,,,,,,,,,,,,,,,,,,,,,,,,,,,,,,,,,,,,,,,,,,,,,,
1,s0,53,c0,2,s0,6,s1,49,s2,189,,,,,,,,,,,,,,,,,,,,,,,,,,,,,,,,,,,,,,,,,,,,,,,,,,
1,s0,299,,,,,,,,,,,,,,,,,,,,,,,,,,,,,,,,,,,,,,,,,,,,,,,,,,,,,,,,,,
1,s0,299,,,,,,,,,,,,,,,,,,,,,,,,,,,,,,,,,,,,,,,,,,,,,,,,,,,,,,,,,,
1,s0,45,c0,1,s0,3,c0,1,s0,5,s1,74,s2,170,,,,,,,,,,,,,,,,,,,,,,,,,,,,,,,,,,,,,,,,,,,,,,
1,s0,34,c0,1,s0,10,s1,2,c1,1,s1,86,c1,165,,,,,,,,,,,,,,,,,,,,,,,,,,,,,,,,,,,,,,,,,,,,,,
1,s0,61,s1,159,s2,79,,,,,,,,,,,,,,,,,,,,,,,,,,,,,,,,,,,,,,,,,,,,,,,,,,,,,,
1,s0,54,m0,1,c0,1,s0,7,s1,27,s2,23,s3,186,,,,,,,,,,,,,,,,,,,,,,,,,,,,,,,,,,,,,,,,,,,,,,
1,s0,107,m0,1,c0,1,s0,7,s1,65,m1,1,c1,117,,,,,,,,,,,,,,,,,,,,,,,,,,,,,,,,,,,,,,,,,,,,,,
1,s0,137,c0,1,s0,1,c0,101,c1,59,,,,,,,,,,,,,,,,,,,,,,,,,,,,,,,,,,,,,,,,,,,,,,,,,,
1,s0,89,m0,1,c0,21,c1,65,c2,123,,,,,,,,,,,,,,,,,,,,,,,,,,,,,,,,,,,,,,,,,,,,,,,,,,
1,s0,54,m0,1,c0,1,s0,19,s1,36,m1,1,c1,1,s1,30,m1,1,c1,10,c2,14,c3,131,,,,,,,,,,,,,,,,,,,,,,,,,,,,,,,,,,,,
1,s0,73,c0,10,c1,32,c2,123,c3,61,,,,,,,,,,,,,,,,,,,,,,,,,,,,,,,,,,,,,,,,,,,,,,,,,,
1,s0,81,m0,1,c0,7,c1,19,c2,56,c3,38,c4,97,,,,,,,,,,,,,,,,,,,,,,,,,,,,,,,,,,,,,,,,,,,,,,
1,s0,46,m0,1,c0,1,s0,6,s1,79,s2,14,s3,152,,,,,,,,,,,,,,,,,,,,,,,,,,,,,,,,,,,,,,,,,,,,,,
1,s0,74,m0,1,c0,1,s0,23,s1,53,m1,2,c1,1,s1,2,c1,1,s1,103,c1,38,,,,,,,,,,,,,,,,,,,,,,,,,,,,,,,,,,,,,,
1,s0,142,m0,1,c0,24,c1,66,c2,66,,,,,,,,,,,,,,,,,,,,,,,,,,,,,,,,,,,,,,,,,,,,,,,,,,
1,s0,81,c0,8,c1,67,c2,143,,,,,,,,,,,,,,,,,,,,,,,,,,,,,,,,,,,,,,,,,,,,,,,,,,,,
1,s0,128,m0,1,c0,1,s0,4,s1,31,s2,134,,,,,,,,,,,,,,,,,,,,,,,,,,,,,,,,,,,,,,,,,,,,,,,,
1,s0,146,c0,118,c1,35,,,,,,,,,,,,,,,,,,,,,,,,,,,,,,,,,,,,,,,,,,,,,,,,,,,,,,
1,s0,58,c0,1,s0,28,c0,1,s0,35,s1,93,m1,1,c1,82,,,,,,,,,,,,,,,,,,,,,,,,,,,,,,,,,,,,,,,,,,,,
1,s0,71,m0,1,c0,26,c1,105,c2,96,,,,,,,,,,,,,,,,,,,,,,,,,,,,,,,,,,,,,,,,,,,,,,,,,,
1,s0,176,m0,1,c0,122,,,,,,,,,,,,,,,,,,,,,,,,,,,,,,,,,,,,,,,,,,,,,,,,,,,,,,
1,s0,123,m0,1,c0,9,c1,48,c2,118,,,,,,,,,,,,,,,,,,,,,,,,,,,,,,,,,,,,,,,,,,,,,,,,,,
1,s0,73,s1,47,s2,145,s3,34,,,,,,,,,,,,,,,,,,,,,,,,,,,,,,,,,,,,,,,,,,,,,,,,,,,,
1,s0,94,m0,1,c0,18,c1,186,,,,,,,,,,,,,,,,,,,,,,,,,,,,,,,,,,,,,,,,,,,,,,,,,,,,
1,s0,89,c0,1,s0,46,c0,1,s0,106,s1,15,c1,41,,,,,,,,,,,,,,,,,,,,,,,,,,,,,,,,,,,,,,,,,,,,,,
1,s0,70,m0,1,c0,10,c1,218,,,,,,,,,,,,,,,,,,,,,,,,,,,,,,,,,,,,,,,,,,,,,,,,,,,,
1,s0,196,s1,13,s2,90,,,,,,,,,,,,,,,,,,,,,,,,,,,,,,,,,,,,,,,,,,,,,,,,,,,,,,
1,s0,61,m1,1,c1,1,s1,33,m1,1,c1,1,s1,82,c1,12,c2,17,c3,90,,,,,,,,,,,,,,,,,,,,,,,,,,,,,,,,,,,,,,,,
1,s0,89,m0,1,c1,1,s1,29,m1,1,c1,1,s1,21,c1,1,s1,11,s2,1,c2,143,,,,,,,,,,,,,,,,,,,,,,,,,,,,,,,,,,,,,,
1,s0,98,m0,1,c0,1,s0,9,s1,190,,,,,,,,,,,,,,,,,,,,,,,,,,,,,,,,,,,,,,,,,,,,,,,,,,
1,s0,77,m0,1,c0,1,s0,14,s1,78,c1,21,c2,107,,,,,,,,,,,,,,,,,,,,,,,,,,,,,,,,,,,,,,,,,,,,,,
1,s0,117,m0,1,c0,7,c1,31,c2,143,,,,,,,,,,,,,,,,,,,,,,,,,,,,,,,,,,,,,,,,,,,,,,,,,,
1,s0,64,m0,1,c0,1,s0,8,s1,48,c1,1,s1,12,c1,1,s1,11,m1,1,c1,17,c2,134,,,,,,,,,,,,,,,,,,,,,,,,,,,,,,,,,,,,
1,s0,39,m0,1,c0,13,c1,41,c2,205,,,,,,,,,,,,,,,,,,,,,,,,,,,,,,,,,,,,,,,,,,,,,,,,,,
1,s0,76,m0,1,c0,36,c1,186,,,,,,,,,,,,,,,,,,,,,,,,,,,,,,,,,,,,,,,,,,,,,,,,,,,,
1,s0,71,m0,1,c0,1,s0,23,s1,51,s2,152,,,,,,,,,,,,,,,,,,,,,,,,,,,,,,,,,,,,,,,,,,,,,,,,
1,s0,69,m0,1,c0,10,c1,70,c2,149,,,,,,,,,,,,,,,,,,,,,,,,,,,,,,,,,,,,,,,,,,,,,,,,,,
1,s0,123,c0,1,s0,17,c0,1,s0,32,s1,102,c1,1,s1,11,m1,1,c1,1,s1,9,,,,,,,,,,,,,,,,,,,,,,,,,,,,,,,,,,,,,,
1,s0,105,m0,1,c0,1,c1,192,,,,,,,,,,,,,,,,,,,,,,,,,,,,,,,,,,,,,,,,,,,,,,,,,,,,
1,s0,32,s1,37,s2,75,s3,155,,,,,,,,,,,,,,,,,,,,,,,,,,,,,,,,,,,,,,,,,,,,,,,,,,,,
1,s0,249,m0,1,c0,49,,,,,,,,,,,,,,,,,,,,,,,,,,,,,,,,,,,,,,,,,,,,,,,,,,,,,,
1,s0,24,c0,1,s0,13,c0,1,s0,7,s1,40,s2,52,s3,64,s4,97,,,,,,,,,,,,,,,,,,,,,,,,,,,,,,,,,,,,,,,,,,
1,s0,135,m0,1,c0,12,c1,72,c2,79,,,,,,,,,,,,,,,,,,,,,,,,,,,,,,,,,,,,,,,,,,,,,,,,,,
1,s0,41,m0,1,c0,17,c1,16,c2,58,c3,166,,,,,,,,,,,,,,,,,,,,,,,,,,,,,,,,,,,,,,,,,,,,,,,,
1,s0,157,m0,1,c0,7,c1,83,c2,51,,,,,,,,,,,,,,,,,,,,,,,,,,,,,,,,,,,,,,,,,,,,,,,,,,
1,s0,71,c0,12,c1,216,,,,,,,,,,,,,,,,,,,,,,,,,,,,,,,,,,,,,,,,,,,,,,,,,,,,,,
1,s0,29,c0,1,s0,14,c1,58,c2,197,,,,,,,,,,,,,,,,,,,,,,,,,,,,,,,,,,,,,,,,,,,,,,,,,,
1,s0,116,m0,1,c0,5,c1,71,c2,106,,,,,,,,,,,,,,,,,,,,,,,,,,,,,,,,,,,,,,,,,,,,,,,,,,
1,s0,113,c1,1,s1,3,c1,86,c2,96,,,,,,,,,,,,,,,,,,,,,,,,,,,,,,,,,,,,,,,,,,,,,,,,,,
1,s0,101,m0,1,c0,1,s0,7,s1,63,m1,1,c1,125,,,,,,,,,,,,,,,,,,,,,,,,,,,,,,,,,,,,,,,,,,,,,,
1,s0,227,m0,1,c0,1,s0,32,s1,38,,,,,,,,,,,,,,,,,,,,,,,,,,,,,,,,,,,,,,,,,,,,,,,,,,
1,s0,78,c0,1,s0,2,c0,7,c1,16,c2,195,,,,,,,,,,,,,,,,,,,,,,,,,,,,,,,,,,,,,,,,,,,,,,,,
1,s0,59,m0,1,c0,1,s0,10,s1,33,s2,195,,,,,,,,,,,,,,,,,,,,,,,,,,,,,,,,,,,,,,,,,,,,,,,,
1,s0,77,m0,1,c0,221,,,,,,,,,,,,,,,,,,,,,,,,,,,,,,,,,,,,,,,,,,,,,,,,,,,,,,
1,s0,60,m0,1,c0,1,s0,2,c0,1,s0,57,m0,1,m1,1,c1,40,c2,135,,,,,,,,,,,,,,,,,,,,,,,,,,,,,,,,,,,,,,,,
1,s0,299,,,,,,,,,,,,,,,,,,,,,,,,,,,,,,,,,,,,,,,,,,,,,,,,,,,,,,,,,,
1,s0,107,m0,1,c0,1,s0,27,s1,163,,,,,,,,,,,,,,,,,,,,,,,,,,,,,,,,,,,,,,,,,,,,,,,,,,
1,s0,54,m0,1,c0,1,s0,8,s1,36,m1,1,c1,1,s1,118,c1,10,c2,69,,,,,,,,,,,,,,,,,,,,,,,,,,,,,,,,,,,,,,,,
1,s0,80,m0,1,c0,1,s0,14,s1,90,c1,2,s1,103,c1,1,s1,7,,,,,,,,,,,,,,,,,,,,,,,,,,,,,,,,,,,,,,,,,,
1,s0,76,m0,1,c0,1,s0,4,s1,35,s2,182,,,,,,,,,,,,,,,,,,,,,,,,,,,,,,,,,,,,,,,,,,,,,,,,
1,s0,57,s1,242,,,,,,,,,,,,,,,,,,,,,,,,,,,,,,,,,,,,,,,,,,,,,,,,,,,,,,,,
1,s0,105,c0,1,s0,1,c0,1,s0,34,s1,64,s2,93,,,,,,,,,,,,,,,,,,,,,,,,,,,,,,,,,,,,,,,,,,,,,,
1,s0,77,m0,1,c0,11,c1,61,c2,149,,,,,,,,,,,,,,,,,,,,,,,,,,,,,,,,,,,,,,,,,,,,,,,,,,
1,s0,30,m0,1,c0,22,c1,64,c2,34,c3,148,,,,,,,,,,,,,,,,,,,,,,,,,,,,,,,,,,,,,,,,,,,,,,,,
1,s0,106,m0,1,c0,8,c1,53,c2,131,,,,,,,,,,,,,,,,,,,,,,,,,,,,,,,,,,,,,,,,,,,,,,,,,,
1,s0,105,m0,1,c0,1,s0,8,s1,95,s2,32,m2,1,c2,56,,,,,,,,,,,,,,,,,,,,,,,,,,,,,,,,,,,,,,,,,,,,
1,s0,88,m0,1,c0,8,c1,38,c2,102,c3,62,,,,,,,,,,,,,,,,,,,,,,,,,,,,,,,,,,,,,,,,,,,,,,,,
1,s0,33,s1,99,s2,135,m2,1,c2,31,,,,,,,,,,,,,,,,,,,,,,,,,,,,,,,,,,,,,,,,,,,,,,,,,,
1,s0,33,m0,1,c0,1,s1,34,s2,74,c2,156,,,,,,,,,,,,,,,,,,,,,,,,,,,,,,,,,,,,,,,,,,,,,,,,
1,s0,117,m0,1,c0,1,s0,9,s1,13,m1,1,c1,1,s1,3,c1,1,s1,6,c1,91,c2,55,,,,,,,,,,,,,,,,,,,,,,,,,,,,,,,,,,,,
1,s0,102,c0,1,s0,1,c0,11,c1,184,,,,,,,,,,,,,,,,,,,,,,,,,,,,,,,,,,,,,,,,,,,,,,,,,,
1,s0,87,m0,1,c0,10,c1,171,c2,30,,,,,,,,,,,,,,,,,,,,,,,,,,,,,,,,,,,,,,,,,,,,,,,,,,
1,s0,62,m0,1,c0,1,s0,9,s1,75,s2,91,m2,1,c2,59,,,,,,,,,,,,,,,,,,,,,,,,,,,,,,,,,,,,,,,,,,,,
1,s0,114,m0,1,c0,35,c1,86,c2,63,,,,,,,,,,,,,,,,,,,,,,,,,,,,,,,,,,,,,,,,,,,,,,,,,,
2,s0,299,,,,,,,,,,,,,,,,,,,,,,,,,,,,,,,,,,,,,,,,,,,,,,,,,,,,,,,,,,
2,s0,61,m0,1,c0,30,c1,207,,,,,,,,,,,,,,,,,,,,,,,,,,,,,,,,,,,,,,,,,,,,,,,,,,,,
2,s0,161,s1,138,,,,,,,,,,,,,,,,,,,,,,,,,,,,,,,,,,,,,,,,,,,,,,,,,,,,,,,,
2,s0,55,s1,6,m1,1,c1,1,s1,64,m1,1,c1,1,s1,11,m1,1,c1,32,c2,126,,,,,,,,,,,,,,,,,,,,,,,,,,,,,,,,,,,,,,
2,s0,21,s1,136,c1,142,,,,,,,,,,,,,,,,,,,,,,,,,,,,,,,,,,,,,,,,,,,,,,,,,,,,,,
2,s0,89,c0,1,s0,4,c0,19,c1,186,,,,,,,,,,,,,,,,,,,,,,,,,,,,,,,,,,,,,,,,,,,,,,,,,,
2,s0,53,m0,1,c0,8,c1,29,c2,123,c3,85,,,,,,,,,,,,,,,,,,,,,,,,,,,,,,,,,,,,,,,,,,,,,,,,
2,s0,184,m0,1,c0,1,s0,19,c0,1,s0,1,c0,1,s0,6,c0,85,,,,,,,,,,,,,,,,,,,,,,,,,,,,,,,,,,,,,,,,,,
2,s0,79,m0,1,c0,1,s0,10,s1,9,m1,1,c1,1,s1,7,c1,1,s1,17,c1,29,c2,143,,,,,,,,,,,,,,,,,,,,,,,,,,,,,,,,,,,,
2,s0,84,m0,1,c0,1,s0,8,s1,139,m1,1,c1,65,,,,,,,,,,,,,,,,,,,,,,,,,,,,,,,,,,,,,,,,,,,,,,
2,s0,189,c0,110,,,,,,,,,,,,,,,,,,,,,,,,,,,,,,,,,,,,,,,,,,,,,,,,,,,,,,,,
2,s0,94,m0,1,c0,10,c1,15,c2,179,,,,,,,,,,,,,,,,,,,,,,,,,,,,,,,,,,,,,,,,,,,,,,,,,,
2,s0,4,c0,295,,,,,,,,,,,,,,,,,,,,,,,,,,,,,,,,,,,,,,,,,,,,,,,,,,,,,,,,
2,s0,100,s1,199,,,,,,,,,,,,,,,,,,,,,,,,,,,,,,,,,,,,,,,,,,,,,,,,,,,,,,,,
2,s0,69,c0,10,c1,220,,,,,,,,,,,,,,,,,,,,,,,,,,,,,,,,,,,,,,,,,,,,,,,,,,,,,,
2,s0,101,m0,1,c0,19,c1,178,,,,,,,,,,,,,,,,,,,,,,,,,,,,,,,,,,,,,,,,,,,,,,,,,,,,
2,s0,65,m0,1,c0,17,c1,216,,,,,,,,,,,,,,,,,,,,,,,,,,,,,,,,,,,,,,,,,,,,,,,,,,,,
2,s0,41,c0,1,s0,25,c0,1,s0,11,s1,118,m1,1,c1,101,,,,,,,,,,,,,,,,,,,,,,,,,,,,,,,,,,,,,,,,,,,,
2,s0,121,m0,1,c0,1,s0,64,m0,1,c0,111,,,,,,,,,,,,,,,,,,,,,,,,,,,,,,,,,,,,,,,,,,,,,,,,
2,s0,58,s1,9,c1,98,c2,134,,,,,,,,,,,,,,,,,,,,,,,,,,,,,,,,,,,,,,,,,,,,,,,,,,,,
2,s0,143,c0,1,s0,10,c0,4,c1,55,c2,86,,,,,,,,,,,,,,,,,,,,,,,,,,,,,,,,,,,,,,,,,,,,,,,,
2,s0,80,c0,1,s0,20,c0,10,c1,188,,,,,,,,,,,,,,,,,,,,,,,,,,,,,,,,,,,,,,,,,,,,,,,,,,
2,s0,143,m0,1,c0,18,c1,13,c2,124,,,,,,,,,,,,,,,,,,,,,,,,,,,,,,,,,,,,,,,,,,,,,,,,,,
2,s0,94,c0,1,s0,5,c0,1,s0,64,s1,10,c1,1,s1,48,c1,75,,,,,,,,,,,,,,,,,,,,,,,,,,,,,,,,,,,,,,,,,,
2,s0,108,c0,1,s0,37,c0,17,c1,136,,,,,,,,,,,,,,,,,,,,,,,,,,,,,,,,,,,,,,,,,,,,,,,,,,
2,s0,43,m0,1,c0,1,s0,12,s1,99,c1,1,s1,1,c1,1,s1,38,c1,1,s1,4,c1,7,c2,90,,,,,,,,,,,,,,,,,,,,,,,,,,,,,,,,,,
2,s0,23,c0,20,c1,256,,,,,,,,,,,,,,,,,,,,,,,,,,,,,,,,,,,,,,,,,,,,,,,,,,,,,,
2,s0,54,c0,1,s0,1,c0,1,s0,16,s1,16,c1,2,s1,30,c1,178,,,,,,,,,,,,,,,,,,,,,,,,,,,,,,,,,,,,,,,,,,
2,s0,87,m0,1,c0,5,c1,206,,,,,,,,,,,,,,,,,,,,,,,,,,,,,,,,,,,,,,,,,,,,,,,,,,,,
2,s0,195,m0,1,c0,16,c1,87,,,,,,,,,,,,,,,,,,,,,,,,,,,,,,,,,,,,,,,,,,,,,,,,,,,,
2,s0,113,s1,4,c1,1,s1,2,c1,179,,,,,,,,,,,,,,,,,,,,,,,,,,,,,,,,,,,,,,,,,,,,,,,,,,
2,s0,61,m0,1,c0,58,c1,179,,,,,,,,,,,,,,,,,,,,,,,,,,,,,,,,,,,,,,,,,,,,,,,,,,,,
2,s0,23,c0,1,s0,1,c0,10,c1,264,,,,,,,,,,,,,,,,,,,,,,,,,,,,,,,,,,,,,,,,,,,,,,,,,,
2,s0,55,c0,1,s0,14,c0,7,c1,82,c2,140,,,,,,,,,,,,,,,,,,,,,,,,,,,,,,,,,,,,,,,,,,,,,,,,
2,s0,85,m0,1,c0,12,c1,21,c2,25,c3,155,,,,,,,,,,,,,,,,,,,,,,,,,,,,,,,,,,,,,,,,,,,,,,,,
2,s0,110,m0,1,c0,1,s0,8,m0,1,c0,1,s0,48,m0,1,c0,1,s0,1,s1,18,m1,1,c1,107,,,,,,,,,,,,,,,,,,,,,,,,,,,,,,,,,,
2,s0,299,,,,,,,,,,,,,,,,,,,,,,,,,,,,,,,,,,,,,,,,,,,,,,,,,,,,,,,,,,
2,s0,116,m0,1,c0,19,c1,163,,,,,,,,,,,,,,,,,,,,,,,,,,,,,,,,,,,,,,,,,,,,,,,,,,,,
2,s0,299,,,,,,,,,,,,,,,,,,,,,,,,,,,,,,,,,,,,,,,,,,,,,,,,,,,,,,,,,,
2,s0,139,s1,160,,,,,,,,,,,,,,,,,,,,,,,,,,,,,,,,,,,,,,,,,,,,,,,,,,,,,,,,
2,s0,26,c0,1,s0,5,c0,30,c1,4,c2,26,c3,63,c4,144,,,,,,,,,,,,,,,,,,,,,,,,,,,,,,,,,,,,,,,,,,,,
2,s0,41,m0,1,c0,1,s0,17,s1,58,c1,1,s1,2,c1,178,,,,,,,,,,,,,,,,,,,,,,,,,,,,,,,,,,,,,,,,,,,,
2,s0,60,c0,1,s0,4,c0,6,c1,228,,,,,,,,,,,,,,,,,,,,,,,,,,,,,,,,,,,,,,,,,,,,,,,,,,
2,s0,28,c0,1,s0,8,c0,6,c1,256,,,,,,,,,,,,,,,,,,,,,,,,,,,,,,,,,,,,,,,,,,,,,,,,,,
2,s0,27,m0,1,c0,11,c2,260,,,,,,,,,,,,,,,,,,,,,,,,,,,,,,,,,,,,,,,,,,,,,,,,,,,,
2,s0,91,c0,208,,,,,,,,,,,,,,,,,,,,,,,,,,,,,,,,,,,,,,,,,,,,,,,,,,,,,,,,
2,s0,77,m0,1,c0,51,c1,170,,,,,,,,,,,,,,,,,,,,,,,,,,,,,,,,,,,,,,,,,,,,,,,,,,,,
2,s0,68,c0,1,s0,19,c0,7,c1,204,,,,,,,,,,,,,,,,,,,,,,,,,,,,,,,,,,,,,,,,,,,,,,,,,,
2,s0,70,c0,47,c1,21,c2,161,,,,,,,,,,,,,,,,,,,,,,,,,,,,,,,,,,,,,,,,,,,,,,,,,,,,
2,s0,94,m0,1,c0,16,c1,101,c2,87,,,,,,,,,,,,,,,,,,,,,,,,,,,,,,,,,,,,,,,,,,,,,,,,,,
2,s0,299,,,,,,,,,,,,,,,,,,,,,,,,,,,,,,,,,,,,,,,,,,,,,,,,,,,,,,,,,,
2,s0,56,m0,1,c0,5,c1,237,,,,,,,,,,,,,,,,,,,,,,,,,,,,,,,,,,,,,,,,,,,,,,,,,,,,
2,s0,78,c0,1,s0,17,c0,1,s0,6,s1,48,m1,1,c1,1,s1,7,c1,139,,,,,,,,,,,,,,,,,,,,,,,,,,,,,,,,,,,,,,,,
2,s0,54,c0,1,s0,2,c0,5,c1,81,c2,156,,,,,,,,,,,,,,,,,,,,,,,,,,,,,,,,,,,,,,,,,,,,,,,,
2,s0,88,c0,1,s0,8,s1,4,c1,1,s1,37,s2,34,m2,1,c2,125,,,,,,,,,,,,,,,,,,,,,,,,,,,,,,,,,,,,,,,,,,
2,s0,60,c0,1,s0,3,c0,3,c1,232,,,,,,,,,,,,,,,,,,,,,,,,,,,,,,,,,,,,,,,,,,,,,,,,,,
2,s0,140,m0,1,c0,13,c1,21,c2,124,,,,,,,,,,,,,,,,,,,,,,,,,,,,,,,,,,,,,,,,,,,,,,,,,,
2,s0,79,c0,1,s0,9,c0,1,s0,34,s1,52,m1,1,c1,122,,,,,,,,,,,,,,,,,,,,,,,,,,,,,,,,,,,,,,,,,,,,
2,s0,55,m0,1,c0,10,c1,109,c2,124,,,,,,,,,,,,,,,,,,,,,,,,,,,,,,,,,,,,,,,,,,,,,,,,,,
2,s0,59,s1,69,m2,1,c2,1,s2,76,m2,1,c2,1,s2,43,c2,48,,,,,,,,,,,,,,,,,,,,,,,,,,,,,,,,,,,,,,,,,,
2,s0,34,m0,1,c0,16,c1,16,c2,23,c3,209,,,,,,,,,,,,,,,,,,,,,,,,,,,,,,,,,,,,,,,,,,,,,,,,
2,s0,71,m0,1,c0,11,c1,15,c2,201,,,,,,,,,,,,,,,,,,,,,,,,,,,,,,,,,,,,,,,,,,,,,,,,,,
2,s0,92,m0,1,c0,1,s0,13,s1,49,m1,1,c1,142,,,,,,,,,,,,,,,,,,,,,,,,,,,,,,,,,,,,,,,,,,,,,,
2,s0,107,c0,57,c1,135,,,,,,,,,,,,,,,,,,,,,,,,,,,,,,,,,,,,,,,,,,,,,,,,,,,,,,
2,s0,50,c0,11,c1,238,,,,,,,,,,,,,,,,,,,,,,,,,,,,,,,,,,,,,,,,,,,,,,,,,,,,,,
2,s0,23,c0,1,s0,4,c0,1,s0,5,s1,61,m1,1,c1,7,c2,126,c3,70,,,,,,,,,,,,,,,,,,,,,,,,,,,,,,,,,,,,,,,,
2,s0,84,m0,1,c0,5,c1,137,c2,72,,,,,,,,,,,,,,,,,,,,,,,,,,,,,,,,,,,,,,,,,,,,,,,,,,
2,s0,64,c0,1,s0,3,c0,9,c1,139,c2,83,,,,,,,,,,,,,,,,,,,,,,,,,,,,,,,,,,,,,,,,,,,,,,,,
2,s0,32,c0,1,s0,22,c0,1,s0,21,c0,222,,,,,,,,,,,,,,,,,,,,,,,,,,,,,,,,,,,,,,,,,,,,,,,,
2,s0,57,s1,38,s2,204,,,,,,,,,,,,,,,,,,,,,,,,,,,,,,,,,,,,,,,,,,,,,,,,,,,,,,
2,s0,84,m0,1,c0,96,c1,118,,,,,,,,,,,,,,,,,,,,,,,,,,,,,,,,,,,,,,,,,,,,,,,,,,,,
2,s0,23,m0,1,c0,1,s0,8,s1,39,s2,77,m2,1,c2,149,,,,,,,,,,,,,,,,,,,,,,,,,,,,,,,,,,,,,,,,,,,,
2,s0,99,m0,1,c0,6,c1,19,c2,174,,,,,,,,,,,,,,,,,,,,,,,,,,,,,,,,,,,,,,,,,,,,,,,,,,
2,s0,90,c0,1,s0,18,s1,1,c1,1,s1,15,c1,1,s1,37,c1,1,s1,17,c1,117,,,,,,,,,,,,,,,,,,,,,,,,,,,,,,,,,,,,,,
2,s0,125,c0,1,s0,2,c0,6,c1,165,,,,,,,,,,,,,,,,,,,,,,,,,,,,,,,,,,,,,,,,,,,,,,,,,,
2,s0,32,c0,1,s0,21,c0,1,s0,2,s1,29,c1,1,s1,67,m1,1,c1,144,,,,,,,,,,,,,,,,,,,,,,,,,,,,,,,,,,,,,,,,
2,s0,104,c0,1,s0,2,c0,74,c1,56,c2,62,,,,,,,,,,,,,,,,,,,,,,,,,,,,,,,,,,,,,,,,,,,,,,,,
2,s0,64,c0,45,c1,52,c2,138,,,,,,,,,,,,,,,,,,,,,,,,,,,,,,,,,,,,,,,,,,,,,,,,,,,,
2,s0,22,c0,1,s0,11,s1,2,c1,12,c2,251,,,,,,,,,,,,,,,,,,,,,,,,,,,,,,,,,,,,,,,,,,,,,,,,
2,s0,299,,,,,,,,,,,,,,,,,,,,,,,,,,,,,,,,,,,,,,,,,,,,,,,,,,,,,,,,,,
2,s0,163,c0,7,c1,129,,,,,,,,,,,,,,,,,,,,,,,,,,,,,,,,,,,,,,,,,,,,,,,,,,,,,,
2,s0,80,m0,1,c0,8,c1,210,,,,,,,,,,,,,,,,,,,,,,,,,,,,,,,,,,,,,,,,,,,,,,,,,,,,
2,s0,62,m0,1,c0,1,s0,2,s1,22,m1,1,c1,1,s1,71,c1,27,c2,111,,,,,,,,,,,,,,,,,,,,,,,,,,,,,,,,,,,,,,,,
2,s0,76,c0,1,s0,1,c0,18,c1,77,c2,126,,,,,,,,,,,,,,,,,,,,,,,,,,,,,,,,,,,,,,,,,,,,,,,,
2,s0,67,m0,1,c0,1,s0,5,s1,95,c1,1,s1,6,c1,1,s1,12,c1,110,,,,,,,,,,,,,,,,,,,,,,,,,,,,,,,,,,,,,,,,
2,s0,82,c0,2,s0,48,s1,91,m1,1,c1,75,,,,,,,,,,,,,,,,,,,,,,,,,,,,,,,,,,,,,,,,,,,,,,,,
2,s0,67,m0,1,c0,16,c1,27,c2,59,c3,129,,,,,,,,,,,,,,,,,,,,,,,,,,,,,,,,,,,,,,,,,,,,,,,,
2,s0,59,m0,1,c0,18,c1,221,,,,,,,,,,,,,,,,,,,,,,,,,,,,,,,,,,,,,,,,,,,,,,,,,,,,
2,s0,99,s1,24,s2,69,m2,1,c2,4,c3,102,,,,,,,,,,,,,,,,,,,,,,,,,,,,,,,,,,,,,,,,,,,,,,,,
2,s0,72,m0,1,c0,35,c1,191,,,,,,,,,,,,,,,,,,,,,,,,,,,,,,,,,,,,,,,,,,,,,,,,,,,,
2,s0,65,c0,1,s0,1,c0,11,c1,30,c2,191,,,,,,,,,,,,,,,,,,,,,,,,,,,,,,,,,,,,,,,,,,,,,,,,
2,s0,185,c0,2,s0,13,s1,4,c1,1,s1,7,c1,87,,,,,,,,,,,,,,,,,,,,,,,,,,,,,,,,,,,,,,,,,,,,,,
2,s0,97,m0,1,c0,12,c1,64,c2,125,,,,,,,,,,,,,,,,,,,,,,,,,,,,,,,,,,,,,,,,,,,,,,,,,,
2,s0,299,,,,,,,,,,,,,,,,,,,,,,,,,,,,,,,,,,,,,,,,,,,,,,,,,,,,,,,,,,
2,s0,41,c0,22,c1,236,,,,,,,,,,,,,,,,,,,,,,,,,,,,,,,,,,,,,,,,,,,,,,,,,,,,,,
2,s0,83,c0,1,s0,8,c0,14,c1,116,c2,77,,,,,,,,,,,,,,,,,,,,,,,,,,,,,,,,,,,,,,,,,,,,,,,,
2,s0,104,c0,12,c1,22,c2,161,,,,,,,,,,,,,,,,,,,,,,,,,,,,,,,,,,,,,,,,,,,,,,,,,,,,
2,s0,81,s1,1,c1,38,c2,179,,,,,,,,,,,,,,,,,,,,,,,,,,,,,,,,,,,,,,,,,,,,,,,,,,,,
2,s0,80,m0,1,c0,1,s0,10,s1,38,c1,1,s1,16,c1,1,s1,57,c1,94,,,,,,,,,,,,,,,,,,,,,,,,,,,,,,,,,,,,,,,,
2,s0,116,s1,183,,,,,,,,,,,,,,,,,,,,,,,,,,,,,,,,,,,,,,,,,,,,,,,,,,,,,,,,
2,s0,50,m0,1,c0,4,c1,244,,,,,,,,,,,,,,,,,,,,,,,,,,,,,,,,,,,,,,,,,,,,,,,,,,,,
2,s0,46,m0,1,c0,25,c1,227,,,,,,,,,,,,,,,,,,,,,,,,,,,,,,,,,,,,,,,,,,,,,,,,,,,,
2,s0,109,c0,37,c1,153,,,,,,,,,,,,,,,,,,,,,,,,,,,,,,,,,,,,,,,,,,,,,,,,,,,,,,
2,s0,196,c0,1,s0,10,s1,1,c1,91,,,,,,,,,,,,,,,,,,,,,,,,,,,,,,,,,,,,,,,,,,,,,,,,,,
2,s0,86,m0,1,c0,9,c1,203,,,,,,,,,,,,,,,,,,,,,,,,,,,,,,,,,,,,,,,,,,,,,,,,,,,,
2,s0,82,c0,1,s0,1,c0,11,c2,38,c3,24,c4,142,,,,,,,,,,,,,,,,,,,,,,,,,,,,,,,,,,,,,,,,,,,,,,
2,s0,15,c0,1,s0,5,c0,2,c1,63,c2,61,c3,152,,,,,,,,,,,,,,,,,,,,,,,,,,,,,,,,,,,,,,,,,,,,,,
2,s0,24,m0,1,c0,1,s0,16,s1,33,s2,81,m2,1,c2,142,,,,,,,,,,,,,,,,,,,,,,,,,,,,,,,,,,,,,,,,,,,,
2,s0,129,c0,1,s0,11,c0,26,c1,132,,,,,,,,,,,,,,,,,,,,,,,,,,,,,,,,,,,,,,,,,,,,,,,,,,
2,s0,299,,,,,,,,,,,,,,,,,,,,,,,,,,,,,,,,,,,,,,,,,,,,,,,,,,,,,,,,,,
2,s0,103,s1,21,s2,175,,,,,,,,,,,,,,,,,,,,,,,,,,,,,,,,,,,,,,,,,,,,,,,,,,,,,,
2,s0,46,m0,1,c0,26,c1,226,,,,,,,,,,,,,,,,,,,,,,,,,,,,,,,,,,,,,,,,,,,,,,,,,,,,
2,s0,76,m0,1,c0,6,c1,216,,,,,,,,,,,,,,,,,,,,,,,,,,,,,,,,,,,,,,,,,,,,,,,,,,,,
2,s0,34,c0,1,s0,6,c1,1,s1,28,m1,1,c1,1,s1,12,c1,1,s1,38,c1,176,,,,,,,,,,,,,,,,,,,,,,,,,,,,,,,,,,,,,,
2,s0,54,m0,1,c0,4,c1,80,c2,160,,,,,,,,,,,,,,,,,,,,,,,,,,,,,,,,,,,,,,,,,,,,,,,,,,
2,s0,59,m0,1,c0,1,s0,12,s1,66,m1,1,c1,1,s1,4,c1,154,,,,,,,,,,,,,,,,,,,,,,,,,,,,,,,,,,,,,,,,,,
2,s0,58,c0,36,c1,205,,,,,,,,,,,,,,,,,,,,,,,,,,,,,,,,,,,,,,,,,,,,,,,,,,,,,,
2,s0,78,m0,1,c0,31,c1,92,c2,97,,,,,,,,,,,,,,,,,,,,,,,,,,,,,,,,,,,,,,,,,,,,,,,,,,
2,s0,61,m0,1,c0,11,c1,226,,,,,,,,,,,,,,,,,,,,,,,,,,,,,,,,,,,,,,,,,,,,,,,,,,,,
2,s0,124,m0,1,c0,14,c1,80,c2,80,,,,,,,,,,,,,,,,,,,,,,,,,,,,,,,,,,,,,,,,,,,,,,,,,,
2,s0,73,c0,1,s0,2,c0,5,c1,218,,,,,,,,,,,,,,,,,,,,,,,,,,,,,,,,,,,,,,,,,,,,,,,,,,
2,s0,118,m0,1,c0,1,s0,4,s1,55,m1,1,c1,119,,,,,,,,,,,,,,,,,,,,,,,,,,,,,,,,,,,,,,,,,,,,,,
2,s0,46,c0,1,s0,2,c0,1,s0,29,s1,10,c1,2,s1,18,c1,14,c2,28,c3,148,,,,,,,,,,,,,,,,,,,,,,,,,,,,,,,,,,,,,,
2,s0,95,m0,1,c0,1,s0,3,s1,27,c1,1,s1,43,c1,128,,,,,,,,,,,,,,,,,,,,,,,,,,,,,,,,,,,,,,,,,,,,
2,s0,75,m0,1,c0,223,,,,,,,,,,,,,,,,,,,,,,,,,,,,,,,,,,,,,,,,,,,,,,,,,,,,,,
2,s0,98,s1,10,m1,1,c1,1,s1,114,m1,1,c1,74,,,,,,,,,,,,,,,,,,,,,,,,,,,,,,,,,,,,,,,,,,,,,,
2,s0,11,c0,1,s0,48,c0,1,s0,19,s1,52,c1,167,,,,,,,,,,,,,,,,,,,,,,,,,,,,,,,,,,,,,,,,,,,,,,
2,s0,55,m0,1,c0,1,s0,16,s1,67,m1,1,c1,1,s1,16,c1,141,,,,,,,,,,,,,,,,,,,,,,,,,,,,,,,,,,,,,,,,,,
2,s0,57,m0,1,c0,11,c1,230,,,,,,,,,,,,,,,,,,,,,,,,,,,,,,,,,,,,,,,,,,,,,,,,,,,,
2,s0,65,c0,24,c1,210,,,,,,,,,,,,,,,,,,,,,,,,,,,,,,,,,,,,,,,,,,,,,,,,,,,,,,
2,s0,80,m0,1,c0,1,c1,24,c2,193,,,,,,,,,,,,,,,,,,,,,,,,,,,,,,,,,,,,,,,,,,,,,,,,,,
2,s0,117,m0,1,c0,9,c1,172,,,,,,,,,,,,,,,,,,,,,,,,,,,,,,,,,,,,,,,,,,,,,,,,,,,,
2,s0,18,c0,1,c1,44,c2,35,c3,201,,,,,,,,,,,,,,,,,,,,,,,,,,,,,,,,,,,,,,,,,,,,,,,,,,
2,s0,89,m0,1,c0,21,c1,188,,,,,,,,,,,,,,,,,,,,,,,,,,,,,,,,,,,,,,,,,,,,,,,,,,,,
2,s0,31,c0,9,c1,35,c2,62,c3,162,,,,,,,,,,,,,,,,,,,,,,,,,,,,,,,,,,,,,,,,,,,,,,,,,,
2,s0,125,s1,65,c1,109,,,,,,,,,,,,,,,,,,,,,,,,,,,,,,,,,,,,,,,,,,,,,,,,,,,,,,
2,s0,89,m0,1,c0,1,s0,4,s1,49,m1,1,c1,1,s1,54,c1,99,,,,,,,,,,,,,,,,,,,,,,,,,,,,,,,,,,,,,,,,,,
2,s0,41,c0,1,s0,13,c0,1,s0,2,s1,15,m1,1,c1,1,s1,109,c1,115,,,,,,,,,,,,,,,,,,,,,,,,,,,,,,,,,,,,,,,,
2,s0,58,c0,15,c1,120,c2,106,,,,,,,,,,,,,,,,,,,,,,,,,,,,,,,,,,,,,,,,,,,,,,,,,,,,
2,s0,68,m0,1,c0,11,c1,219,,,,,,,,,,,,,,,,,,,,,,,,,,,,,,,,,,,,,,,,,,,,,,,,,,,,
2,s0,41,m0,1,c0,1,s0,10,s1,10,c1,1,s1,31,m1,1,c1,1,c2,1,s2,147,m2,1,c2,1,s2,2,c2,50,,,,,,,,,,,,,,,,,,,,,,,,,,,,,,
2,s0,39,c0,1,c1,13,c2,147,c3,99,,,,,,,,,,,,,,,,,,,,,,,,,,,,,,,,,,,,,,,,,,,,,,,,,,
2,s0,115,m0,1,c0,11,c1,54,c2,118,,,,,,,,,,,,,,,,,,,,,,,,,,,,,,,,,,,,,,,,,,,,,,,,,,
2,s0,64,c0,1,s0,1,c0,1,s0,6,s1,41,c1,1,s1,35,c1,149,,,,,,,,,,,,,,,,,,,,,,,,,,,,,,,,,,,,,,,,,,
2,s0,66,c0,11,c1,90,c2,132,,,,,,,,,,,,,,,,,,,,,,,,,,,,,,,,,,,,,,,,,,,,,,,,,,,,
2,s0,95,s1,204,,,,,,,,,,,,,,,,,,,,,,,,,,,,,,,,,,,,,,,,,,,,,,,,,,,,,,,,
2,s0,100,m0,1,c0,7,c1,69,c2,122,,,,,,,,,,,,,,,,,,,,,,,,,,,,,,,,,,,,,,,,,,,,,,,,,,
2,s0,22,m0,1,c0,1,s0,11,s1,8,m1,1,c1,1,s1,8,c1,246,,,,,,,,,,,,,,,,,,,,,,,,,,,,,,,,,,,,,,,,,,
2,s0,92,m0,1,c0,7,c1,71,c2,128,,,,,,,,,,,,,,,,,,,,,,,,,,,,,,,,,,,,,,,,,,,,,,,,,,
2,s0,72,m0,1,c0,9,c1,217,,,,,,,,,,,,,,,,,,,,,,,,,,,,,,,,,,,,,,,,,,,,,,,,,,,,
2,s0,139,c0,160,,,,,,,,,,,,,,,,,,,,,,,,,,,,,,,,,,,,,,,,,,,,,,,,,,,,,,,,
2,s0,114,m0,1,c0,13,c1,171,,,,,,,,,,,,,,,,,,,,,,,,,,,,,,,,,,,,,,,,,,,,,,,,,,,,
2,s0,130,c0,12,c1,20,c2,137,,,,,,,,,,,,,,,,,,,,,,,,,,,,,,,,,,,,,,,,,,,,,,,,,,,,
2,s0,107,s1,192,,,,,,,,,,,,,,,,,,,,,,,,,,,,,,,,,,,,,,,,,,,,,,,,,,,,,,,,
2,s0,108,c0,18,c1,173,,,,,,,,,,,,,,,,,,,,,,,,,,,,,,,,,,,,,,,,,,,,,,,,,,,,,,
2,s0,102,c0,1,c1,196,,,,,,,,,,,,,,,,,,,,,,,,,,,,,,,,,,,,,,,,,,,,,,,,,,,,,,
2,s0,147,c0,1,s0,8,c0,5,c1,138,,,,,,,,,,,,,,,,,,,,,,,,,,,,,,,,,,,,,,,,,,,,,,,,,,
2,s0,170,s1,129,,,,,,,,,,,,,,,,,,,,,,,,,,,,,,,,,,,,,,,,,,,,,,,,,,,,,,,,
2,s0,299,,,,,,,,,,,,,,,,,,,,,,,,,,,,,,,,,,,,,,,,,,,,,,,,,,,,,,,,,,
2,s0,43,m0,1,c0,5,c1,250,,,,,,,,,,,,,,,,,,,,,,,,,,,,,,,,,,,,,,,,,,,,,,,,,,,,
2,s0,67,m0,1,c0,1,s0,21,s1,29,c1,1,s1,4,c1,1,s1,56,c1,118,,,,,,,,,,,,,,,,,,,,,,,,,,,,,,,,,,,,,,,,
2,s0,142,c0,157,,,,,,,,,,,,,,,,,,,,,,,,,,,,,,,,,,,,,,,,,,,,,,,,,,,,,,,,
2,s0,79,m0,1,c0,9,c1,47,c2,163,,,,,,,,,,,,,,,,,,,,,,,,,,,,,,,,,,,,,,,,,,,,,,,,,,
2,s0,195,s1,104,,,,,,,,,,,,,,,,,,,,,,,,,,,,,,,,,,,,,,,,,,,,,,,,,,,,,,,,
2,s0,88,c0,211,,,,,,,,,,,,,,,,,,,,,,,,,,,,,,,,,,,,,,,,,,,,,,,,,,,,,,,,
2,s0,62,m0,1,c0,1,s0,49,s1,61,c1,1,s1,2,c1,122,,,,,,,,,,,,,,,,,,,,,,,,,,,,,,,,,,,,,,,,,,,,
2,s0,47,c0,12,c1,92,c2,148,,,,,,,,,,,,,,,,,,,,,,,,,,,,,,,,,,,,,,,,,,,,,,,,,,,,
2,s0,111,m0,1,c0,11,c1,85,c2,91,,,,,,,,,,,,,,,,,,,,,,,,,,,,,,,,,,,,,,,,,,,,,,,,,,
2,s0,75,m0,1,c0,13,c1,15,c2,195,,,,,,,,,,,,,,,,,,,,,,,,,,,,,,,,,,,,,,,,,,,,,,,,,,
2,s0,299,,,,,,,,,,,,,,,,,,,,,,,,,,,,,,,,,,,,,,,,,,,,,,,,,,,,,,,,,,
2,s0,80,m0,1,c0,2,c1,21,c2,195,,,,,,,,,,,,,,,,,,,,,,,,,,,,,,,,,,,,,,,,,,,,,,,,,,
2,s0,100,c0,1,s0,3,c0,11,c1,184,,,,,,,,,,,,,,,,,,,,,,,,,,,,,,,,,,,,,,,,,,,,,,,,,,
2,s0,61,m0,1,c0,25,c1,113,c2,99,,,,,,,,,,,,,,,,,,,,,,,,,,,,,,,,,,,,,,,,,,,,,,,,,,
2,s0,13,c0,1,s1,10,c1,1,s1,1,s2,33,s3,105,c3,135,,,,,,,,,,,,,,,,,,,,,,,,,,,,,,,,,,,,,,,,,,,,
2,s0,31,c0,104,c1,39,c2,125,,,,,,,,,,,,,,,,,,,,,,,,,,,,,,,,,,,,,,,,,,,,,,,,,,,,
2,s0,69,c0,1,s0,4,c0,3,c1,37,c2,185,,,,,,,,,,,,,,,,,,,,,,,,,,,,,,,,,,,,,,,,,,,,,,,,
2,s0,109,c0,190,,,,,,,,,,,,,,,,,,,,,,,,,,,,,,,,,,,,,,,,,,,,,,,,,,,,,,,,
2,s0,169,s1,130,,,,,,,,,,,,,,,,,,,,,,,,,,,,,,,,,,,,,,,,,,,,,,,,,,,,,,,,
2,s0,30,c1,1,s1,19,c1,53,c2,196,,,,,,,,,,,,,,,,,,,,,,,,,,,,,,,,,,,,,,,,,,,,,,,,,,
2,s0,35,m0,1,c0,24,c1,30,c2,209,,,,,,,,,,,,,,,,,,,,,,,,,,,,,,,,,,,,,,,,,,,,,,,,,,
2,s0,54,c0,10,c1,235,,,,,,,,,,,,,,,,,,,,,,,,,,,,,,,,,,,,,,,,,,,,,,,,,,,,,,
2,s0,128,c0,2,s0,54,m0,1,c0,1,s0,12,m0,1,c0,49,c1,51,,,,,,,,,,,,,,,,,,,,,,,,,,,,,,,,,,,,,,,,,,
2,s0,59,c0,9,c1,32,c2,199,,,,,,,,,,,,,,,,,,,,,,,,,,,,,,,,,,,,,,,,,,,,,,,,,,,,
2,s0,80,s1,43,c1,1,s1,9,c1,166,,,,,,,,,,,,,,,,,,,,,,,,,,,,,,,,,,,,,,,,,,,,,,,,,,
2,s0,87,m0,1,c0,1,c1,73,c2,137,,,,,,,,,,,,,,,,,,,,,,,,,,,,,,,,,,,,,,,,,,,,,,,,,,
2,s0,66,m0,1,c0,18,c1,80,c2,134,,,,,,,,,,,,,,,,,,,,,,,,,,,,,,,,,,,,,,,,,,,,,,,,,,
2,s0,10,c0,1,s0,8,s1,10,s2,12,s3,30,s4,97,c4,131,,,,,,,,,,,,,,,,,,,,,,,,,,,,,,,,,,,,,,,,,,,,
2,s0,76,m0,1,c0,16,c1,24,c2,77,c3,105,,,,,,,,,,,,,,,,,,,,,,,,,,,,,,,,,,,,,,,,,,,,,,,,
2,s0,48,c0,15,c1,59,c2,177,,,,,,,,,,,,,,,,,,,,,,,,,,,,,,,,,,,,,,,,,,,,,,,,,,,,
2,s0,73,m0,1,c0,36,c1,48,c2,141,,,,,,,,,,,,,,,,,,,,,,,,,,,,,,,,,,,,,,,,,,,,,,,,,,
2,s0,47,s1,90,m1,1,c1,1,s1,52,c1,1,s1,1,c1,1,s1,10,c1,95,,,,,,,,,,,,,,,,,,,,,,,,,,,,,,,,,,,,,,,,
2,s0,71,m0,1,c0,12,c1,37,c2,44,c3,134,,,,,,,,,,,,,,,,,,,,,,,,,,,,,,,,,,,,,,,,,,,,,,,,
2,s0,32,c0,1,s0,11,s1,1,c1,1,s1,17,s2,30,c2,1,s2,15,c2,1,s2,6,c2,1,s2,103,c2,79,,,,,,,,,,,,,,,,,,,,,,,,,,,,,,,,
2,s0,68,m0,1,c0,1,s0,55,s1,7,m1,1,c1,1,s1,33,c1,1,s1,34,c1,97,,,,,,,,,,,,,,,,,,,,,,,,,,,,,,,,,,,,,,
2,s0,53,m0,1,c0,11,c1,234,,,,,,,,,,,,,,,,,,,,,,,,,,,,,,,,,,,,,,,,,,,,,,,,,,,,
2,s0,56,m0,1,c0,1,s0,9,s1,82,m1,1,c1,149,,,,,,,,,,,,,,,,,,,,,,,,,,,,,,,,,,,,,,,,,,,,,,
2,s0,38,c0,1,s0,26,c0,1,s0,15,s1,35,m1,1,c1,1,s1,85,c1,96,,,,,,,,,,,,,,,,,,,,,,,,,,,,,,,,,,,,,,,,
2,s0,75,c0,1,s0,9,c0,1,s0,213,,,,,,,,,,,,,,,,,,,,,,,,,,,,,,,,,,,,,,,,,,,,,,,,,,
2,s0,72,m0,1,c0,1,s0,23,c0,2,s0,12,c0,32,c1,156,,,,,,,,,,,,,,,,,,,,,,,,,,,,,,,,,,,,,,,,,,,,
2,s0,99,m0,1,c0,15,c1,184,,,,,,,,,,,,,,,,,,,,,,,,,,,,,,,,,,,,,,,,,,,,,,,,,,,,
2,s0,41,s1,55,c1,1,s1,6,c1,14,c2,182,,,,,,,,,,,,,,,,,,,,,,,,,,,,,,,,,,,,,,,,,,,,,,,,
2,s0,44,m0,1,c0,11,c1,135,c2,108,,,,,,,,,,,,,,,,,,,,,,,,,,,,,,,,,,,,,,,,,,,,,,,,,,
2,s0,39,c0,1,s0,8,c0,5,c1,192,c2,54,,,,,,,,,,,,,,,,,,,,,,,,,,,,,,,,,,,,,,,,,,,,,,,,
2,s0,19,c0,1,s0,17,s1,1,c1,1,s1,56,c1,1,s1,20,m1,1,c1,72,c2,110,,,,,,,,,,,,,,,,,,,,,,,,,,,,,,,,,,,,,,
2,s0,92,m0,1,c0,51,c1,155,,,,,,,,,,,,,,,,,,,,,,,,,,,,,,,,,,,,,,,,,,,,,,,,,,,,
2,s0,46,c0,1,s0,14,s1,10,c1,1,s1,31,m1,1,c1,1,s1,2,c1,1,s1,28,s2,23,c2,18,c3,122,,,,,,,,,,,,,,,,,,,,,,,,,,,,,,,,
2,s0,67,m0,1,c0,10,c1,23,c2,198,,,,,,,,,,,,,,,,,,,,,,,,,,,,,,,,,,,,,,,,,,,,,,,,,,
2,s0,172,m0,1,c0,126,,,,,,,,,,,,,,,,,,,,,,,,,,,,,,,,,,,,,,,,,,,,,,,,,,,,,,
2,s0,76,s1,223,,,,,,,,,,,,,,,,,,,,,,,,,,,,,,,,,,,,,,,,,,,,,,,,,,,,,,,,
2,s0,46,c0,1,s0,3,c0,1,s0,5,s1,75,m1,1,c1,167,,,,,,,,,,,,,,,,,,,,,,,,,,,,,,,,,,,,,,,,,,,,
2,s0,299,,,,,,,,,,,,,,,,,,,,,,,,,,,,,,,,,,,,,,,,,,,,,,,,,,,,,,,,,,
2,s0,56,c0,1,s0,26,c0,5,c1,211,,,,,,,,,,,,,,,,,,,,,,,,,,,,,,,,,,,,,,,,,,,,,,,,,,
2,s0,96,s1,3,m1,1,c1,199,,,,,,,,,,,,,,,,,,,,,,,,,,,,,,,,,,,,,,,,,,,,,,,,,,,,
2,s0,95,m0,1,c0,1,s0,18,s1,39,m1,1,c1,144,,,,,,,,,,,,,,,,,,,,,,,,,,,,,,,,,,,,,,,,,,,,,,
2,s0,59,m0,1,c0,1,s0,7,s1,11,c1,1,s1,8,c1,1,s1,46,c1,1,s1,13,c1,2,c2,148,,,,,,,,,,,,,,,,,,,,,,,,,,,,,,,,,,
2,s0,49,c0,1,s0,1,c0,15,c1,233,,,,,,,,,,,,,,,,,,,,,,,,,,,,,,,,,,,,,,,,,,,,,,,,,,
2,s0,132,s1,167,,,,,,,,,,,,,,,,,,,,,,,,,,,,,,,,,,,,,,,,,,,,,,,,,,,,,,,,
2,s0,47,c0,59,c1,32,c2,161,,,,,,,,,,,,,,,,,,,,,,,,,,,,,,,,,,,,,,,,,,,,,,,,,,,,
2,s0,142,m0,1,c0,47,c1,109,,,,,,,,,,,,,,,,,,,,,,,,,,,,,,,,,,,,,,,,,,,,,,,,,,,,
2,s0,50,c0,1,s0,11,c0,8,c1,76,c2,153,,,,,,,,,,,,,,,,,,,,,,,,,,,,,,,,,,,,,,,,,,,,,,,,
2,s0,47,c0,1,s0,2,c0,1,s0,5,s1,116,m1,1,c1,126,,,,,,,,,,,,,,,,,,,,,,,,,,,,,,,,,,,,,,,,,,,,
2,s0,204,c0,95,,,,,,,,,,,,,,,,,,,,,,,,,,,,,,,,,,,,,,,,,,,,,,,,,,,,,,,,
2,s0,67,m0,1,c0,6,c1,225,,,,,,,,,,,,,,,,,,,,,,,,,,,,,,,,,,,,,,,,,,,,,,,,,,,,
2,s0,38,c0,1,s0,1,c0,12,c1,26,c2,221,,,,,,,,,,,,,,,,,,,,,,,,,,,,,,,,,,,,,,,,,,,,,,,,
2,s0,107,m0,1,c0,1,s0,2,c0,1,s0,3,c0,184,,,,,,,,,,,,,,,,,,,,,,,,,,,,,,,,,,,,,,,,,,,,,,
2,s0,35,m0,1,c0,13,c1,250,,,,,,,,,,,,,,,,,,,,,,,,,,,,,,,,,,,,,,,,,,,,,,,,,,,,
2,s0,89,m0,1,c0,47,c1,162,,,,,,,,,,,,,,,,,,,,,,,,,,,,,,,,,,,,,,,,,,,,,,,,,,,,
2,s0,48,m0,1,c0,19,c1,107,c2,124,,,,,,,,,,,,,,,,,,,,,,,,,,,,,,,,,,,,,,,,,,,,,,,,,,
2,s0,81,c0,218,,,,,,,,,,,,,,,,,,,,,,,,,,,,,,,,,,,,,,,,,,,,,,,,,,,,,,,,
2,s0,141,s2,158,,,,,,,,,,,,,,,,,,,,,,,,,,,,,,,,,,,,,,,,,,,,,,,,,,,,,,,,
2,s0,47,m0,1,c0,9,c1,52,c2,190,,,,,,,,,,,,,,,,,,,,,,,,,,,,,,,,,,,,,,,,,,,,,,,,,,
2,s0,1,c0,161,c1,137,,,,,,,,,,,,,,,,,,,,,,,,,,,,,,,,,,,,,,,,,,,,,,,,,,,,,,
2,s0,74,c0,1,s0,9,c0,1,s0,10,s1,47,m1,1,c1,1,s1,11,c1,1,s1,2,c1,2,c2,139,,,,,,,,,,,,,,,,,,,,,,,,,,,,,,,,,,
2,s0,140,c0,1,s0,2,c0,7,c1,36,c2,113,,,,,,,,,,,,,,,,,,,,,,,,,,,,,,,,,,,,,,,,,,,,,,,,
2,s0,92,m0,1,c0,10,c1,196,,,,,,,,,,,,,,,,,,,,,,,,,,,,,,,,,,,,,,,,,,,,,,,,,,,,
2,s0,72,m0,1,c0,1,s0,20,c0,1,s0,6,s1,7,m1,1,c1,26,c2,164,,,,,,,,,,,,,,,,,,,,,,,,,,,,,,,,,,,,,,,,
2,s0,59,c0,1,s0,9,c0,23,c1,88,c2,119,,,,,,,,,,,,,,,,,,,,,,,,,,,,,,,,,,,,,,,,,,,,,,,,
2,s0,49,m0,1,c0,13,c1,236,,,,,,,,,,,,,,,,,,,,,,,,,,,,,,,,,,,,,,,,,,,,,,,,,,,,
2,s0,69,m0,1,c0,9,c1,18,c2,64,c3,138,,,,,,,,,,,,,,,,,,,,,,,,,,,,,,,,,,,,,,,,,,,,,,,,
2,s0,61,m0,1,c0,7,c1,158,c2,72,,,,,,,,,,,,,,,,,,,,,,,,,,,,,,,,,,,,,,,,,,,,,,,,,,
2,s0,59,m0,1,c0,11,c1,228,,,,,,,,,,,,,,,,,,,,,,,,,,,,,,,,,,,,,,,,,,,,,,,,,,,,
2,s0,76,m0,1,c0,28,c1,194,,,,,,,,,,,,,,,,,,,,,,,,,,,,,,,,,,,,,,,,,,,,,,,,,,,,
2,s0,61,c0,8,c1,230,,,,,,,,,,,,,,,,,,,,,,,,,,,,,,,,,,,,,,,,,,,,,,,,,,,,,,
2,s0,50,c0,1,s0,9,c1,1,s1,19,m1,2,c1,1,s1,16,c1,1,s1,3,s2,85,c2,111,,,,,,,,,,,,,,,,,,,,,,,,,,,,,,,,,,,,
2,s0,200,s1,99,,,,,,,,,,,,,,,,,,,,,,,,,,,,,,,,,,,,,,,,,,,,,,,,,,,,,,,,
2,s0,50,m0,1,c0,20,c1,107,c2,121,,,,,,,,,,,,,,,,,,,,,,,,,,,,,,,,,,,,,,,,,,,,,,,,,,
2,s0,76,m0,1,c0,1,s0,7,s1,25,s2,45,m2,1,c2,143,,,,,,,,,,,,,,,,,,,,,,,,,,,,,,,,,,,,,,,,,,,,
2,s0,52,m0,1,c0,8,c1,98,c2,140,,,,,,,,,,,,,,,,,,,,,,,,,,,,,,,,,,,,,,,,,,,,,,,,,,
2,s0,299,,,,,,,,,,,,,,,,,,,,,,,,,,,,,,,,,,,,,,,,,,,,,,,,,,,,,,,,,,
2,s0,28,s1,45,c1,1,s1,29,c1,1,s1,13,s2,35,m2,1,c2,146,,,,,,,,,,,,,,,,,,,,,,,,,,,,,,,,,,,,,,,,,,
