1,s0,51,m0,1,c0,1,s0,14,s1,29,s2,152,s3,51,,,,,,,,,,,,,,,,,,,,,,,,,,,,,,,,,,,,,,,,,,,,,,
1,s0,135,c0,164,,,,,,,,,,,,,,,,,,,,,,,,,,,,,,,,,,,,,,,,,,,,,,,,,,,,,,,,
1,s0,56,m0,1,c0,1,s0,2,s1,16,s2,120,m3,1,c3,1,s3,21,c3,80,,,,,,,,,,,,,,,,,,,,,,,,,,,,,,,,,,,,,,,,
1,s0,65,m0,1,c0,29,c1,23,c2,49,c3,34,c4,98,,,,,,,,,,,,,,,,,,,,,,,,,,,,,,,,,,,,,,,,,,,,,,
1,s0,54,c0,1,s0,37,c0,32,c1,37,c2,138,,,,,,,,,,,,,,,,,,,,,,,,,,,,,,,,,,,,,,,,,,,,,,,,
1,s0,36,m0,1,c0,1,s0,4,s1,38,s2,65,s3,88,m3,1,c3,65,,,,,,,,,,,,,,,,,,,,,,,,,,,,,,,,,,,,,,,,,,
1,s0,27,s1,119,c1,1,s1,20,c1,30,c2,30,c3,72,,,,,,,,,,,,,,,,,,,,,,,,,,,,,,,,,,,,,,,,,,,,,,
1,s0,60,c0,1,s0,23,c0,13,c1,55,c2,147,,,,,,,,,,,,,,,,,,,,,,,,,,,,,,,,,,,,,,,,,,,,,,,,
1,s0,58,m0,1,c0,7,c1,56,c2,177,,,,,,,,,,,,,,,,,,,,,,,,,,,,,,,,,,,,,,,,,,,,,,,,,,
1,s0,88,s1,26,c1,1,s1,10,c1,1,s1,14,s2,159,,,,,,,,,,,,,,,,,,,,,,,,,,,,,,,,,,,,,,,,,,,,,,
1,s0,118,m0,1,c0,1,s0,11,s1,42,s2,126,,,,,,,,,,,,,,,,,,,,,,,,,,,,,,,,,,,,,,,,,,,,,,,,
1,s0,299,,,,,,,,,,,,,,,,,,,,,,,,,,,,,,,,,,,,,,,,,,,,,,,,,,,,,,,,,,
1,s0,28,m0,1,c0,1,c1,111,c2,27,c3,131,,,,,,,,,,,,,,,,,,,,,,,,,,,,,,,,,,,,,,,,,,,,,,,,
1,s0,147,s1,124,s2,28,,,,,,,,,,,,,,,,,,,,,,,,,,,,,,,,,,,,,,,,,,,,,,,,,,,,,,
1,s0,65,m1,1,c1,1,s1,2,s2,20,s3,38,s4,172,,,,,,,,,,,,,,,,,,,,,,,,,,,,,,,,,,,,,,,,,,,,,,
1,s0,24,m0,1,c0,13,c1,12,c2,16,c3,21,c4,212,,,,,,,,,,,,,,,,,,,,,,,,,,,,,,,,,,,,,,,,,,,,,,
1,s0,46,m0,1,c0,61,c1,35,c2,156,,,,,,,,,,,,,,,,,,,,,,,,,,,,,,,,,,,,,,,,,,,,,,,,,,
1,s0,235,m0,1,c0,28,c1,27,c2,8,,,,,,,,,,,,,,,,,,,,,,,,,,,,,,,,,,,,,,,,,,,,,,,,,,
1,s0,30,m0,1,c0,16,c1,24,c2,228,,,,,,,,,,,,,,,,,,,,,,,,,,,,,,,,,,,,,,,,,,,,,,,,,,
1,s0,39,m0,1,c0,1,s0,7,s1,43,s3,62,m3,1,c3,1,s3,48,m3,1,c3,16,c4,79,,,,,,,,,,,,,,,,,,,,,,,,,,,,,,,,,,,,
1,s0,26,c0,2,s0,32,m0,1,c0,1,s0,6,s1,21,m1,1,c1,1,s1,11,s2,18,m2,1,c2,1,s2,1,c2,21,c3,155,,,,,,,,,,,,,,,,,,,,,,,,,,,,
1,s0,35,m0,1,c1,1,s1,43,m1,1,c1,1,s1,46,c1,1,s1,5,c1,1,s1,66,s2,98,,,,,,,,,,,,,,,,,,,,,,,,,,,,,,,,,,,,
1,s0,57,m0,1,c0,6,c1,30,c2,205,,,,,,,,,,,,,,,,,,,,,,,,,,,,,,,,,,,,,,,,,,,,,,,,,,
1,s0,50,m0,1,c0,78,c1,63,c2,107,,,,,,,,,,,,,,,,,,,,,,,,,,,,,,,,,,,,,,,,,,,,,,,,,,
1,s0,45,m0,1,c0,32,c1,221,,,,,,,,,,,,,,,,,,,,,,,,,,,,,,,,,,,,,,,,,,,,,,,,,,,,
1,s0,118,c0,54,c1,127,,,,,,,,,,,,,,,,,,,,,,,,,,,,,,,,,,,,,,,,,,,,,,,,,,,,,,
1,s0,35,m0,1,c0,1,s0,16,s1,3,m1,1,c1,1,s1,26,c1,1,s1,2,c1,1,s1,62,s2,23,m2,1,c2,1,s2,59,c2,65,,,,,,,,,,,,,,,,,,,,,,,,,,
1,s0,82,m0,1,c0,1,s0,8,m0,1,c0,1,s0,56,c0,1,s0,8,c0,140,,,,,,,,,,,,,,,,,,,,,,,,,,,,,,,,,,,,,,,,
1,s0,299,,,,,,,,,,,,,,,,,,,,,,,,,,,,,,,,,,,,,,,,,,,,,,,,,,,,,,,,,,
1,s0,299,,,,,,,,,,,,,,,,,,,,,,,,,,,,,,,,,,,,,,,,,,,,,,,,,,,,,,,,,,
1,s0,8,s2,13,s3,3,m3,1,c3,1,s3,83,s4,123,m4,1,c4,1,s4,27,c4,1,s4,2,c4,1,s4,15,m4,1,c4,1,s4,17,,,,,,,,,,,,,,,,,,,,,,,,,,
1,s0,60,m0,1,c0,27,c1,34,c2,21,c3,156,,,,,,,,,,,,,,,,,,,,,,,,,,,,,,,,,,,,,,,,,,,,,,,,
1,s0,31,s1,14,s2,16,s3,26,c3,13,c4,199,,,,,,,,,,,,,,,,,,,,,,,,,,,,,,,,,,,,,,,,,,,,,,,,
1,s0,47,m0,1,c0,13,c1,36,c2,64,c3,138,,,,,,,,,,,,,,,,,,,,,,,,,,,,,,,,,,,,,,,,,,,,,,,,
1,s0,67,m0,1,c0,22,c1,32,c2,177,,,,,,,,,,,,,,,,,,,,,,,,,,,,,,,,,,,,,,,,,,,,,,,,,,
1,s0,28,s1,23,s2,51,c2,197,,,,,,,,,,,,,,,,,,,,,,,,,,,,,,,,,,,,,,,,,,,,,,,,,,,,
1,s0,19,s1,11,s2,19,m2,1,c2,5,c3,244,,,,,,,,,,,,,,,,,,,,,,,,,,,,,,,,,,,,,,,,,,,,,,,,
1,s0,11,s1,4,m1,1,c1,1,s1,45,m1,1,c1,1,s1,7,s2,47,c2,1,s2,20,s3,11,c3,1,s3,3,s4,94,c4,51,,,,,,,,,,,,,,,,,,,,,,,,,,,,
1,s0,23,c1,72,c2,204,,,,,,,,,,,,,,,,,,,,,,,,,,,,,,,,,,,,,,,,,,,,,,,,,,,,,,
1,s0,171,m0,1,c0,17,c1,23,c2,65,c3,22,,,,,,,,,,,,,,,,,,,,,,,,,,,,,,,,,,,,,,,,,,,,,,,,
1,s0,80,m0,1,c0,45,c1,26,c2,55,c3,92,,,,,,,,,,,,,,,,,,,,,,,,,,,,,,,,,,,,,,,,,,,,,,,,
1,s0,39,m0,1,c0,30,c1,22,c2,29,c3,36,c4,142,,,,,,,,,,,,,,,,,,,,,,,,,,,,,,,,,,,,,,,,,,,,,,
1,s0,57,c0,1,s0,1,c0,8,c1,21,c2,11,c3,37,c4,163,,,,,,,,,,,,,,,,,,,,,,,,,,,,,,,,,,,,,,,,,,,,
1,s0,14,s1,17,c1,1,s1,11,s2,8,c2,1,s2,14,s3,15,m3,1,c3,1,s3,37,c3,37,c4,142,,,,,,,,,,,,,,,,,,,,,,,,,,,,,,,,,,
1,s0,182,m0,1,c0,11,c1,63,c2,42,,,,,,,,,,,,,,,,,,,,,,,,,,,,,,,,,,,,,,,,,,,,,,,,,,
1,s0,299,,,,,,,,,,,,,,,,,,,,,,,,,,,,,,,,,,,,,,,,,,,,,,,,,,,,,,,,,,
1,s0,47,c0,1,s0,1,c0,8,c1,48,c2,194,,,,,,,,,,,,,,,,,,,,,,,,,,,,,,,,,,,,,,,,,,,,,,,,
1,s0,28,m0,1,c0,1,s0,4,s1,41,m1,1,c1,1,s1,19,c1,141,c2,23,c3,39,,,,,,,,,,,,,,,,,,,,,,,,,,,,,,,,,,,,,,
1,s0,52,m0,1,c0,50,c1,97,c2,29,c3,70,,,,,,,,,,,,,,,,,,,,,,,,,,,,,,,,,,,,,,,,,,,,,,,,
1,s0,75,m0,1,c0,5,c1,11,c2,189,c3,18,,,,,,,,,,,,,,,,,,,,,,,,,,,,,,,,,,,,,,,,,,,,,,,,
1,s0,161,m0,1,c0,1,s0,40,s1,3,m1,1,c1,92,,,,,,,,,,,,,,,,,,,,,,,,,,,,,,,,,,,,,,,,,,,,,,
1,s0,65,m0,1,c0,15,c1,20,c2,198,,,,,,,,,,,,,,,,,,,,,,,,,,,,,,,,,,,,,,,,,,,,,,,,,,
1,s0,263,c0,36,,,,,,,,,,,,,,,,,,,,,,,,,,,,,,,,,,,,,,,,,,,,,,,,,,,,,,,,
1,s0,50,m0,1,c0,1,s0,26,s1,77,s2,56,m2,1,c2,1,s2,71,c2,1,s2,14,,,,,,,,,,,,,,,,,,,,,,,,,,,,,,,,,,,,,,
1,s0,51,m0,1,c0,8,c1,38,c2,201,,,,,,,,,,,,,,,,,,,,,,,,,,,,,,,,,,,,,,,,,,,,,,,,,,
1,s0,110,m0,1,c0,1,s0,3,m0,1,c0,1,s0,37,c0,1,s0,16,c0,10,c1,30,c2,35,c3,53,,,,,,,,,,,,,,,,,,,,,,,,,,,,,,,,,,
1,s0,36,c0,1,s0,5,s1,20,c1,1,s1,6,s2,65,m2,1,c2,1,s2,10,c2,1,s2,9,s3,9,c3,1,s3,14,m3,1,c3,1,s3,88,c3,1,s3,28,c3,,,,,,,,,,,,,,,,,,,
1,s0,58,s1,46,m1,1,c1,56,c2,66,c3,72,,,,,,,,,,,,,,,,,,,,,,,,,,,,,,,,,,,,,,,,,,,,,,,,
1,s0,30,m0,1,c0,1,s0,22,s1,35,m1,1,c1,1,s1,87,m1,1,c1,24,c2,96,,,,,,,,,,,,,,,,,,,,,,,,,,,,,,,,,,,,,,
1,s0,105,m0,1,c0,1,s0,23,s1,9,m1,1,c1,1,s1,51,c1,1,s1,11,c1,95,,,,,,,,,,,,,,,,,,,,,,,,,,,,,,,,,,,,,,
1,s0,64,m0,1,c0,88,c1,25,c2,15,c3,106,,,,,,,,,,,,,,,,,,,,,,,,,,,,,,,,,,,,,,,,,,,,,,,,
1,s0,28,c0,1,s0,1,c0,1,s0,3,m0,1,c0,1,s0,2,s1,4,m1,1,c1,1,s1,30,s2,8,m2,1,c2,1,s2,5,c2,210,,,,,,,,,,,,,,,,,,,,,,,,,,
1,s0,40,m0,1,c0,33,c1,9,c2,46,c3,26,c4,144,,,,,,,,,,,,,,,,,,,,,,,,,,,,,,,,,,,,,,,,,,,,,,
1,s0,78,m0,1,c0,108,c1,112,,,,,,,,,,,,,,,,,,,,,,,,,,,,,,,,,,,,,,,,,,,,,,,,,,,,
1,s0,133,m0,1,c0,1,s0,35,s1,98,c1,31,,,,,,,,,,,,,,,,,,,,,,,,,,,,,,,,,,,,,,,,,,,,,,,,
1,s0,45,m0,1,c0,1,s0,43,s1,18,s2,151,m2,1,c2,39,,,,,,,,,,,,,,,,,,,,,,,,,,,,,,,,,,,,,,,,,,,,
1,s0,46,m0,1,c0,1,s0,2,m0,1,c0,1,s0,5,s1,95,m1,1,c1,1,s1,10,s2,53,s3,4,s4,78,,,,,,,,,,,,,,,,,,,,,,,,,,,,,,,,
1,s0,95,m0,1,c0,1,s0,10,m0,1,c0,1,s0,35,m0,1,c0,78,c2,76,,,,,,,,,,,,,,,,,,,,,,,,,,,,,,,,,,,,,,,,
1,s0,76,c0,1,s0,12,c0,1,s0,9,s1,45,m1,1,c1,1,s1,20,s2,76,c2,57,,,,,,,,,,,,,,,,,,,,,,,,,,,,,,,,,,,,,,
1,s0,105,m0,1,c0,81,c1,25,c2,87,,,,,,,,,,,,,,,,,,,,,,,,,,,,,,,,,,,,,,,,,,,,,,,,,,
1,s0,69,s1,122,m1,1,c1,1,s1,106,,,,,,,,,,,,,,,,,,,,,,,,,,,,,,,,,,,,,,,,,,,,,,,,,,
1,s0,51,m0,1,c0,41,c1,53,c2,153,,,,,,,,,,,,,,,,,,,,,,,,,,,,,,,,,,,,,,,,,,,,,,,,,,
1,s0,100,m0,1,c0,36,c2,91,c3,71,,,,,,,,,,,,,,,,,,,,,,,,,,,,,,,,,,,,,,,,,,,,,,,,,,
1,s0,72,m0,1,c0,1,s0,81,s1,14,s2,91,s3,39,,,,,,,,,,,,,,,,,,,,,,,,,,,,,,,,,,,,,,,,,,,,,,
1,s0,90,c0,17,c1,74,c2,118,,,,,,,,,,,,,,,,,,,,,,,,,,,,,,,,,,,,,,,,,,,,,,,,,,,,
1,s0,39,s1,25,s2,56,c2,1,s2,23,c2,1,s2,154,,,,,,,,,,,,,,,,,,,,,,,,,,,,,,,,,,,,,,,,,,,,,,
1,s0,30,s1,11,s2,108,s3,17,s4,133,,,,,,,,,,,,,,,,,,,,,,,,,,,,,,,,,,,,,,,,,,,,,,,,,,
1,s0,23,m0,1,c0,1,s0,57,s1,24,s2,37,s3,49,m3,1,c3,1,s3,3,m3,1,c3,101,,,,,,,,,,,,,,,,,,,,,,,,,,,,,,,,,,,,
1,s0,109,m0,1,c0,189,,,,,,,,,,,,,,,,,,,,,,,,,,,,,,,,,,,,,,,,,,,,,,,,,,,,,,
1,s0,28,s1,53,m1,1,c1,1,s1,33,s2,96,m2,1,c2,86,,,,,,,,,,,,,,,,,,,,,,,,,,,,,,,,,,,,,,,,,,,,
1,s0,62,m0,1,c0,1,s0,165,m0,1,c0,69,,,,,,,,,,,,,,,,,,,,,,,,,,,,,,,,,,,,,,,,,,,,,,,,
1,s0,72,c0,1,s0,5,c0,1,s0,39,m0,1,c0,1,s0,68,c0,1,s0,14,c0,1,s0,22,s1,73,m1,,,,,,,,,,,,,,,,,,,,,,,,,,,,,,,,,
1,s0,65,m0,1,c0,1,s0,12,s1,17,s2,13,s3,1,c3,35,c4,154,,,,,,,,,,,,,,,,,,,,,,,,,,,,,,,,,,,,,,,,,,
1,s0,290,c0,9,,,,,,,,,,,,,,,,,,,,,,,,,,,,,,,,,,,,,,,,,,,,,,,,,,,,,,,,
1,s0,37,m0,1,c0,1,s0,32,m0,1,c0,1,s0,204,m0,1,c0,7,c1,14,,,,,,,,,,,,,,,,,,,,,,,,,,,,,,,,,,,,,,,,
1,s0,299,,,,,,,,,,,,,,,,,,,,,,,,,,,,,,,,,,,,,,,,,,,,,,,,,,,,,,,,,,
1,s0,58,m0,1,c0,49,c1,15,c2,24,c3,152,,,,,,,,,,,,,,,,,,,,,,,,,,,,,,,,,,,,,,,,,,,,,,,,
1,s0,34,m0,1,c0,21,c1,115,c2,128,,,,,,,,,,,,,,,,,,,,,,,,,,,,,,,,,,,,,,,,,,,,,,,,,,
1,s0,37,m0,1,c0,1,s0,21,m0,1,c0,1,s0,49,c0,1,s0,6,c0,181,,,,,,,,,,,,,,,,,,,,,,,,,,,,,,,,,,,,,,,,
1,s0,132,m0,1,c0,1,s0,36,s1,27,s3,96,m3,1,c3,5,,,,,,,,,,,,,,,,,,,,,,,,,,,,,,,,,,,,,,,,,,,,
1,s0,61,m0,1,c0,9,c1,57,c2,23,c3,148,,,,,,,,,,,,,,,,,,,,,,,,,,,,,,,,,,,,,,,,,,,,,,,,
1,s0,40,s1,20,c1,1,s1,10,c1,36,c2,192,,,,,,,,,,,,,,,,,,,,,,,,,,,,,,,,,,,,,,,,,,,,,,,,
1,s0,158,m0,1,c0,71,c1,41,c2,28,,,,,,,,,,,,,,,,,,,,,,,,,,,,,,,,,,,,,,,,,,,,,,,,,,
1,s0,75,c0,144,c1,36,c2,44,,,,,,,,,,,,,,,,,,,,,,,,,,,,,,,,,,,,,,,,,,,,,,,,,,,,
1,s0,57,m0,1,c0,1,s0,13,s1,30,s2,39,s3,70,m3,1,c3,1,s3,86,,,,,,,,,,,,,,,,,,,,,,,,,,,,,,,,,,,,,,,,
1,s0,51,s1,17,s2,13,s3,13,s4,92,m4,1,c4,1,s4,111,,,,,,,,,,,,,,,,,,,,,,,,,,,,,,,,,,,,,,,,,,,,
1,s0,39,m0,1,c0,1,s0,12,s1,87,s2,48,m2,1,c2,110,,,,,,,,,,,,,,,,,,,,,,,,,,,,,,,,,,,,,,,,,,,,
1,s0,30,s1,4,m1,1,c1,25,c2,239,,,,,,,,,,,,,,,,,,,,,,,,,,,,,,,,,,,,,,,,,,,,,,,,,,
1,s0,109,m0,1,c0,15,c1,21,c2,118,c3,31,c4,4,,,,,,,,,,,,,,,,,,,,,,,,,,,,,,,,,,,,,,,,,,,,,,
1,s0,34,c0,265,,,,,,,,,,,,,,,,,,,,,,,,,,,,,,,,,,,,,,,,,,,,,,,,,,,,,,,,
1,s0,86,c0,1,s0,3,c0,48,c1,32,c2,18,c3,111,,,,,,,,,,,,,,,,,,,,,,,,,,,,,,,,,,,,,,,,,,,,,,
1,s0,35,s1,19,s2,2,m2,1,c2,1,s2,7,m2,1,c2,1,s2,11,m2,1,c2,1,s2,1,s3,16,s4,148,c4,54,,,,,,,,,,,,,,,,,,,,,,,,,,,,,,
1,s0,16,m0,1,c0,1,s0,1,s1,75,c1,18,c2,52,c3,135,,,,,,,,,,,,,,,,,,,,,,,,,,,,,,,,,,,,,,,,,,,,
1,s0,76,m0,1,c0,35,c1,21,c2,62,c3,104,,,,,,,,,,,,,,,,,,,,,,,,,,,,,,,,,,,,,,,,,,,,,,,,
1,s0,66,m0,1,c0,72,c1,20,c2,140,,,,,,,,,,,,,,,,,,,,,,,,,,,,,,,,,,,,,,,,,,,,,,,,,,
1,s0,50,m0,1,c0,49,c1,103,c2,96,,,,,,,,,,,,,,,,,,,,,,,,,,,,,,,,,,,,,,,,,,,,,,,,,,
1,s0,28,m0,1,c0,38,c1,232,,,,,,,,,,,,,,,,,,,,,,,,,,,,,,,,,,,,,,,,,,,,,,,,,,,,
1,s0,299,,,,,,,,,,,,,,,,,,,,,,,,,,,,,,,,,,,,,,,,,,,,,,,,,,,,,,,,,,
1,s0,34,c0,1,s0,1,c0,29,c1,16,c2,15,c3,23,c4,180,,,,,,,,,,,,,,,,,,,,,,,,,,,,,,,,,,,,,,,,,,,,
1,s0,35,m0,1,c1,1,s1,17,s2,191,c2,54,,,,,,,,,,,,,,,,,,,,,,,,,,,,,,,,,,,,,,,,,,,,,,,,
1,s0,76,m0,1,c0,1,s0,10,s1,63,s2,82,m2,1,c2,1,s2,53,m2,1,c2,1,s2,9,,,,,,,,,,,,,,,,,,,,,,,,,,,,,,,,,,,,
1,s0,180,m0,1,c0,15,c1,50,c2,27,c3,26,,,,,,,,,,,,,,,,,,,,,,,,,,,,,,,,,,,,,,,,,,,,,,,,
1,s0,299,,,,,,,,,,,,,,,,,,,,,,,,,,,,,,,,,,,,,,,,,,,,,,,,,,,,,,,,,,
1,s0,125,m0,1,c0,1,s0,69,s1,103,,,,,,,,,,,,,,,,,,,,,,,,,,,,,,,,,,,,,,,,,,,,,,,,,,
1,s0,155,c0,1,s0,14,c0,66,c1,63,,,,,,,,,,,,,,,,,,,,,,,,,,,,,,,,,,,,,,,,,,,,,,,,,,
1,s0,69,m0,1,c0,229,,,,,,,,,,,,,,,,,,,,,,,,,,,,,,,,,,,,,,,,,,,,,,,,,,,,,,
1,s0,299,,,,,,,,,,,,,,,,,,,,,,,,,,,,,,,,,,,,,,,,,,,,,,,,,,,,,,,,,,
1,s0,71,m0,1,c0,1,s0,91,s1,7,c1,128,,,,,,,,,,,,,,,,,,,,,,,,,,,,,,,,,,,,,,,,,,,,,,,,
1,s0,99,m0,1,c0,59,c1,46,c2,94,,,,,,,,,,,,,,,,,,,,,,,,,,,,,,,,,,,,,,,,,,,,,,,,,,
1,s0,58,m0,1,c0,2,c1,66,c2,117,c3,55,,,,,,,,,,,,,,,,,,,,,,,,,,,,,,,,,,,,,,,,,,,,,,,,
1,s0,68,m0,1,c0,1,s0,16,m0,1,c0,1,s0,53,c0,158,,,,,,,,,,,,,,,,,,,,,,,,,,,,,,,,,,,,,,,,,,,,
1,s0,58,c0,1,s0,44,c0,196,,,,,,,,,,,,,,,,,,,,,,,,,,,,,,,,,,,,,,,,,,,,,,,,,,,,
1,s0,69,s1,19,s3,15,m3,1,c3,23,c4,172,,,,,,,,,,,,,,,,,,,,,,,,,,,,,,,,,,,,,,,,,,,,,,,,
1,s0,18,m0,1,c0,19,c1,38,c2,51,c3,25,c4,147,,,,,,,,,,,,,,,,,,,,,,,,,,,,,,,,,,,,,,,,,,,,,,
1,s0,45,m0,1,c0,1,s0,37,m0,1,c0,1,s0,107,c0,1,s0,25,c0,71,c1,9,,,,,,,,,,,,,,,,,,,,,,,,,,,,,,,,,,,,,,
1,s0,110,m0,1,c0,67,c1,74,c2,47,,,,,,,,,,,,,,,,,,,,,,,,,,,,,,,,,,,,,,,,,,,,,,,,,,
1,s0,110,m0,1,c0,1,s0,72,m0,1,c0,1,s0,12,c0,1,s0,23,c0,77,,,,,,,,,,,,,,,,,,,,,,,,,,,,,,,,,,,,,,,,
1,s0,187,c0,1,s0,3,s1,1,c1,107,,,,,,,,,,,,,,,,,,,,,,,,,,,,,,,,,,,,,,,,,,,,,,,,,,
1,s0,153,c0,1,s0,16,c0,11,c1,19,c2,99,,,,,,,,,,,,,,,,,,,,,,,,,,,,,,,,,,,,,,,,,,,,,,,,
1,s0,36,m0,1,c0,1,s0,13,s1,236,m1,1,c1,1,s1,10,,,,,,,,,,,,,,,,,,,,,,,,,,,,,,,,,,,,,,,,,,,,
1,s0,104,m0,1,c0,1,m0,1,c0,192,,,,,,,,,,,,,,,,,,,,,,,,,,,,,,,,,,,,,,,,,,,,,,,,,,
1,s0,122,m0,1,c0,1,s0,12,m0,1,c0,1,s0,17,c0,1,s0,3,c0,1,s0,83,s1,56,,,,,,,,,,,,,,,,,,,,,,,,,,,,,,,,,,,,
1,s0,98,s1,16,s2,19,s3,21,s4,11,c4,134,,,,,,,,,,,,,,,,,,,,,,,,,,,,,,,,,,,,,,,,,,,,,,,,
1,s0,110,c0,155,c1,34,c2,,,,,,,,,,,,,,,,,,,,,,,,,,,,,,,,,,,,,,,,,,,,,,,,,,,,,
1,s0,85,c0,142,c1,72,,,,,,,,,,,,,,,,,,,,,,,,,,,,,,,,,,,,,,,,,,,,,,,,,,,,,,
1,s0,118,c0,1,s0,22,c0,1,s0,23,s1,22,m1,1,c1,8,c2,103,,,,,,,,,,,,,,,,,,,,,,,,,,,,,,,,,,,,,,,,,,
1,s0,106,c0,1,s0,9,c0,1,s0,16,m0,1,c0,144,c1,21,,,,,,,,,,,,,,,,,,,,,,,,,,,,,,,,,,,,,,,,,,,,
1,s0,88,c0,1,s0,11,c0,1,s0,12,m0,1,c0,1,s0,87,c0,97,,,,,,,,,,,,,,,,,,,,,,,,,,,,,,,,,,,,,,,,,,
1,s0,59,c0,1,s0,1,c0,1,s0,34,m0,1,c0,1,s0,13,c0,188,,,,,,,,,,,,,,,,,,,,,,,,,,,,,,,,,,,,,,,,,,
1,s0,54,c0,1,s0,1,c0,27,c1,51,c2,55,c3,110,,,,,,,,,,,,,,,,,,,,,,,,,,,,,,,,,,,,,,,,,,,,,,
1,s0,35,s1,25,s2,115,m2,1,c2,123,,,,,,,,,,,,,,,,,,,,,,,,,,,,,,,,,,,,,,,,,,,,,,,,,,
1,s0,55,s1,5,m1,1,c1,84,c2,154,,,,,,,,,,,,,,,,,,,,,,,,,,,,,,,,,,,,,,,,,,,,,,,,,,
1,s0,299,,,,,,,,,,,,,,,,,,,,,,,,,,,,,,,,,,,,,,,,,,,,,,,,,,,,,,,,,,
1,s0,59,m0,1,c0,1,s0,20,s1,22,s2,11,c2,3,c3,66,c4,116,,,,,,,,,,,,,,,,,,,,,,,,,,,,,,,,,,,,,,,,,,
1,s0,65,m0,1,c0,1,s0,10,s1,7,c1,215,,,,,,,,,,,,,,,,,,,,,,,,,,,,,,,,,,,,,,,,,,,,,,,,
1,s0,72,m0,1,c0,57,c1,18,c2,151,,,,,,,,,,,,,,,,,,,,,,,,,,,,,,,,,,,,,,,,,,,,,,,,,,
1,s0,49,m0,1,c0,1,s0,4,s1,64,s2,27,m2,1,c2,152,,,,,,,,,,,,,,,,,,,,,,,,,,,,,,,,,,,,,,,,,,,,
1,s0,38,m0,1,c0,1,s0,21,s1,5,m1,1,c1,1,s1,63,c1,22,c2,146,,,,,,,,,,,,,,,,,,,,,,,,,,,,,,,,,,,,,,,,
1,s0,78,s1,10,c1,83,c2,128,,,,,,,,,,,,,,,,,,,,,,,,,,,,,,,,,,,,,,,,,,,,,,,,,,,,
1,s0,177,m0,1,c0,14,c1,41,c2,66,,,,,,,,,,,,,,,,,,,,,,,,,,,,,,,,,,,,,,,,,,,,,,,,,,
1,s0,4,s2,24,c2,271,,,,,,,,,,,,,,,,,,,,,,,,,,,,,,,,,,,,,,,,,,,,,,,,,,,,,,
1,s0,3,s1,25,m1,1,c1,1,s1,5,m1,1,c1,1,s1,1,s2,35,m2,1,c2,1,s2,19,m2,1,c2,1,s2,22,s3,40,m3,1,c3,140,,,,,,,,,,,,,,,,,,,,,,,,
1,s0,72,m0,1,c0,11,c1,18,c2,76,c3,121,,,,,,,,,,,,,,,,,,,,,,,,,,,,,,,,,,,,,,,,,,,,,,,,
1,s0,37,s1,2,m1,1,c1,1,s1,34,m1,1,c1,1,s1,111,c1,1,s1,30,c1,1,s1,11,s2,68,,,,,,,,,,,,,,,,,,,,,,,,,,,,,,,,,,
1,s0,23,m0,1,c0,1,s0,10,s1,13,s2,49,s3,58,m3,1,c3,1,s3,23,c3,1,s3,38,c3,1,s3,39,c3,3,c4,37,,,,,,,,,,,,,,,,,,,,,,,,,,,,
1,s0,69,m0,1,c0,51,c1,18,c2,27,c3,133,,,,,,,,,,,,,,,,,,,,,,,,,,,,,,,,,,,,,,,,,,,,,,,,
1,s0,62,s2,237,,,,,,,,,,,,,,,,,,,,,,,,,,,,,,,,,,,,,,,,,,,,,,,,,,,,,,,,
1,s0,48,c0,24,c1,101,c2,31,c3,95,,,,,,,,,,,,,,,,,,,,,,,,,,,,,,,,,,,,,,,,,,,,,,,,,,
1,s0,46,m0,1,c0,1,s0,59,s1,42,m1,1,c1,1,s1,35,c1,1,s1,28,c1,84,,,,,,,,,,,,,,,,,,,,,,,,,,,,,,,,,,,,,,
1,s0,168,m0,1,c0,12,c1,23,c2,18,c3,29,c4,48,,,,,,,,,,,,,,,,,,,,,,,,,,,,,,,,,,,,,,,,,,,,,,
1,s0,74,m0,1,c0,45,c1,32,c2,147,,,,,,,,,,,,,,,,,,,,,,,,,,,,,,,,,,,,,,,,,,,,,,,,,,
1,s0,47,m0,1,c0,1,s0,11,m0,1,c0,1,s0,83,c0,1,s0,38,c0,19,c1,48,c2,48,,,,,,,,,,,,,,,,,,,,,,,,,,,,,,,,,,,,
1,s0,81,c0,1,s0,10,c0,1,s0,135,m0,1,c0,1,s0,6,c0,1,s0,9,c0,7,c1,26,c2,20,,,,,,,,,,,,,,,,,,,,,,,,,,,,,,,,,,
1,s0,59,m0,1,c0,24,c1,49,c2,166,,,,,,,,,,,,,,,,,,,,,,,,,,,,,,,,,,,,,,,,,,,,,,,,,,
1,s0,9,m0,1,c0,1,s0,32,s1,5,m1,1,c1,1,s1,18,m1,1,c1,230,,,,,,,,,,,,,,,,,,,,,,,,,,,,,,,,,,,,,,,,
1,s0,34,m0,1,c0,1,s0,2,s1,25,m1,1,c1,1,s1,70,s2,110,c2,1,s2,2,c2,51,,,,,,,,,,,,,,,,,,,,,,,,,,,,,,,,,,,,
1,s0,58,m0,1,c0,1,s0,80,m0,1,c0,1,s0,12,c0,1,s0,8,c0,5,c1,10,c2,121,,,,,,,,,,,,,,,,,,,,,,,,,,,,,,,,,,,,
1,s0,21,m0,1,c0,1,m0,1,c0,1,s0,5,s1,26,m1,1,c1,1,s1,8,s2,12,s3,114,m3,1,c3,1,s3,52,c3,1,s3,15,c3,37,,,,,,,,,,,,,,,,,,,,,,,,
1,s0,133,m0,1,c0,1,s0,23,s1,9,m1,1,c1,1,s1,65,c1,1,s1,10,c1,27,c2,27,,,,,,,,,,,,,,,,,,,,,,,,,,,,,,,,,,,,
1,s0,299,,,,,,,,,,,,,,,,,,,,,,,,,,,,,,,,,,,,,,,,,,,,,,,,,,,,,,,,,,
1,s0,52,m0,1,c0,1,s0,1,s1,13,s2,64,s3,112,c3,55,,,,,,,,,,,,,,,,,,,,,,,,,,,,,,,,,,,,,,,,,,,,
1,s0,55,m0,1,c0,1,s0,10,s1,51,s2,29,s3,45,m3,1,c3,1,s3,47,c3,42,c4,16,,,,,,,,,,,,,,,,,,,,,,,,,,,,,,,,,,,,
1,s0,299,,,,,,,,,,,,,,,,,,,,,,,,,,,,,,,,,,,,,,,,,,,,,,,,,,,,,,,,,,
1,s0,107,s1,96,s2,17,m2,1,c2,78,,,,,,,,,,,,,,,,,,,,,,,,,,,,,,,,,,,,,,,,,,,,,,,,,,
1,s0,1,c0,1,s1,53,s2,86,s3,28,s4,11,m4,1,c4,1,s4,6,c4,111,,,,,,,,,,,,,,,,,,,,,,,,,,,,,,,,,,,,,,,,
1,s0,299,,,,,,,,,,,,,,,,,,,,,,,,,,,,,,,,,,,,,,,,,,,,,,,,,,,,,,,,,,
1,s0,105,m0,1,c0,49,c1,31,c2,113,,,,,,,,,,,,,,,,,,,,,,,,,,,,,,,,,,,,,,,,,,,,,,,,,,
1,s0,55,m0,1,c0,18,c1,56,c2,115,c3,54,,,,,,,,,,,,,,,,,,,,,,,,,,,,,,,,,,,,,,,,,,,,,,,,
1,s0,16,s2,24,c2,1,s2,30,s3,42,c3,186,,,,,,,,,,,,,,,,,,,,,,,,,,,,,,,,,,,,,,,,,,,,,,,,
1,s0,98,m0,1,c0,1,s0,163,c0,36,,,,,,,,,,,,,,,,,,,,,,,,,,,,,,,,,,,,,,,,,,,,,,,,,,
1,s0,37,m0,1,c0,1,s0,14,s1,26,s2,26,s3,150,m3,1,c3,43,,,,,,,,,,,,,,,,,,,,,,,,,,,,,,,,,,,,,,,,,,
1,s0,70,m0,1,c0,228,,,,,,,,,,,,,,,,,,,,,,,,,,,,,,,,,,,,,,,,,,,,,,,,,,,,,,
1,s0,49,m0,1,c0,13,c1,54,c2,182,,,,,,,,,,,,,,,,,,,,,,,,,,,,,,,,,,,,,,,,,,,,,,,,,,
1,s0,61,m0,1,c0,1,s0,9,s1,60,s2,91,m2,1,c2,1,s2,23,c2,1,s2,35,c2,15,,,,,,,,,,,,,,,,,,,,,,,,,,,,,,,,,,,,
1,s0,185,c0,1,s0,9,c0,7,c1,29,c2,68,,,,,,,,,,,,,,,,,,,,,,,,,,,,,,,,,,,,,,,,,,,,,,,,
1,s0,73,m0,1,c0,12,c1,101,c2,112,,,,,,,,,,,,,,,,,,,,,,,,,,,,,,,,,,,,,,,,,,,,,,,,,,
1,s0,177,m0,1,c0,1,s0,98,m0,1,c0,21,,,,,,,,,,,,,,,,,,,,,,,,,,,,,,,,,,,,,,,,,,,,,,,,
1,s0,39,m0,1,c0,1,s0,3,s1,25,s2,88,m2,1,c2,1,s2,53,c2,87,,,,,,,,,,,,,,,,,,,,,,,,,,,,,,,,,,,,,,,,
1,s0,8,s1,4,m1,1,c1,8,c2,12,c3,21,c4,245,,,,,,,,,,,,,,,,,,,,,,,,,,,,,,,,,,,,,,,,,,,,,,
1,s0,68,m0,1,c0,1,s0,229,,,,,,,,,,,,,,,,,,,,,,,,,,,,,,,,,,,,,,,,,,,,,,,,,,,,
1,s0,209,m0,1,c0,1,s0,54,m0,1,c0,33,,,,,,,,,,,,,,,,,,,,,,,,,,,,,,,,,,,,,,,,,,,,,,,,
1,s0,25,m0,1,c0,5,c1,33,c2,235,,,,,,,,,,,,,,,,,,,,,,,,,,,,,,,,,,,,,,,,,,,,,,,,,,
1,s0,39,m0,1,c0,1,s0,3,s1,21,s2,221,m2,1,c2,1,s2,11,,,,,,,,,,,,,,,,,,,,,,,,,,,,,,,,,,,,,,,,,,
1,s0,58,m0,1,c0,1,s0,5,s1,22,s2,47,s3,165,,,,,,,,,,,,,,,,,,,,,,,,,,,,,,,,,,,,,,,,,,,,,,
1,s0,142,m0,1,c0,156,,,,,,,,,,,,,,,,,,,,,,,,,,,,,,,,,,,,,,,,,,,,,,,,,,,,,,
1,s0,82,c0,1,s0,8,c0,68,c1,17,c2,53,c3,70,,,,,,,,,,,,,,,,,,,,,,,,,,,,,,,,,,,,,,,,,,,,,,
1,s0,100,m0,1,c0,90,c1,25,c2,83,,,,,,,,,,,,,,,,,,,,,,,,,,,,,,,,,,,,,,,,,,,,,,,,,,
1,s0,35,m0,1,c0,110,c1,153,,,,,,,,,,,,,,,,,,,,,,,,,,,,,,,,,,,,,,,,,,,,,,,,,,,,
1,s0,39,m0,1,c0,1,s0,4,s1,42,s2,3,m2,1,c2,1,s2,105,m2,1,c2,101,,,,,,,,,,,,,,,,,,,,,,,,,,,,,,,,,,,,,,
1,s0,145,m0,1,c0,46,c1,76,c2,31,,,,,,,,,,,,,,,,,,,,,,,,,,,,,,,,,,,,,,,,,,,,,,,,,,
1,s0,73,c0,1,s0,12,c0,13,c1,52,c2,148,,,,,,,,,,,,,,,,,,,,,,,,,,,,,,,,,,,,,,,,,,,,,,,,
1,s0,35,s1,17,s2,5,m2,1,c2,1,s2,39,c2,201,,,,,,,,,,,,,,,,,,,,,,,,,,,,,,,,,,,,,,,,,,,,,,
1,s0,42,m0,1,c0,3,c1,15,c2,238,,,,,,,,,,,,,,,,,,,,,,,,,,,,,,,,,,,,,,,,,,,,,,,,,,
1,s0,70,m0,1,c0,1,s0,16,m0,1,c0,1,s0,107,m0,1,c0,14,c1,40,c2,47,,,,,,,,,,,,,,,,,,,,,,,,,,,,,,,,,,,,,,
1,s0,106,m0,1,c0,1,s0,47,s1,50,s2,1,m2,1,c2,1,s2,48,m2,1,c2,42,,,,,,,,,,,,,,,,,,,,,,,,,,,,,,,,,,,,,,
1,s0,66,m0,1,c0,1,s0,17,s1,35,m1,1,c1,178,,,,,,,,,,,,,,,,,,,,,,,,,,,,,,,,,,,,,,,,,,,,,,
1,s0,39,m0,1,c0,1,s0,5,m0,1,c0,1,s0,4,s1,8,m1,1,c1,17,c2,14,c3,12,c4,195,,,,,,,,,,,,,,,,,,,,,,,,,,,,,,,,,,
1,s0,165,s1,33,m1,1,c1,100,,,,,,,,,,,,,,,,,,,,,,,,,,,,,,,,,,,,,,,,,,,,,,,,,,,,
1,s0,41,c0,1,s0,1,c0,1,s0,92,s1,155,m1,1,c1,1,s1,6,,,,,,,,,,,,,,,,,,,,,,,,,,,,,,,,,,,,,,,,,,
1,s0,133,c0,92,c1,74,,,,,,,,,,,,,,,,,,,,,,,,,,,,,,,,,,,,,,,,,,,,,,,,,,,,,,
1,s0,194,m0,1,c0,31,c1,56,c2,17,,,,,,,,,,,,,,,,,,,,,,,,,,,,,,,,,,,,,,,,,,,,,,,,,,
1,s0,56,c0,1,s0,38,c0,204,,,,,,,,,,,,,,,,,,,,,,,,,,,,,,,,,,,,,,,,,,,,,,,,,,,,
1,s0,76,m0,1,c0,1,s0,56,m0,1,c0,1,s0,21,c0,1,s0,7,c0,12,c1,122,,,,,,,,,,,,,,,,,,,,,,,,,,,,,,,,,,,,,,
1,s0,194,m0,1,c0,9,c1,95,,,,,,,,,,,,,,,,,,,,,,,,,,,,,,,,,,,,,,,,,,,,,,,,,,,,
1,s0,122,m0,1,c0,176,,,,,,,,,,,,,,,,,,,,,,,,,,,,,,,,,,,,,,,,,,,,,,,,,,,,,,
1,s0,99,m0,1,c0,93,c1,26,c2,16,c3,64,,,,,,,,,,,,,,,,,,,,,,,,,,,,,,,,,,,,,,,,,,,,,,,,
1,s0,49,c0,95,c1,27,c2,128,,,,,,,,,,,,,,,,,,,,,,,,,,,,,,,,,,,,,,,,,,,,,,,,,,,,
1,s0,36,s1,104,c1,159,,,,,,,,,,,,,,,,,,,,,,,,,,,,,,,,,,,,,,,,,,,,,,,,,,,,,,
1,s0,299,,,,,,,,,,,,,,,,,,,,,,,,,,,,,,,,,,,,,,,,,,,,,,,,,,,,,,,,,,
1,s0,299,,,,,,,,,,,,,,,,,,,,,,,,,,,,,,,,,,,,,,,,,,,,,,,,,,,,,,,,,,
1,s0,71,m0,1,c0,1,s0,36,m0,1,c0,1,s0,77,m0,1,c0,17,c1,26,c2,28,c3,39,,,,,,,,,,,,,,,,,,,,,,,,,,,,,,,,,,,,
1,s0,44,m0,1,c0,1,s0,16,m0,1,c0,236,,,,,,,,,,,,,,,,,,,,,,,,,,,,,,,,,,,,,,,,,,,,,,,,
1,s0,103,m0,1,c0,42,c1,38,c2,29,c3,86,,,,,,,,,,,,,,,,,,,,,,,,,,,,,,,,,,,,,,,,,,,,,,,,
1,s0,96,m0,1,c0,34,c1,24,c2,144,,,,,,,,,,,,,,,,,,,,,,,,,,,,,,,,,,,,,,,,,,,,,,,,,,
1,s0,72,m0,1,c0,1,s0,39,s1,186,,,,,,,,,,,,,,,,,,,,,,,,,,,,,,,,,,,,,,,,,,,,,,,,,,
1,s0,43,c0,1,s0,1,c0,24,c1,37,c2,25,c3,37,c4,131,,,,,,,,,,,,,,,,,,,,,,,,,,,,,,,,,,,,,,,,,,,,
1,s0,36,m0,1,c0,8,c1,94,c2,160,,,,,,,,,,,,,,,,,,,,,,,,,,,,,,,,,,,,,,,,,,,,,,,,,,
1,s0,100,m0,1,c0,62,c1,136,,,,,,,,,,,,,,,,,,,,,,,,,,,,,,,,,,,,,,,,,,,,,,,,,,,,
1,s0,73,m0,1,c0,1,s0,61,s1,13,m1,1,c1,1,s1,57,m1,1,c1,23,c2,67,,,,,,,,,,,,,,,,,,,,,,,,,,,,,,,,,,,,,,
1,s0,100,m0,1,c0,1,s0,7,s1,32,s2,58,m2,1,c2,99,,,,,,,,,,,,,,,,,,,,,,,,,,,,,,,,,,,,,,,,,,,,
1,s0,63,m0,1,c0,28,c1,35,c2,12,c3,38,c4,122,,,,,,,,,,,,,,,,,,,,,,,,,,,,,,,,,,,,,,,,,,,,,,
1,s0,2,s1,32,s2,38,s3,3,c3,62,c4,162,,,,,,,,,,,,,,,,,,,,,,,,,,,,,,,,,,,,,,,,,,,,,,,,
1,s0,3,c1,11,c2,88,c3,197,,,,,,,,,,,,,,,,,,,,,,,,,,,,,,,,,,,,,,,,,,,,,,,,,,,,
1,s0,299,,,,,,,,,,,,,,,,,,,,,,,,,,,,,,,,,,,,,,,,,,,,,,,,,,,,,,,,,,
1,s0,113,m0,1,c0,25,c1,46,c2,77,c3,17,c4,20,,,,,,,,,,,,,,,,,,,,,,,,,,,,,,,,,,,,,,,,,,,,,,
1,s0,77,s1,26,s2,170,m2,1,c2,25,,,,,,,,,,,,,,,,,,,,,,,,,,,,,,,,,,,,,,,,,,,,,,,,,,
1,s0,62,m0,1,c0,1,s0,110,s1,31,s2,27,m2,1,c2,1,s2,15,c2,1,s2,21,c2,1,s2,27,,,,,,,,,,,,,,,,,,,,,,,,,,,,,,,,,,
1,s0,130,m0,1,c0,168,,,,,,,,,,,,,,,,,,,,,,,,,,,,,,,,,,,,,,,,,,,,,,,,,,,,,,
1,s0,58,m0,1,c0,5,c1,235,,,,,,,,,,,,,,,,,,,,,,,,,,,,,,,,,,,,,,,,,,,,,,,,,,,,
1,s0,64,m0,1,c0,1,s0,73,s1,45,s2,21,m2,1,c2,93,,,,,,,,,,,,,,,,,,,,,,,,,,,,,,,,,,,,,,,,,,,,
1,s0,33,m0,1,c0,1,s0,1,m0,1,c0,1,s0,261,,,,,,,,,,,,,,,,,,,,,,,,,,,,,,,,,,,,,,,,,,,,,,
1,s0,25,m0,1,c0,1,s0,5,s1,18,s2,30,s3,57,m3,1,c3,1,s3,80,c3,1,s3,11,c3,68,,,,,,,,,,,,,,,,,,,,,,,,,,,,,,,,,,
1,s0,120,m0,1,c0,9,c1,49,c2,31,c3,89,,,,,,,,,,,,,,,,,,,,,,,,,,,,,,,,,,,,,,,,,,,,,,,,
1,s0,36,s1,1,c1,1,s1,2,c1,1,s1,17,s2,7,m2,1,c2,1,s2,29,c2,81,c3,122,,,,,,,,,,,,,,,,,,,,,,,,,,,,,,,,,,,,
1,s0,39,s1,39,s2,19,s3,29,s4,173,,,,,,,,,,,,,,,,,,,,,,,,,,,,,,,,,,,,,,,,,,,,,,,,,,
1,s0,34,s1,10,m1,1,c1,1,s1,73,m1,1,c1,1,s1,58,c1,1,s1,21,c1,13,c2,16,c3,14,c4,55,,,,,,,,,,,,,,,,,,,,,,,,,,,,,,,,
1,s0,33,m0,1,c0,26,c1,38,c2,123,c3,78,,,,,,,,,,,,,,,,,,,,,,,,,,,,,,,,,,,,,,,,,,,,,,,,
1,s0,118,c0,1,s0,23,c0,1,s0,44,m0,1,c0,1,s0,4,c0,1,s0,32,c0,1,s0,72,,,,,,,,,,,,,,,,,,,,,,,,,,,,,,,,,,,,
1,s0,132,m0,1,c0,166,,,,,,,,,,,,,,,,,,,,,,,,,,,,,,,,,,,,,,,,,,,,,,,,,,,,,,
1,s0,67,m0,1,c0,97,c1,46,c2,88,,,,,,,,,,,,,,,,,,,,,,,,,,,,,,,,,,,,,,,,,,,,,,,,,,
2,s0,96,c0,203,,,,,,,,,,,,,,,,,,,,,,,,,,,,,,,,,,,,,,,,,,,,,,,,,,,,,,,,
2,s0,12,c0,1,s0,24,c0,13,c1,17,c3,25,c4,207,,,,,,,,,,,,,,,,,,,,,,,,,,,,,,,,,,,,,,,,,,,,,,
2,s0,72,m0,1,c0,17,c1,26,c2,114,c3,69,,,,,,,,,,,,,,,,,,,,,,,,,,,,,,,,,,,,,,,,,,,,,,,,
2,s0,61,c0,238,,,,,,,,,,,,,,,,,,,,,,,,,,,,,,,,,,,,,,,,,,,,,,,,,,,,,,,,
2,s0,21,m0,1,c0,1,s0,9,s1,106,c1,161,,,,,,,,,,,,,,,,,,,,,,,,,,,,,,,,,,,,,,,,,,,,,,,,
2,s0,80,c0,7,c1,212,,,,,,,,,,,,,,,,,,,,,,,,,,,,,,,,,,,,,,,,,,,,,,,,,,,,,,
2,s0,54,c0,1,s1,40,c1,15,c2,189,,,,,,,,,,,,,,,,,,,,,,,,,,,,,,,,,,,,,,,,,,,,,,,,,,
2,s0,126,c0,173,,,,,,,,,,,,,,,,,,,,,,,,,,,,,,,,,,,,,,,,,,,,,,,,,,,,,,,,
2,s0,108,m0,1,c0,28,c1,49,c2,52,c3,61,,,,,,,,,,,,,,,,,,,,,,,,,,,,,,,,,,,,,,,,,,,,,,,,
2,s0,36,m0,1,c0,1,s0,32,m0,1,c0,1,s0,67,s1,3,c1,157,,,,,,,,,,,,,,,,,,,,,,,,,,,,,,,,,,,,,,,,,,
2,s0,299,,,,,,,,,,,,,,,,,,,,,,,,,,,,,,,,,,,,,,,,,,,,,,,,,,,,,,,,,,
2,s0,34,s1,34,c1,231,,,,,,,,,,,,,,,,,,,,,,,,,,,,,,,,,,,,,,,,,,,,,,,,,,,,,,
2,s0,94,c0,1,s0,19,s1,1,c1,1,s1,22,m1,1,c1,160,,,,,,,,,,,,,,,,,,,,,,,,,,,,,,,,,,,,,,,,,,,,
2,s0,115,m0,1,c0,11,c1,49,c2,123,,,,,,,,,,,,,,,,,,,,,,,,,,,,,,,,,,,,,,,,,,,,,,,,,,
2,s0,72,s1,12,c1,215,,,,,,,,,,,,,,,,,,,,,,,,,,,,,,,,,,,,,,,,,,,,,,,,,,,,,,
2,s0,49,m0,1,c0,23,c1,226,,,,,,,,,,,,,,,,,,,,,,,,,,,,,,,,,,,,,,,,,,,,,,,,,,,,
2,s0,40,c0,1,s0,7,c0,1,s0,15,m0,1,c0,234,,,,,,,,,,,,,,,,,,,,,,,,,,,,,,,,,,,,,,,,,,,,,,
2,s0,104,m0,1,c0,74,c1,29,c2,91,,,,,,,,,,,,,,,,,,,,,,,,,,,,,,,,,,,,,,,,,,,,,,,,,,
2,s0,299,,,,,,,,,,,,,,,,,,,,,,,,,,,,,,,,,,,,,,,,,,,,,,,,,,,,,,,,,,
2,s0,299,,,,,,,,,,,,,,,,,,,,,,,,,,,,,,,,,,,,,,,,,,,,,,,,,,,,,,,,,,
2,s0,96,c0,203,,,,,,,,,,,,,,,,,,,,,,,,,,,,,,,,,,,,,,,,,,,,,,,,,,,,,,,,
2,s0,37,c0,262,,,,,,,,,,,,,,,,,,,,,,,,,,,,,,,,,,,,,,,,,,,,,,,,,,,,,,,,
2,s0,49,c0,1,s0,19,c0,16,c1,27,c2,187,,,,,,,,,,,,,,,,,,,,,,,,,,,,,,,,,,,,,,,,,,,,,,,,
2,s0,45,c0,1,s0,26,s1,15,s2,1,c2,1,s2,25,s3,2,m3,1,c3,1,s3,28,c3,153,,,,,,,,,,,,,,,,,,,,,,,,,,,,,,,,,,,,
2,s0,100,s1,13,c1,22,c2,6,c3,37,c4,121,,,,,,,,,,,,,,,,,,,,,,,,,,,,,,,,,,,,,,,,,,,,,,,,
2,s0,299,,,,,,,,,,,,,,,,,,,,,,,,,,,,,,,,,,,,,,,,,,,,,,,,,,,,,,,,,,
2,s0,115,c0,1,s0,108,c0,36,c1,39,,,,,,,,,,,,,,,,,,,,,,,,,,,,,,,,,,,,,,,,,,,,,,,,,,
2,s0,101,c0,1,s0,31,c0,31,c1,34,c2,101,,,,,,,,,,,,,,,,,,,,,,,,,,,,,,,,,,,,,,,,,,,,,,,,
2,s0,98,c0,5,c1,196,,,,,,,,,,,,,,,,,,,,,,,,,,,,,,,,,,,,,,,,,,,,,,,,,,,,,,
2,s0,130,c0,169,,,,,,,,,,,,,,,,,,,,,,,,,,,,,,,,,,,,,,,,,,,,,,,,,,,,,,,,
2,s0,299,,,,,,,,,,,,,,,,,,,,,,,,,,,,,,,,,,,,,,,,,,,,,,,,,,,,,,,,,,
2,s0,299,,,,,,,,,,,,,,,,,,,,,,,,,,,,,,,,,,,,,,,,,,,,,,,,,,,,,,,,,,
2,s0,75,c0,224,,,,,,,,,,,,,,,,,,,,,,,,,,,,,,,,,,,,,,,,,,,,,,,,,,,,,,,,
2,s0,88,c0,1,s0,80,c0,130,,,,,,,,,,,,,,,,,,,,,,,,,,,,,,,,,,,,,,,,,,,,,,,,,,,,
2,s0,299,,,,,,,,,,,,,,,,,,,,,,,,,,,,,,,,,,,,,,,,,,,,,,,,,,,,,,,,,,
2,s0,52,s1,26,s2,221,,,,,,,,,,,,,,,,,,,,,,,,,,,,,,,,,,,,,,,,,,,,,,,,,,,,,,
2,s0,68,m0,1,c0,1,s0,17,s1,49,s2,65,s3,25,s4,62,c4,11,,,,,,,,,,,,,,,,,,,,,,,,,,,,,,,,,,,,,,,,,,
2,s0,74,c0,1,s0,21,c0,113,c1,31,c2,59,,,,,,,,,,,,,,,,,,,,,,,,,,,,,,,,,,,,,,,,,,,,,,,,
2,s0,47,m0,1,c0,37,c1,214,,,,,,,,,,,,,,,,,,,,,,,,,,,,,,,,,,,,,,,,,,,,,,,,,,,,
2,s0,41,c0,1,s0,78,s2,19,c2,1,s2,12,c2,147,,,,,,,,,,,,,,,,,,,,,,,,,,,,,,,,,,,,,,,,,,,,,,
2,s0,299,,,,,,,,,,,,,,,,,,,,,,,,,,,,,,,,,,,,,,,,,,,,,,,,,,,,,,,,,,
2,s0,61,m0,1,c0,1,s0,34,c0,202,,,,,,,,,,,,,,,,,,,,,,,,,,,,,,,,,,,,,,,,,,,,,,,,,,
2,s0,60,m0,1,c0,94,c1,76,c2,68,,,,,,,,,,,,,,,,,,,,,,,,,,,,,,,,,,,,,,,,,,,,,,,,,,
2,s0,164,m0,1,c0,34,c1,24,c2,76,,,,,,,,,,,,,,,,,,,,,,,,,,,,,,,,,,,,,,,,,,,,,,,,,,
2,s0,94,m0,1,c0,204,,,,,,,,,,,,,,,,,,,,,,,,,,,,,,,,,,,,,,,,,,,,,,,,,,,,,,
2,s0,33,c0,1,s0,20,c0,245,,,,,,,,,,,,,,,,,,,,,,,,,,,,,,,,,,,,,,,,,,,,,,,,,,,,
2,s0,51,c0,17,c1,231,,,,,,,,,,,,,,,,,,,,,,,,,,,,,,,,,,,,,,,,,,,,,,,,,,,,,,
2,s0,44,c0,75,c1,20,c2,160,,,,,,,,,,,,,,,,,,,,,,,,,,,,,,,,,,,,,,,,,,,,,,,,,,,,
2,s0,211,c0,88,,,,,,,,,,,,,,,,,,,,,,,,,,,,,,,,,,,,,,,,,,,,,,,,,,,,,,,,
2,s0,299,,,,,,,,,,,,,,,,,,,,,,,,,,,,,,,,,,,,,,,,,,,,,,,,,,,,,,,,,,
2,s0,84,s1,12,c1,1,s1,13,c1,13,c2,22,c3,154,,,,,,,,,,,,,,,,,,,,,,,,,,,,,,,,,,,,,,,,,,,,,,
2,s0,68,c0,3,c1,228,,,,,,,,,,,,,,,,,,,,,,,,,,,,,,,,,,,,,,,,,,,,,,,,,,,,,,
2,s0,299,,,,,,,,,,,,,,,,,,,,,,,,,,,,,,,,,,,,,,,,,,,,,,,,,,,,,,,,,,
2,s0,112,c0,1,s0,28,c0,57,c2,101,,,,,,,,,,,,,,,,,,,,,,,,,,,,,,,,,,,,,,,,,,,,,,,,,,
2,s0,299,,,,,,,,,,,,,,,,,,,,,,,,,,,,,,,,,,,,,,,,,,,,,,,,,,,,,,,,,,
2,s0,37,c0,12,c1,27,c2,26,c3,197,,,,,,,,,,,,,,,,,,,,,,,,,,,,,,,,,,,,,,,,,,,,,,,,,,
2,s0,38,m0,1,c0,1,s0,31,s1,30,s2,37,s3,24,m3,1,c3,1,s3,22,m3,1,c3,1,s3,57,c3,54,,,,,,,,,,,,,,,,,,,,,,,,,,,,,,,,
2,s0,61,m0,1,c0,1,s0,131,s1,3,m1,1,c1,1,s1,17,c1,1,s1,8,c1,74,,,,,,,,,,,,,,,,,,,,,,,,,,,,,,,,,,,,,,
2,s0,86,m0,1,c0,1,s0,36,s1,12,s2,26,s3,10,m3,1,c3,126,,,,,,,,,,,,,,,,,,,,,,,,,,,,,,,,,,,,,,,,,,
2,s0,111,m0,1,c0,13,c1,174,,,,,,,,,,,,,,,,,,,,,,,,,,,,,,,,,,,,,,,,,,,,,,,,,,,,
2,s0,22,s2,36,c2,19,c3,222,,,,,,,,,,,,,,,,,,,,,,,,,,,,,,,,,,,,,,,,,,,,,,,,,,,,
2,s0,31,c0,11,c1,91,c2,12,c3,40,c4,114,,,,,,,,,,,,,,,,,,,,,,,,,,,,,,,,,,,,,,,,,,,,,,,,
2,s0,39,c0,33,c1,133,c2,94,,,,,,,,,,,,,,,,,,,,,,,,,,,,,,,,,,,,,,,,,,,,,,,,,,,,
2,s0,13,c0,1,s0,6,c0,1,s0,2,s1,39,s2,36,c2,201,,,,,,,,,,,,,,,,,,,,,,,,,,,,,,,,,,,,,,,,,,,,
2,s0,235,c0,64,,,,,,,,,,,,,,,,,,,,,,,,,,,,,,,,,,,,,,,,,,,,,,,,,,,,,,,,
2,s0,71,c0,1,s0,4,c0,223,,,,,,,,,,,,,,,,,,,,,,,,,,,,,,,,,,,,,,,,,,,,,,,,,,,,
2,s0,48,m0,1,c0,18,c1,232,,,,,,,,,,,,,,,,,,,,,,,,,,,,,,,,,,,,,,,,,,,,,,,,,,,,
2,s0,54,c0,1,s0,33,c0,211,,,,,,,,,,,,,,,,,,,,,,,,,,,,,,,,,,,,,,,,,,,,,,,,,,,,
2,s0,154,m0,1,c0,34,c1,38,c2,72,,,,,,,,,,,,,,,,,,,,,,,,,,,,,,,,,,,,,,,,,,,,,,,,,,
2,s0,92,m0,1,c0,66,c1,68,c2,72,,,,,,,,,,,,,,,,,,,,,,,,,,,,,,,,,,,,,,,,,,,,,,,,,,
2,s0,83,s1,10,c1,12,c2,194,,,,,,,,,,,,,,,,,,,,,,,,,,,,,,,,,,,,,,,,,,,,,,,,,,,,
2,s0,101,s1,6,c1,1,s1,2,c1,1,s1,15,c1,5,c2,168,,,,,,,,,,,,,,,,,,,,,,,,,,,,,,,,,,,,,,,,,,,,
2,s0,88,m0,1,c0,1,s0,16,s1,19,s2,10,s3,2,m3,1,c3,1,s3,51,m3,1,c3,3,c4,105,,,,,,,,,,,,,,,,,,,,,,,,,,,,,,,,,,
2,s0,126,c0,1,s0,20,c0,22,c1,21,c2,52,c3,57,,,,,,,,,,,,,,,,,,,,,,,,,,,,,,,,,,,,,,,,,,,,,,
2,s0,32,m0,1,c0,1,s0,8,s1,7,s2,24,s3,38,m3,1,c3,1,s3,104,c3,30,c4,52,,,,,,,,,,,,,,,,,,,,,,,,,,,,,,,,,,,,
2,s0,253,c0,37,c1,9,,,,,,,,,,,,,,,,,,,,,,,,,,,,,,,,,,,,,,,,,,,,,,,,,,,,,,
2,s0,81,c0,1,s0,64,c0,153,,,,,,,,,,,,,,,,,,,,,,,,,,,,,,,,,,,,,,,,,,,,,,,,,,,,
2,s0,108,m0,1,c0,65,c1,87,c2,38,,,,,,,,,,,,,,,,,,,,,,,,,,,,,,,,,,,,,,,,,,,,,,,,,,
2,s0,61,m0,1,c0,1,s0,1,c0,2,c1,233,,,,,,,,,,,,,,,,,,,,,,,,,,,,,,,,,,,,,,,,,,,,,,,,
2,s0,131,m0,1,c0,91,c1,55,c2,21,,,,,,,,,,,,,,,,,,,,,,,,,,,,,,,,,,,,,,,,,,,,,,,,,,
2,s0,57,m0,1,c0,52,c1,40,c2,149,,,,,,,,,,,,,,,,,,,,,,,,,,,,,,,,,,,,,,,,,,,,,,,,,,
2,s0,85,s1,32,c1,182,,,,,,,,,,,,,,,,,,,,,,,,,,,,,,,,,,,,,,,,,,,,,,,,,,,,,,
2,s0,81,c0,218,,,,,,,,,,,,,,,,,,,,,,,,,,,,,,,,,,,,,,,,,,,,,,,,,,,,,,,,
2,s0,299,,,,,,,,,,,,,,,,,,,,,,,,,,,,,,,,,,,,,,,,,,,,,,,,,,,,,,,,,,
2,s0,50,c0,56,c1,193,,,,,,,,,,,,,,,,,,,,,,,,,,,,,,,,,,,,,,,,,,,,,,,,,,,,,,
2,s0,299,,,,,,,,,,,,,,,,,,,,,,,,,,,,,,,,,,,,,,,,,,,,,,,,,,,,,,,,,,
2,s0,299,,,,,,,,,,,,,,,,,,,,,,,,,,,,,,,,,,,,,,,,,,,,,,,,,,,,,,,,,,
2,s0,52,c0,30,c1,217,,,,,,,,,,,,,,,,,,,,,,,,,,,,,,,,,,,,,,,,,,,,,,,,,,,,,,
2,s0,35,m0,1,c0,1,s0,35,m0,2,c0,1,s0,4,c0,220,,,,,,,,,,,,,,,,,,,,,,,,,,,,,,,,,,,,,,,,,,,,
2,s0,37,c0,1,s0,2,c0,2,c1,18,c2,42,c3,197,,,,,,,,,,,,,,,,,,,,,,,,,,,,,,,,,,,,,,,,,,,,,,
2,s0,77,m0,1,c0,221,,,,,,,,,,,,,,,,,,,,,,,,,,,,,,,,,,,,,,,,,,,,,,,,,,,,,,
2,s0,65,c0,54,c1,26,c2,154,,,,,,,,,,,,,,,,,,,,,,,,,,,,,,,,,,,,,,,,,,,,,,,,,,,,
2,s0,22,c0,20,c1,64,c2,193,,,,,,,,,,,,,,,,,,,,,,,,,,,,,,,,,,,,,,,,,,,,,,,,,,,,
2,s0,79,c0,139,c1,81,,,,,,,,,,,,,,,,,,,,,,,,,,,,,,,,,,,,,,,,,,,,,,,,,,,,,,
2,s0,46,s1,22,c1,231,,,,,,,,,,,,,,,,,,,,,,,,,,,,,,,,,,,,,,,,,,,,,,,,,,,,,,
2,s0,33,c0,1,s0,5,c0,1,s0,4,s1,5,m1,1,c1,1,s1,16,m1,1,c1,10,c2,221,,,,,,,,,,,,,,,,,,,,,,,,,,,,,,,,,,,,
2,s0,182,c0,2,s0,50,c0,34,c1,31,,,,,,,,,,,,,,,,,,,,,,,,,,,,,,,,,,,,,,,,,,,,,,,,,,
2,s0,106,m0,1,c0,1,s0,18,s1,17,s2,1,c2,155,,,,,,,,,,,,,,,,,,,,,,,,,,,,,,,,,,,,,,,,,,,,,,
2,s0,202,c0,13,c1,84,,,,,,,,,,,,,,,,,,,,,,,,,,,,,,,,,,,,,,,,,,,,,,,,,,,,,,
2,s0,62,m0,1,c0,23,c1,213,,,,,,,,,,,,,,,,,,,,,,,,,,,,,,,,,,,,,,,,,,,,,,,,,,,,
2,s0,176,m0,1,c0,122,,,,,,,,,,,,,,,,,,,,,,,,,,,,,,,,,,,,,,,,,,,,,,,,,,,,,,
2,s0,96,m0,1,c0,1,s0,17,m0,1,c0,1,s0,6,m0,1,c0,175,,,,,,,,,,,,,,,,,,,,,,,,,,,,,,,,,,,,,,,,,,
2,s0,77,c0,1,s0,27,c0,1,s0,30,c0,163,,,,,,,,,,,,,,,,,,,,,,,,,,,,,,,,,,,,,,,,,,,,,,,,
2,s0,299,,,,,,,,,,,,,,,,,,,,,,,,,,,,,,,,,,,,,,,,,,,,,,,,,,,,,,,,,,
2,s0,299,,,,,,,,,,,,,,,,,,,,,,,,,,,,,,,,,,,,,,,,,,,,,,,,,,,,,,,,,,
2,s0,299,,,,,,,,,,,,,,,,,,,,,,,,,,,,,,,,,,,,,,,,,,,,,,,,,,,,,,,,,,
2,s0,299,,,,,,,,,,,,,,,,,,,,,,,,,,,,,,,,,,,,,,,,,,,,,,,,,,,,,,,,,,
2,s0,50,m0,1,c0,1,s0,32,s1,19,s2,68,m2,1,c2,1,s2,6,c2,120,,,,,,,,,,,,,,,,,,,,,,,,,,,,,,,,,,,,,,,,
2,s0,191,m0,1,c0,19,c1,36,c2,52,,,,,,,,,,,,,,,,,,,,,,,,,,,,,,,,,,,,,,,,,,,,,,,,,,
2,s0,79,s1,10,c1,1,s1,33,c1,176,,,,,,,,,,,,,,,,,,,,,,,,,,,,,,,,,,,,,,,,,,,,,,,,,,
2,s0,55,c0,39,c1,90,c2,115,,,,,,,,,,,,,,,,,,,,,,,,,,,,,,,,,,,,,,,,,,,,,,,,,,,,
2,s0,151,c0,1,s0,15,c0,64,c1,50,c2,18,,,,,,,,,,,,,,,,,,,,,,,,,,,,,,,,,,,,,,,,,,,,,,,,
2,s0,299,,,,,,,,,,,,,,,,,,,,,,,,,,,,,,,,,,,,,,,,,,,,,,,,,,,,,,,,,,
2,s0,74,c0,1,s0,20,c0,101,c1,23,c2,80,,,,,,,,,,,,,,,,,,,,,,,,,,,,,,,,,,,,,,,,,,,,,,,,
2,s0,108,c0,1,s0,7,c0,1,s0,52,s1,12,c1,118,,,,,,,,,,,,,,,,,,,,,,,,,,,,,,,,,,,,,,,,,,,,,,
2,s0,27,m0,1,c0,1,s0,9,m0,1,c0,1,s0,21,m0,1,c0,1,s0,57,m0,1,c0,1,s0,119,m0,1,c0,57,,,,,,,,,,,,,,,,,,,,,,,,,,,,,,
2,s0,81,m0,1,c0,1,s0,21,s1,23,m1,1,c1,1,s1,113,s2,26,m2,1,c2,30,,,,,,,,,,,,,,,,,,,,,,,,,,,,,,,,,,,,,,
2,s0,107,c0,101,c1,24,c3,67,,,,,,,,,,,,,,,,,,,,,,,,,,,,,,,,,,,,,,,,,,,,,,,,,,,,
2,s0,299,,,,,,,,,,,,,,,,,,,,,,,,,,,,,,,,,,,,,,,,,,,,,,,,,,,,,,,,,,
2,s0,299,,,,,,,,,,,,,,,,,,,,,,,,,,,,,,,,,,,,,,,,,,,,,,,,,,,,,,,,,,
2,s0,2,s1,44,c1,253,,,,,,,,,,,,,,,,,,,,,,,,,,,,,,,,,,,,,,,,,,,,,,,,,,,,,,
2,s0,92,m0,1,c0,1,s0,21,m0,1,c0,183,,,,,,,,,,,,,,,,,,,,,,,,,,,,,,,,,,,,,,,,,,,,,,,,
2,s0,299,,,,,,,,,,,,,,,,,,,,,,,,,,,,,,,,,,,,,,,,,,,,,,,,,,,,,,,,,,
2,s0,299,,,,,,,,,,,,,,,,,,,,,,,,,,,,,,,,,,,,,,,,,,,,,,,,,,,,,,,,,,
2,s0,56,m0,1,c0,5,c1,237,,,,,,,,,,,,,,,,,,,,,,,,,,,,,,,,,,,,,,,,,,,,,,,,,,,,
2,s0,42,m0,1,c0,1,s0,91,m0,1,c0,1,s0,43,c0,119,,,,,,,,,,,,,,,,,,,,,,,,,,,,,,,,,,,,,,,,,,,,
2,s0,102,c0,1,s0,1,c0,1,s0,18,s1,64,s2,15,m2,1,c2,96,,,,,,,,,,,,,,,,,,,,,,,,,,,,,,,,,,,,,,,,,,
2,s0,114,m0,1,c0,1,s0,35,s1,16,s2,20,s3,97,c3,15,,,,,,,,,,,,,,,,,,,,,,,,,,,,,,,,,,,,,,,,,,,,
2,s0,299,,,,,,,,,,,,,,,,,,,,,,,,,,,,,,,,,,,,,,,,,,,,,,,,,,,,,,,,,,
2,s0,48,c0,1,s0,27,c0,15,c1,79,c2,54,c3,75,,,,,,,,,,,,,,,,,,,,,,,,,,,,,,,,,,,,,,,,,,,,,,
2,s0,73,c0,70,c1,36,c2,83,c3,37,,,,,,,,,,,,,,,,,,,,,,,,,,,,,,,,,,,,,,,,,,,,,,,,,,
2,s0,299,,,,,,,,,,,,,,,,,,,,,,,,,,,,,,,,,,,,,,,,,,,,,,,,,,,,,,,,,,
2,s0,56,s1,15,s2,11,s3,21,s4,196,,,,,,,,,,,,,,,,,,,,,,,,,,,,,,,,,,,,,,,,,,,,,,,,,,
2,s0,112,m0,1,c0,8,c1,178,,,,,,,,,,,,,,,,,,,,,,,,,,,,,,,,,,,,,,,,,,,,,,,,,,,,
2,s0,73,s1,15,s2,7,s3,50,s4,154,,,,,,,,,,,,,,,,,,,,,,,,,,,,,,,,,,,,,,,,,,,,,,,,,,
2,s0,60,m0,1,c0,1,s0,30,m0,1,c0,206,,,,,,,,,,,,,,,,,,,,,,,,,,,,,,,,,,,,,,,,,,,,,,,,
2,s0,41,m0,1,c0,5,c1,18,c2,234,,,,,,,,,,,,,,,,,,,,,,,,,,,,,,,,,,,,,,,,,,,,,,,,,,
2,s0,82,m0,1,c0,216,,,,,,,,,,,,,,,,,,,,,,,,,,,,,,,,,,,,,,,,,,,,,,,,,,,,,,
2,s0,10,m0,1,c0,4,c1,16,c2,27,c3,241,,,,,,,,,,,,,,,,,,,,,,,,,,,,,,,,,,,,,,,,,,,,,,,,
2,s0,25,c0,1,s0,134,s1,8,c1,1,s1,48,m1,2,c1,8,c2,72,,,,,,,,,,,,,,,,,,,,,,,,,,,,,,,,,,,,,,,,,,
2,s0,171,c0,69,c1,18,c2,27,c3,14,,,,,,,,,,,,,,,,,,,,,,,,,,,,,,,,,,,,,,,,,,,,,,,,,,
2,s0,279,m0,1,c0,19,,,,,,,,,,,,,,,,,,,,,,,,,,,,,,,,,,,,,,,,,,,,,,,,,,,,,,
2,s0,87,s1,33,c1,179,,,,,,,,,,,,,,,,,,,,,,,,,,,,,,,,,,,,,,,,,,,,,,,,,,,,,,
2,s0,105,s1,132,c1,24,c2,38,,,,,,,,,,,,,,,,,,,,,,,,,,,,,,,,,,,,,,,,,,,,,,,,,,,,
2,s0,68,c0,1,s0,12,s1,25,s2,15,c2,178,,,,,,,,,,,,,,,,,,,,,,,,,,,,,,,,,,,,,,,,,,,,,,,,
2,s0,299,,,,,,,,,,,,,,,,,,,,,,,,,,,,,,,,,,,,,,,,,,,,,,,,,,,,,,,,,,
2,s0,79,c0,220,,,,,,,,,,,,,,,,,,,,,,,,,,,,,,,,,,,,,,,,,,,,,,,,,,,,,,,,
2,s0,67,c0,1,s0,20,c0,16,c1,35,c2,160,,,,,,,,,,,,,,,,,,,,,,,,,,,,,,,,,,,,,,,,,,,,,,,,
2,s0,299,,,,,,,,,,,,,,,,,,,,,,,,,,,,,,,,,,,,,,,,,,,,,,,,,,,,,,,,,,
2,s0,59,m0,1,c0,1,s0,73,m0,1,c0,1,s0,4,c0,1,s0,16,c0,1,s0,19,s1,17,m1,1,c1,1,s1,45,c1,1,s1,1,c1,56,,,,,,,,,,,,,,,,,,,,,,,,
2,s0,68,c0,1,s0,16,c0,214,,,,,,,,,,,,,,,,,,,,,,,,,,,,,,,,,,,,,,,,,,,,,,,,,,,,
2,s0,27,c0,1,s0,15,s1,36,s2,30,s3,98,c3,92,,,,,,,,,,,,,,,,,,,,,,,,,,,,,,,,,,,,,,,,,,,,,,
2,s0,47,c0,1,s0,22,c0,229,,,,,,,,,,,,,,,,,,,,,,,,,,,,,,,,,,,,,,,,,,,,,,,,,,,,
2,s0,31,c0,2,c1,160,c2,106,,,,,,,,,,,,,,,,,,,,,,,,,,,,,,,,,,,,,,,,,,,,,,,,,,,,
2,s0,299,,,,,,,,,,,,,,,,,,,,,,,,,,,,,,,,,,,,,,,,,,,,,,,,,,,,,,,,,,
2,s0,59,m0,1,c0,68,c1,38,c2,133,,,,,,,,,,,,,,,,,,,,,,,,,,,,,,,,,,,,,,,,,,,,,,,,,,
2,s0,88,m0,1,c0,23,c1,18,c2,169,,,,,,,,,,,,,,,,,,,,,,,,,,,,,,,,,,,,,,,,,,,,,,,,,,
2,s0,299,,,,,,,,,,,,,,,,,,,,,,,,,,,,,,,,,,,,,,,,,,,,,,,,,,,,,,,,,,
2,s0,18,s1,24,s2,47,s3,113,c3,97,,,,,,,,,,,,,,,,,,,,,,,,,,,,,,,,,,,,,,,,,,,,,,,,,,
2,s0,99,m0,1,c0,199,,,,,,,,,,,,,,,,,,,,,,,,,,,,,,,,,,,,,,,,,,,,,,,,,,,,,,
2,s0,41,m0,1,c0,10,c1,30,c2,217,,,,,,,,,,,,,,,,,,,,,,,,,,,,,,,,,,,,,,,,,,,,,,,,,,
2,s0,299,,,,,,,,,,,,,,,,,,,,,,,,,,,,,,,,,,,,,,,,,,,,,,,,,,,,,,,,,,
2,s0,223,c0,76,,,,,,,,,,,,,,,,,,,,,,,,,,,,,,,,,,,,,,,,,,,,,,,,,,,,,,,,
2,s0,31,s1,29,c1,12,c2,23,c3,101,c4,103,,,,,,,,,,,,,,,,,,,,,,,,,,,,,,,,,,,,,,,,,,,,,,,,
2,s0,85,c0,1,s0,2,s1,20,c1,191,,,,,,,,,,,,,,,,,,,,,,,,,,,,,,,,,,,,,,,,,,,,,,,,,,
2,s0,169,m0,1,c0,19,c1,40,c2,70,,,,,,,,,,,,,,,,,,,,,,,,,,,,,,,,,,,,,,,,,,,,,,,,,,
2,s0,68,c0,231,,,,,,,,,,,,,,,,,,,,,,,,,,,,,,,,,,,,,,,,,,,,,,,,,,,,,,,,
2,s0,30,c0,143,c1,126,,,,,,,,,,,,,,,,,,,,,,,,,,,,,,,,,,,,,,,,,,,,,,,,,,,,,,
2,s0,48,s2,147,c2,33,c3,71,,,,,,,,,,,,,,,,,,,,,,,,,,,,,,,,,,,,,,,,,,,,,,,,,,,,
2,s0,135,m0,1,c0,80,c1,83,,,,,,,,,,,,,,,,,,,,,,,,,,,,,,,,,,,,,,,,,,,,,,,,,,,,
2,s0,55,c0,1,s0,2,c0,47,c1,41,c2,153,,,,,,,,,,,,,,,,,,,,,,,,,,,,,,,,,,,,,,,,,,,,,,,,
2,s0,71,s1,19,c1,1,s1,21,c1,1,s1,49,m1,1,c1,1,s1,68,c1,67,,,,,,,,,,,,,,,,,,,,,,,,,,,,,,,,,,,,,,,,
2,s0,96,m0,1,c0,202,,,,,,,,,,,,,,,,,,,,,,,,,,,,,,,,,,,,,,,,,,,,,,,,,,,,,,
2,s0,85,c0,1,s0,18,c0,1,s0,15,s1,2,m1,1,c1,1,s1,56,c1,47,c2,72,,,,,,,,,,,,,,,,,,,,,,,,,,,,,,,,,,,,,,
2,s0,132,c0,1,s0,9,c0,157,,,,,,,,,,,,,,,,,,,,,,,,,,,,,,,,,,,,,,,,,,,,,,,,,,,,
2,s0,299,,,,,,,,,,,,,,,,,,,,,,,,,,,,,,,,,,,,,,,,,,,,,,,,,,,,,,,,,,
2,s0,41,c0,86,c1,33,c2,139,,,,,,,,,,,,,,,,,,,,,,,,,,,,,,,,,,,,,,,,,,,,,,,,,,,,
2,s0,82,m0,1,c0,7,c1,45,c2,164,,,,,,,,,,,,,,,,,,,,,,,,,,,,,,,,,,,,,,,,,,,,,,,,,,
2,s0,99,c0,1,s0,134,c0,65,,,,,,,,,,,,,,,,,,,,,,,,,,,,,,,,,,,,,,,,,,,,,,,,,,,,
2,s0,20,c0,9,c1,270,,,,,,,,,,,,,,,,,,,,,,,,,,,,,,,,,,,,,,,,,,,,,,,,,,,,,,
2,s0,234,c0,1,s0,21,c0,43,,,,,,,,,,,,,,,,,,,,,,,,,,,,,,,,,,,,,,,,,,,,,,,,,,,,
2,s0,103,m0,1,c0,1,s0,99,m0,1,c0,94,,,,,,,,,,,,,,,,,,,,,,,,,,,,,,,,,,,,,,,,,,,,,,,,
2,s0,299,,,,,,,,,,,,,,,,,,,,,,,,,,,,,,,,,,,,,,,,,,,,,,,,,,,,,,,,,,
2,s0,114,c0,1,s0,28,c0,1,s0,17,s1,32,s2,31,m2,1,c2,1,s2,16,c2,1,s2,12,c2,44,,,,,,,,,,,,,,,,,,,,,,,,,,,,,,,,,,
2,s0,125,m0,1,c0,56,c1,22,c2,95,,,,,,,,,,,,,,,,,,,,,,,,,,,,,,,,,,,,,,,,,,,,,,,,,,
2,s0,197,c0,1,s0,5,s1,5,c1,91,,,,,,,,,,,,,,,,,,,,,,,,,,,,,,,,,,,,,,,,,,,,,,,,,,
2,s0,77,m0,1,c0,16,c1,30,c2,36,c3,139,,,,,,,,,,,,,,,,,,,,,,,,,,,,,,,,,,,,,,,,,,,,,,,,
2,s0,82,c0,1,s0,4,c0,14,c1,198,,,,,,,,,,,,,,,,,,,,,,,,,,,,,,,,,,,,,,,,,,,,,,,,,,
2,s0,204,c0,95,,,,,,,,,,,,,,,,,,,,,,,,,,,,,,,,,,,,,,,,,,,,,,,,,,,,,,,,
2,s0,299,,,,,,,,,,,,,,,,,,,,,,,,,,,,,,,,,,,,,,,,,,,,,,,,,,,,,,,,,,
2,s0,39,c0,1,s0,55,c0,6,c1,198,,,,,,,,,,,,,,,,,,,,,,,,,,,,,,,,,,,,,,,,,,,,,,,,,,
2,s0,73,m0,1,c0,4,c1,11,c2,210,,,,,,,,,,,,,,,,,,,,,,,,,,,,,,,,,,,,,,,,,,,,,,,,,,
2,s0,66,c0,1,s0,15,c0,1,s0,35,m0,1,c0,1,s0,31,c0,1,s0,12,c0,61,c1,74,,,,,,,,,,,,,,,,,,,,,,,,,,,,,,,,,,,,
2,s0,59,c0,1,s0,3,c0,236,,,,,,,,,,,,,,,,,,,,,,,,,,,,,,,,,,,,,,,,,,,,,,,,,,,,
2,s0,159,m0,1,c0,1,s0,18,s1,17,m1,1,c1,102,,,,,,,,,,,,,,,,,,,,,,,,,,,,,,,,,,,,,,,,,,,,,,
2,s0,299,,,,,,,,,,,,,,,,,,,,,,,,,,,,,,,,,,,,,,,,,,,,,,,,,,,,,,,,,,
2,s0,139,c0,1,s0,9,c0,150,,,,,,,,,,,,,,,,,,,,,,,,,,,,,,,,,,,,,,,,,,,,,,,,,,,,
2,s0,39,s1,36,c1,8,c2,40,c3,90,c4,86,,,,,,,,,,,,,,,,,,,,,,,,,,,,,,,,,,,,,,,,,,,,,,,,
2,s0,40,m0,1,c0,1,s0,49,s1,42,m1,1,c1,165,,,,,,,,,,,,,,,,,,,,,,,,,,,,,,,,,,,,,,,,,,,,,,
2,s0,10,s2,19,s3,19,s4,30,c4,221,,,,,,,,,,,,,,,,,,,,,,,,,,,,,,,,,,,,,,,,,,,,,,,,,,
2,s0,18,c0,1,s0,25,s1,50,c1,13,c2,192,,,,,,,,,,,,,,,,,,,,,,,,,,,,,,,,,,,,,,,,,,,,,,,,
2,s0,24,s2,42,c2,233,,,,,,,,,,,,,,,,,,,,,,,,,,,,,,,,,,,,,,,,,,,,,,,,,,,,,,
2,s0,29,c0,1,s0,1,c0,1,s0,4,s1,22,s2,70,m2,1,c2,1,s2,33,c2,1,s2,9,s3,23,c3,1,s3,5,s4,29,c4,68,,,,,,,,,,,,,,,,,,,,,,,,,,
2,s0,56,c0,243,,,,,,,,,,,,,,,,,,,,,,,,,,,,,,,,,,,,,,,,,,,,,,,,,,,,,,,,
2,s0,299,,,,,,,,,,,,,,,,,,,,,,,,,,,,,,,,,,,,,,,,,,,,,,,,,,,,,,,,,,
2,s0,32,c0,1,s0,1,c0,18,c1,31,c2,216,,,,,,,,,,,,,,,,,,,,,,,,,,,,,,,,,,,,,,,,,,,,,,,,
2,s0,3,c0,67,c1,229,,,,,,,,,,,,,,,,,,,,,,,,,,,,,,,,,,,,,,,,,,,,,,,,,,,,,,
2,s0,23,c0,9,c1,33,c2,45,c3,189,,,,,,,,,,,,,,,,,,,,,,,,,,,,,,,,,,,,,,,,,,,,,,,,,,
2,s0,299,,,,,,,,,,,,,,,,,,,,,,,,,,,,,,,,,,,,,,,,,,,,,,,,,,,,,,,,,,
2,s0,82,m0,1,c0,14,c1,87,c2,115,,,,,,,,,,,,,,,,,,,,,,,,,,,,,,,,,,,,,,,,,,,,,,,,,,
2,s0,299,,,,,,,,,,,,,,,,,,,,,,,,,,,,,,,,,,,,,,,,,,,,,,,,,,,,,,,,,,
2,s0,299,,,,,,,,,,,,,,,,,,,,,,,,,,,,,,,,,,,,,,,,,,,,,,,,,,,,,,,,,,
2,s0,25,c0,2,c1,32,c2,12,c3,47,c4,181,,,,,,,,,,,,,,,,,,,,,,,,,,,,,,,,,,,,,,,,,,,,,,,,
2,s0,19,s1,49,s2,4,c2,16,c3,17,c4,194,,,,,,,,,,,,,,,,,,,,,,,,,,,,,,,,,,,,,,,,,,,,,,,,
2,s0,299,,,,,,,,,,,,,,,,,,,,,,,,,,,,,,,,,,,,,,,,,,,,,,,,,,,,,,,,,,
2,s0,62,m0,1,c0,18,c1,218,,,,,,,,,,,,,,,,,,,,,,,,,,,,,,,,,,,,,,,,,,,,,,,,,,,,
2,s0,187,m0,1,c0,1,s0,24,m0,1,c0,85,,,,,,,,,,,,,,,,,,,,,,,,,,,,,,,,,,,,,,,,,,,,,,,,
2,s0,299,,,,,,,,,,,,,,,,,,,,,,,,,,,,,,,,,,,,,,,,,,,,,,,,,,,,,,,,,,
2,s0,71,c0,228,,,,,,,,,,,,,,,,,,,,,,,,,,,,,,,,,,,,,,,,,,,,,,,,,,,,,,,,
2,s0,43,c0,1,s0,42,c0,5,c1,208,,,,,,,,,,,,,,,,,,,,,,,,,,,,,,,,,,,,,,,,,,,,,,,,,,
2,s0,38,m0,1,c0,260,,,,,,,,,,,,,,,,,,,,,,,,,,,,,,,,,,,,,,,,,,,,,,,,,,,,,,
2,s0,299,,,,,,,,,,,,,,,,,,,,,,,,,,,,,,,,,,,,,,,,,,,,,,,,,,,,,,,,,,
2,s0,299,,,,,,,,,,,,,,,,,,,,,,,,,,,,,,,,,,,,,,,,,,,,,,,,,,,,,,,,,,
2,s0,72,c0,227,,,,,,,,,,,,,,,,,,,,,,,,,,,,,,,,,,,,,,,,,,,,,,,,,,,,,,,,
2,s0,299,,,,,,,,,,,,,,,,,,,,,,,,,,,,,,,,,,,,,,,,,,,,,,,,,,,,,,,,,,
2,s0,89,c0,1,s0,103,s1,7,c1,99,,,,,,,,,,,,,,,,,,,,,,,,,,,,,,,,,,,,,,,,,,,,,,,,,,
2,s0,299,,,,,,,,,,,,,,,,,,,,,,,,,,,,,,,,,,,,,,,,,,,,,,,,,,,,,,,,,,
2,s0,42,c0,1,s0,40,s1,18,c1,198,,,,,,,,,,,,,,,,,,,,,,,,,,,,,,,,,,,,,,,,,,,,,,,,,,
2,s0,149,m0,1,c0,1,s0,14,s1,37,m1,1,c1,96,,,,,,,,,,,,,,,,,,,,,,,,,,,,,,,,,,,,,,,,,,,,,,
2,s0,6,s1,67,c1,1,s1,12,c2,30,c3,183,,,,,,,,,,,,,,,,,,,,,,,,,,,,,,,,,,,,,,,,,,,,,,,,
2,s0,69,s1,32,c1,1,s1,5,c1,1,s1,191,,,,,,,,,,,,,,,,,,,,,,,,,,,,,,,,,,,,,,,,,,,,,,,,
2,s0,84,c1,33,c2,182,,,,,,,,,,,,,,,,,,,,,,,,,,,,,,,,,,,,,,,,,,,,,,,,,,,,,,
2,s0,63,c0,1,s0,4,c0,231,,,,,,,,,,,,,,,,,,,,,,,,,,,,,,,,,,,,,,,,,,,,,,,,,,,,
2,s0,83,c0,1,s0,8,s1,12,c1,1,s1,3,s3,13,m3,1,c3,24,c4,153,,,,,,,,,,,,,,,,,,,,,,,,,,,,,,,,,,,,,,,,
2,s0,43,c0,1,s0,1,c0,1,s0,59,s1,46,s2,37,s3,39,s4,72,,,,,,,,,,,,,,,,,,,,,,,,,,,,,,,,,,,,,,,,,,
2,s0,116,m0,183,,,,,,,,,,,,,,,,,,,,,,,,,,,,,,,,,,,,,,,,,,,,,,,,,,,,,,,,
2,s0,43,c0,1,s0,19,c0,6,c1,40,c2,190,,,,,,,,,,,,,,,,,,,,,,,,,,,,,,,,,,,,,,,,,,,,,,,,
2,s0,299,,,,,,,,,,,,,,,,,,,,,,,,,,,,,,,,,,,,,,,,,,,,,,,,,,,,,,,,,,
2,s0,93,s1,78,c1,42,c2,86,,,,,,,,,,,,,,,,,,,,,,,,,,,,,,,,,,,,,,,,,,,,,,,,,,,,
2,s0,168,m0,1,c0,21,c1,109,,,,,,,,,,,,,,,,,,,,,,,,,,,,,,,,,,,,,,,,,,,,,,,,,,,,
2,s0,24,c0,49,c1,226,,,,,,,,,,,,,,,,,,,,,,,,,,,,,,,,,,,,,,,,,,,,,,,,,,,,,,
2,s0,97,m0,1,c0,201,,,,,,,,,,,,,,,,,,,,,,,,,,,,,,,,,,,,,,,,,,,,,,,,,,,,,,
2,s0,33,c0,266,,,,,,,,,,,,,,,,,,,,,,,,,,,,,,,,,,,,,,,,,,,,,,,,,,,,,,,,
2,s0,148,c0,1,s0,11,c0,139,,,,,,,,,,,,,,,,,,,,,,,,,,,,,,,,,,,,,,,,,,,,,,,,,,,,
2,s0,87,c0,1,s0,19,c0,1,s0,63,m0,1,c0,1,s0,64,c0,1,s0,37,c0,6,c1,18,,,,,,,,,,,,,,,,,,,,,,,,,,,,,,,,,,,,
2,s0,108,m0,1,c0,1,s0,17,s1,6,c1,166,,,,,,,,,,,,,,,,,,,,,,,,,,,,,,,,,,,,,,,,,,,,,,,,
2,s0,67,m0,1,c0,54,c1,114,c2,63,,,,,,,,,,,,,,,,,,,,,,,,,,,,,,,,,,,,,,,,,,,,,,,,,,
2,s0,96,s1,3,m1,1,c1,199,,,,,,,,,,,,,,,,,,,,,,,,,,,,,,,,,,,,,,,,,,,,,,,,,,,,
2,s0,299,,,,,,,,,,,,,,,,,,,,,,,,,,,,,,,,,,,,,,,,,,,,,,,,,,,,,,,,,,
2,s0,299,,,,,,,,,,,,,,,,,,,,,,,,,,,,,,,,,,,,,,,,,,,,,,,,,,,,,,,,,,
